exp_name,task_type,hashed_id,joint_id_task,task_name,task_number,attempt_number,num_actions,solved,test_output_grid,first_written_solution,last_written_solution,complete,normalized_num_actions
pilot,training,e7991fb1319e21785e67a474d48dae84,e7991fb1319e21785e67a474d48dae84_dc433765.json,dc433765.json,5,1,20,true,|00000000000|00000000000|00000000000|00030000000|00000000000|00000000000|00000000000|00000000000|00040000000|00000000000|00000000000|,"Do not copy input, move green input one square towards the yellow input square.","Do not copy input, move green input one square towards the yellow input square.",true,1.728395
expv0,training,9a0d9fcb2f0772dd8ac4d42605f1d866,9a0d9fcb2f0772dd8ac4d42605f1d866_31aa019c.json,31aa019c.json,8,1,46,true,|0000000000|0000000000|0000000000|0000000000|0000000000|0000222000|0000292000|0000222000|0000000000|0000000000|,"eliminate all the tiles except the one lonely color, then highlight it with red.","eliminate all the tiles except the one lonely color, then highlight it with red.",true,1.601266
expv3,training,6449a5a210666d1a098474643a30c4dc,6449a5a210666d1a098474643a30c4dc_ba26e723.json,ba26e723.json,1,1,48,true,|04060404060404060|64464464464464464|60404060404060404|,Replace the yellows with pink in the first column and in every third column after that.,Replace the yellows with pink in the first column and in every third column after that.,true,1.553957
expv3,training,f1a97fbdf77fb8b3405e227a737ea73e,f1a97fbdf77fb8b3405e227a737ea73e_d89b689b.json,d89b689b.json,2,1,35,true,|0000000000|0000000000|0000000000|0000000000|0000340000|0000670000|0000000000|0000000000|0000000000|0000000000|,input the closest  color into the middle box and delete the exterior boxes,input the closest  color into the middle box and delete the exterior boxes,true,1.757991
expv3,training,9bbba0489030f0b9fbd8e8d4cc87ea79,9bbba0489030f0b9fbd8e8d4cc87ea79_9f236235.json,9f236235.json,2,1,35,true,|1131|0030|2032|0030|,mirror the grid and remove the blue lines,mirror the grid and remove the blue lines,true,1.562500
expv3,training,f1a97fbdf77fb8b3405e227a737ea73e,f1a97fbdf77fb8b3405e227a737ea73e_9af7a82c.json,9af7a82c.json,4,1,61,true,|18234|18230|18200|18000|10000|10000|,stacking by most of a color from left to right,stacking by most of a color from left to right,true,1.955128
expv3,training,9fc042903ad51212617dac008b33e52f,9fc042903ad51212617dac008b33e52f_5168d44c.json,5168d44c.json,2,1,66,true,|00000000000000000|00000000000000000|00000000000000000|00000000022200000|30303030323230303|00000000022200000|00000000000000000|,The red square is shifted two squares in the direct of the green line.,The red square is shifted two squares in the direct of the green line.,true,1.760000
expv3,training,9a23174c113cfa3bee401d2ef6bb216a,9a23174c113cfa3bee401d2ef6bb216a_623ea044.json,623ea044.json,4,1,62,true,|00000600000000000|00000060000000000|00000006000000000|00000000600000006|00000000060000060|00000000006000600|00000000000606000|00000000000060000|00000000000606000|00000000006000600|00000000060000060|00000000600000006|00000006000000000|00000060000000000|00000600000000000|00006000000000000|00060000000000000|,go up and down diagonally from the starting square.,go up and down diagonally from the starting square.,true,1.523629
expv3,training,12f4faec8a555fad73d7e8196bf1f85b,12f4faec8a555fad73d7e8196bf1f85b_a699fb00.json,a699fb00.json,2,1,27,true,|0121000000|0000000000|0012121210|0000000000|0121000000|0000012100|0000000000|0001210000|0000000000|0000000000|,recreate the blue positions. fill in with red,recreate the blue positions. fill in with red,true,1.636364
expv3,training,3c709e4bca3db77f2b9cbac235be2acc,3c709e4bca3db77f2b9cbac235be2acc_7df24a62.json,7df24a62.json,2,1,100,true,|00000000011111000000000|00000400014111000000000|00000000011111000000000|00000040014141000000000|00040000011111000000000|00000000000000400000000|00000000000000000000000|00000000000000000000000|00111110004000000000000|00111410000000000004000|00111110400004000000000|00141410000000000040000|00111110000040000000000|00000000000000000000000|00000000000000000000000|00000000000000000000000|40000004000000000040000|00000000000000000000000|00000000000000000004000|00000111110000000000000|00000141410000000000000|00000111110000000000040|04000141110000000000000|,Find the same pattern in the initial blue box and draw blue boxes all around the same pattern found on the grid.,Find the same pattern in the initial blue box and draw blue boxes all around the same pattern found on the grid.,true,1.655629
expv3,training,3c709e4bca3db77f2b9cbac235be2acc,3c709e4bca3db77f2b9cbac235be2acc_7e0986d6.json,7e0986d6.json,3,1,99,true,|00000000000055550|00000000000055550|05555555500055550|05555555500055550|05555555500055550|05555555500055550|05555555500055550|05555555500000000|00000000000000000|00000000000000000|00000055555500000|00000055555500000|,Copy the solid blocks over to the test output and get rid of the random-colored squares.,Copy the solid blocks over to the test output and get rid of the random-colored squares.,true,1.659218
expv3,training,eae4bd2fe6982ce0269fdb9aacd93dea,eae4bd2fe6982ce0269fdb9aacd93dea_c909285e.json,c909285e.json,4,1,98,true,|888888|822428|820408|844448|820408|888888|,Recreate the square of a different color (the one that stands out as different) from the pattern.,Recreate the square of a different color (the one that stands out as different) from the pattern.,true,1.618163
expv3,training,16cc2e4ab0e117ad863ecadbc77288f6,16cc2e4ab0e117ad863ecadbc77288f6_1c786137.json,1c786137.json,5,1,225,true,|208111010|810828128|820201181|018811818|018808020|088288888|802000088|028812002|,"Just copy the color pattern of whatever is inside the connected square of a single color. For example, in this case just copy the color patterns of what is inside the green square.","Just copy the color pattern of whatever is inside the connected square of a single color. For example, in this case just copy the color patterns of what is inside the green square.",true,2.234043
expv3_alt,training,02ed2ff9368185366c19610d39a48a43,02ed2ff9368185366c19610d39a48a43_f8c80d96.json,f8c80d96.json,5,1,95,true,|4444445545|5555545545|5555545545|4445545545|5545545545|5545545545|4445545545|5555545545|5555545545|4444445545|,right,right,true,2.489083
expv4,training,dfa58805c4c262273086ff03aa7b0daf,dfa58805c4c262273086ff03aa7b0daf_d06dbe63.json,d06dbe63.json,3,1,64,true,|0000000005000|0000000555000|0000000500000|0000055500000|0000050000000|0000080000000|0000050000000|0005550000000|0005000000000|0555000000000|0500000000000|5500000000000|0000000000000|,You start from the blue square and two grey boxes on top and bottom. Then it's 3 grey boxes until you reach the end.,You start from the blue square and two grey boxes on top and bottom. Then it's 3 grey boxes until you reach the end.,true,1.823362
expv4,training,eda259bc2c35ff153c1625c6ff45e5db,eda259bc2c35ff153c1625c6ff45e5db_90f3ed37.json,90f3ed37.json,1,1,43,true,|0000000000|0088888888|8800000000|0088888888|0000000000|0000000000|0000000000|0000000000|0008811111|8880000000|0008811111|0000000000|0000000000|0000000000|0000000000|,The output completes the pattern of the first shape onto the succeeding shapes in a dark blue color.,The output completes the pattern of the first shape onto the succeeding shapes in a dark blue color.,true,1.682609
expv4,training,287cf23755310bb9e8a3a2cf10eda058,287cf23755310bb9e8a3a2cf10eda058_85c4e7cd.json,85c4e7cd.json,2,1,224,true,|55555555555555|56666666666665|56777777777765|56733333333765|56734444443765|56734222243765|56734288243765|56734288243765|56734222243765|56734444443765|56733333333765|56777777777765|56666666666665|55555555555555|,It's something like a negative photo.  The colors are inverted.  The outer color is now the inner color.  The second outer color is now the second inner color. ,It's something like a negative photo.  The colors are inverted.  The outer color is now the inner color.  The second outer color is now the second inner color. ,true,2.321244
expv4,training,a4d6115ab99ef8d43ef67fcf30e8c944,a4d6115ab99ef8d43ef67fcf30e8c944_1c786137.json,1c786137.json,4,1,164,true,|208111010|810828128|820201181|018811818|018808020|088288888|802000088|028812002|,The border marks the exterior boundary of the output. The output is the pattern found within that border.,The border marks the exterior boundary of the output. The output is the pattern found within that border.,true,1.628369
expv4,training,a4d6115ab99ef8d43ef67fcf30e8c944,a4d6115ab99ef8d43ef67fcf30e8c944_1cf80156.json,1cf80156.json,5,1,35,true,|006666|006000|606000|666600|,The output are the squares that contain the shape or pattern of the colored squares in the larger square board.,The output are the squares that contain the shape or pattern of the colored squares in the larger square board.,true,1.684492
expv0,training,627649179882e0b0ec32bd350ca2024a,627649179882e0b0ec32bd350ca2024a_7ddcd7ec.json,7ddcd7ec.json,2,1,30,true,|0000000080|0000000800|0000008000|0000080000|0008800000|0008800000|0080080000|0800008000|8000000800|0000000080|,arms extended,arms extended,true,1.525424
expv0,training,627649179882e0b0ec32bd350ca2024a,627649179882e0b0ec32bd350ca2024a_a5313dff.json,a5313dff.json,4,1,55,true,|002222200|002111200|002111200|222222200|211120000|212120000|211122222|222220000|000020000|,blue in the enclosed areas,blue in the enclosed areas,true,1.788618
expv0,training,627649179882e0b0ec32bd350ca2024a,627649179882e0b0ec32bd350ca2024a_b8cdaf2b.json,b8cdaf2b.json,9,1,29,true,|000000000|000000000|000000000|000000000|200000002|020000020|002000200|000888000|888222888|,blocks of same middle lower color extend at diagonal form top middle blocks on ends,blocks of same middle lower color extend at diagonal form top middle blocks on ends,true,1.574661
expv0,training,8b9717aac8bb61039ed58c387e4fa250,8b9717aac8bb61039ed58c387e4fa250_3aa6fb7a.json,3aa6fb7a.json,1,1,35,true,|0000088|8800018|8100000|0008100|0008800|1800000|8800000|,Copy the input to the output but add the darker blue squares,Copy the input to the output but add the darker blue squares,true,2.139738
expv0,training,eba2a92544ddf47684572e689664bec9,eba2a92544ddf47684572e689664bec9_39a8645d.json,39a8645d.json,7,1,49,true,|020|222|220|,Output the most frequently appearing shape.,Output the most frequently appearing shape.,true,3.500000
expv0,training,08ac042547937929f95d827a01c90ec2,08ac042547937929f95d827a01c90ec2_a3325580.json,a3325580.json,1,1,39,true,|521|521|521|521|,The largest number of squares and how ever many equal them,The largest number of squares and how ever many equal them,true,1.668449
expv0,training,eba2a92544ddf47684572e689664bec9,eba2a92544ddf47684572e689664bec9_31aa019c.json,31aa019c.json,10,1,52,true,|0000000000|0000000000|0000000000|0000000000|0000000000|0000222000|0000292000|0000222000|0000000000|0000000000|,Draw a red square around the color that is only shown once in the first image and turn everything else black.,Draw a red square around the color that is only shown once in the first image and turn everything else black.,true,1.810127
expv0,training,08ac042547937929f95d827a01c90ec2,08ac042547937929f95d827a01c90ec2_7ddcd7ec.json,7ddcd7ec.json,5,1,44,true,|0000000080|0000000800|0000008000|0000080000|0008800000|0008800000|0080080000|0800008000|8000000800|0000000080|,Send out the extra squares as far as they can go ,Send out the extra squares as far as they can go ,true,2.237288
expv0,training,f779449edb30059d092d024ddf6819f3,f779449edb30059d092d024ddf6819f3_e179c5f4.json,e179c5f4.json,1,1,53,true,|81888|18888|81888|88188|88818|88881|88818|88188|81888|18888|,"In the examples, the grid width went up one size, my test input was 5. This told me to color the squares dark blue diagonally 5 times to the right, then another 5 to the left, until space ran out. The rest of the squares are colored light blue.","In the examples, the grid width went up one size, my test input was 5. This told me to color the squares dark blue diagonally 5 times to the right, then another 5 to the left, until space ran out. The rest of the squares are colored light blue.",true,1.509972
expv0,training,63dcb241b88d5ac635590dddbb2fb733,63dcb241b88d5ac635590dddbb2fb733_b94a9452.json,b94a9452.json,7,1,84,true,|888888|888888|883388|883388|888888|888888|,The color area is copied and the colors are inverted.,The color area is copied and the colors are inverted.,true,2.124138
expv0,training,468133debd1059f212dc2013d14d463d,468133debd1059f212dc2013d14d463d_f76d97a5.json,f76d97a5.json,7,1,50,true,|00030|03000|03303|00030|33300|,"The output is the same height and width as the input. The output has the same pattern as the input, but the gray squares from the input are turned into the other color from the input, and the other color squares from the input become black in the output.","The output is the same height and width as the input. The output has the same pattern as the input, but the gray squares from the input are turned into the other color from the input, and the other color squares from the input become black in the output.",true,2.011494
expv0,training,eea7c398992fe15d1e26fef397ad81c7,eea7c398992fe15d1e26fef397ad81c7_e179c5f4.json,e179c5f4.json,2,1,58,true,|81888|18888|81888|88188|88818|88881|88818|88188|81888|18888|,"I expanded the grid to the size of the test.  I filled in the blue on the bottom since that's shown in the 3 demos.  On the output 3, it looked like it was to continue on further on the zigzag so I filled it out to make it longer. ","I expanded the grid to the size of the test.  I filled in the blue on the bottom since that's shown in the 3 demos.  On the output 3, it looked like it was to continue on further on the zigzag so I filled it out to make it longer. ",true,1.652422
expv0,training,eea7c398992fe15d1e26fef397ad81c7,eea7c398992fe15d1e26fef397ad81c7_e5062a87.json,e5062a87.json,4,1,86,true,|0555055550|5550555505|2255550500|2255550555|2255522005|5500022555|0055022555|0555555022|5500555022|5050500522|,I looked for the pattern that I see in red into the test output.  I found 3 of the duplicates so I filled those in red.  It's what I saw in the patterns of the demos that were similar.  ,I looked for the pattern that I see in red into the test output.  I found 3 of the duplicates so I filled those in red.  It's what I saw in the patterns of the demos that were similar.  ,true,1.791667
expv0,training,16da963cc002d56a83eb8438e351bf05,16da963cc002d56a83eb8438e351bf05_31aa019c.json,31aa019c.json,5,1,47,true,|0000000000|0000000000|0000000000|0000000000|0000000000|0000222000|0000292000|0000222000|0000000000|0000000000|,Make a flower around the unique color,Make a flower around the unique color,true,1.636076
expv0,training,b9d3dceebe1c4fd1f649004aa37859ef,b9d3dceebe1c4fd1f649004aa37859ef_444801d8.json,444801d8.json,1,1,126,true,|4444400000|1141100000|1444100000|1444100000|1111100000|0000777770|0000117110|0000177710|0000177710|0000111110|,"Color all squares inside the blue shapes, and also the top line with the same color as the single square.","Color all squares inside the blue shapes, and also the top line with the same color as the single square.",true,2.380814
expv0,training,2b06355cea411af7a6fa212c90eb3c6d,2b06355cea411af7a6fa212c90eb3c6d_e5062a87.json,e5062a87.json,5,1,86,true,|0555055550|5550555505|2255550500|2255550555|2255522005|5500022555|0055022555|0555555022|5500555022|5050500522|,Replicate the orange box shape in as many spaces it will fit in the black boxes.,Replicate the orange box shape in as many spaces it will fit in the black boxes.,true,1.791667
expv0,training,7c3f0d5ec05185be127ab78876395426,7c3f0d5ec05185be127ab78876395426_f76d97a5.json,f76d97a5.json,1,1,50,true,|00030|03000|03303|00030|33300|,Inverse grey to green and grey to black.,Inverse grey to green and grey to black.,true,2.011494
expv0,training,7c3f0d5ec05185be127ab78876395426,7c3f0d5ec05185be127ab78876395426_228f6490.json,228f6490.json,3,1,89,true,|0055555002|2057775000|0055755000|0055555000|0055555002|0000020200|0000000000|0005555555|0205444555|2005555555|,Same shapes switch colors. Shapes of 2 blocks or less stay unchanged.,Same shapes switch colors. Shapes of 2 blocks or less stay unchanged.,true,2.335958
expv0,training,7c3f0d5ec05185be127ab78876395426,7c3f0d5ec05185be127ab78876395426_e5062a87.json,e5062a87.json,7,1,82,true,|0555055550|5550555505|2255550500|2255550555|2255522005|5500022555|0055022555|0555555022|5500555022|5050500522|,Any red shape turns red in the output.,Any red shape turns red in the output.,true,1.708333
expv0,training,0d8a3dc2d054aa91e655dd79de243fd7,0d8a3dc2d054aa91e655dd79de243fd7_a5313dff.json,a5313dff.json,7,1,55,true,|002222200|002111200|002111200|222222200|211120000|212120000|211122222|222220000|000020000|,reproduce grid size of input and reproduce red pattern exactly. fill blue in areas that are completely surrounded by red,reproduce grid size of input and reproduce red pattern exactly. fill blue in areas that are completely surrounded by red,true,1.788618
expv0,training,3a51fb2241834d80cd557f6649157744,3a51fb2241834d80cd557f6649157744_6773b310.json,6773b310.json,3,1,22,true,|001|011|100|,"The input can be considered a detailed map of the output, with each output square represented by the portions of the input grid divided by the grey-blue lines. Within each sector, there are two or one squares, with two squares translating to an ""on"" square on the output grid, and one translating to ""off"".","The input can be considered a detailed map of the output, with each output square represented by the portions of the input grid divided by the grey-blue lines. Within each sector, there are two or one squares, with two squares translating to an ""on"" square on the output grid, and one translating to ""off"".",true,2.022989
expv0,training,37289334396727fffe878187ca738a35,37289334396727fffe878187ca738a35_444801d8.json,444801d8.json,1,1,106,true,|4444400000|1141100000|1444100000|1444100000|1111100000|0000777770|0000117110|0000177710|0000177710|0000111110|,everything was the same,everything was the same,true,2.002907
expv0,training,b0b57f34f75c4b922e70f7e4a0b4ab94,b0b57f34f75c4b922e70f7e4a0b4ab94_31aa019c.json,31aa019c.json,8,1,45,true,|0000000000|0000000000|0000000000|0000000000|0000000000|0000222000|0000292000|0000222000|0000000000|0000000000|,"In  each original grid, there is one color that only appears once.  In the output grid, that one color is then surrounded by a red box.","In  each original grid, there is one color that only appears once.  In the output grid, that one color is then surrounded by a red box.",true,1.566456
expv0,training,2780ccc98ed0d1462225fa8fc5409508,2780ccc98ed0d1462225fa8fc5409508_3aa6fb7a.json,3aa6fb7a.json,2,1,38,true,|0000088|8800018|8100000|0008100|0008800|1800000|8800000|,Add on dark blue square to the light blue squres. ,Add on dark blue square to the light blue squres. ,true,2.323144
expv0,training,2780ccc98ed0d1462225fa8fc5409508,2780ccc98ed0d1462225fa8fc5409508_228f6490.json,228f6490.json,4,1,69,true,|0055555002|2057775000|0055755000|0055555000|0055555002|0000020200|0000000000|0005555555|0205444555|2005555555|,reverse the colors of the shapes in the middle fo the grey squares with same shape in the black squares,reverse the colors of the shapes in the middle fo the grey squares with same shape in the black squares,true,1.811024
expv0,training,9baa5e1962089a1d5e352dfda5c6d07c,9baa5e1962089a1d5e352dfda5c6d07c_b8cdaf2b.json,b8cdaf2b.json,6,1,28,true,|000000000|000000000|000000000|000000000|200000002|020000020|002000200|000888000|888222888|,"The original grid is replicated, then diagonal lines in the minority color are added that extend to the edge of the grid.","The original grid is replicated, then diagonal lines in the minority color are added that extend to the edge of the grid.",true,1.520362
expv0,training,9baa5e1962089a1d5e352dfda5c6d07c,9baa5e1962089a1d5e352dfda5c6d07c_a5313dff.json,a5313dff.json,9,1,61,true,|002222200|002111200|002111200|222222200|211120000|212120000|211122222|222220000|000020000|,The grid was replicated and any interior tiles were filled in with blue.,The grid was replicated and any interior tiles were filled in with blue.,true,1.983740
expv0,training,499fe86be021ad18e2fd5bbe9ddcb03b,499fe86be021ad18e2fd5bbe9ddcb03b_e179c5f4.json,e179c5f4.json,3,1,58,true,|81888|18888|81888|88188|88818|88881|88818|88188|81888|18888|,"Starting from dark blue block provided as input, have one dark blue block touch one corner of another dark blue block on each row and make all other blocks light blue.","Starting from dark blue block provided as input, have one dark blue block touch one corner of another dark blue block on each row and make all other blocks light blue.",true,1.652422
expv0,training,19f69ac203258689f6823e2c49cea6b7,19f69ac203258689f6823e2c49cea6b7_b94a9452.json,b94a9452.json,3,1,61,true,|888888|888888|883388|883388|888888|888888|,The colored square is taken out of the big grid and the colors are reversed.,The colored square is taken out of the big grid and the colors are reversed.,true,1.542529
expv4,training,5c8a3bdd860e01aa97ef1f87d066b48d,5c8a3bdd860e01aa97ef1f87d066b48d_f2829549.json,f2829549.json,4,1,62,true,|303|000|033|000|,"The grid is 3 width, 4 height. The input grid is two 3x4 sections, divided by a blue column. All of the colored cells in each section of the input grid will be black in their corresponding position in the output grid. The rest of the cells will be green.","The grid is 3 width, 4 height. The input grid is two 3x4 sections, divided by a blue column. All of the colored cells in each section of the input grid will be black in their corresponding position in the output grid. The rest of the cells will be green.",true,2.619718
expv4,training,e20942a7d663d1095023069cd46105ee,e20942a7d663d1095023069cd46105ee_29623171.json,29623171.json,1,1,46,true,|44450005000|44450005000|44450005000|55555555555|00050005000|00050005000|00050005000|55555555555|00054445000|00054445000|00054445000|,Which ever square has the most of one color will be filled in completely while the others will be all black. If there is a tie then make both blocks all yellow.,Which ever square has the most of one color will be filled in completely while the others will be all black. If there is a tie then make both blocks all yellow.,true,1.495935
expv4,training,6026d2563d049de8566b85ce9dd27830,6026d2563d049de8566b85ce9dd27830_fcb5c309.json,fcb5c309.json,5,1,91,true,|88888888|80808008|80000008|80000008|80000008|80800008|80000808|88888888|,Only replicate the largest rectangle within the grid. Draw the border in the same color as the individual squares and then copy the pattern within the largest rectangle.,Only replicate the largest rectangle within the grid. Draw the border in the same color as the individual squares and then copy the pattern within the largest rectangle.,true,1.603524
expv4,training,7616f7967fd8192d44c0cff890abf99d,7616f7967fd8192d44c0cff890abf99d_ce602527.json,ce602527.json,4,1,49,true,|363|666|363|666|,very interest task,very interest task,true,1.665049
expv4,training,4effa90362bbbec9a32f480b8b4dd049,4effa90362bbbec9a32f480b8b4dd049_694f12f3.json,694f12f3.json,3,1,63,true,|4444440000|4222240000|4222240000|4222240000|4222240000|4444440000|0000000000|0000444444|0000411114|0000444444|,I created same size and place yellow blocks in same design but filled the centers with red for the larger shape and blue for the smaller shape,I created same size and place yellow blocks in same design but filled the centers with red for the larger shape and blue for the smaller shape,true,1.780919
pilotv2,training,0b565a53e11d471ed7ea2725448c2671,0b565a53e11d471ed7ea2725448c2671_4347f46a.json,4347f46a.json,3,1,93,true,|0000000000000000000|0888888000066660000|0800008000060060000|0888888000066660000|0000000000000000000|0044444400000000000|0040000400111111110|0040000400100000010|0040000400100000010|0040000400100000010|0040000400100000010|0044444400111111110|0000000000000000000|0000033333000000000|0000030003000000000|0000033333000000000|0000000000000000000|,The rule is to recreate all the rectangles but make them empty on the inside so they are just a border.,The rule is to recreate all the rectangles but make them empty on the inside so they are just a border.,true,1.547850
pilotv2,training,0b565a53e11d471ed7ea2725448c2671,0b565a53e11d471ed7ea2725448c2671_44d8ac46.json,44d8ac46.json,5,1,75,true,|000000000000|555550055550|522250055050|522250050050|522250050050|555550055550|000000000000|000000000000|005555550000|005000050000|005000050000|005555550000|,"You recreate the grey and fill some in with red, I can't figure out which.","You recreate the grey and fill some in with red, I can't figure out which.",true,3.000000
pilotv2,training,8668716ad0e431ad4d96ad428e3e7a43,8668716ad0e431ad4d96ad428e3e7a43_ec883f72.json,ec883f72.json,3,1,42,true,|000030440300|000030440300|000030440300|000030000300|000033333300|000400000040|004000000004|040000000000|400000000000|000000000000|000000000000|000000000000|,It looks like you just make the main boxes identical and you connect boxes of the same color as the inside area from the edges to the end of the graph,It looks like you just make the main boxes identical and you connect boxes of the same color as the inside area from the edges to the end of the graph,true,1.549180
pilotv2,training,8668716ad0e431ad4d96ad428e3e7a43,8668716ad0e431ad4d96ad428e3e7a43_ecdecbb3.json,ecdecbb3.json,4,1,137,true,|0000800000088800000|0008880000082822000|0228280000088800000|0008880000008000000|0000800000008000000|0000800000008000000|0000800000008000000|0008880000088800000|0008282222282800000|0008880000088800000|0000800000008000000|0000800000008000000|0000800000008000000|0000800000088800000|0000800000082822200|0000800000088800000|0000800000008000000|,It seems you connect the pink blocks to the vertical lines and make a 3x3 box around them with the light blue colors.,It seems you connect the pink blocks to the vertical lines and make a 3x3 box around them with the light blue colors.,true,1.932981
pilotv2,training,2509dc47b16a9e816dac2f90a989249d,2509dc47b16a9e816dac2f90a989249d_4347f46a.json,4347f46a.json,3,1,95,true,|0000000000000000000|0888888000066660000|0800008000060060000|0888888000066660000|0000000000000000000|0044444400000000000|0040000400111111110|0040000400100000010|0040000400100000010|0040000400100000010|0040000400100000010|0044444400111111110|0000000000000000000|0000033333000000000|0000030003000000000|0000033333000000000|0000000000000000000|,"I felt the rule was that all the squares needed to be placed in the same position on the test output with the same colors, but make them hollow inside.","I felt the rule was that all the squares needed to be placed in the same position on the test output with the same colors, but make them hollow inside.",true,1.581137
pilotv2,training,7128284d1b7e5361bcfcc07ad78af861,7128284d1b7e5361bcfcc07ad78af861_4347f46a.json,4347f46a.json,4,1,97,true,|0000000000000000000|0888888000066660000|0800008000060060000|0888888000066660000|0000000000000000000|0044444400000000000|0040000400111111110|0040000400100000010|0040000400100000010|0040000400100000010|0040000400100000010|0044444400111111110|0000000000000000000|0000033333000000000|0000030003000000000|0000033333000000000|0000000000000000000|,"I thought that I needed to hollow out all of the solid blocks, leaving the outline in colored blocks, but using black for all middle pieces.","I thought that I needed to hollow out all of the solid blocks, leaving the outline in colored blocks, but using black for all middle pieces.",true,1.614424
pilotv2,training,a938ac4a5d85ac41cf620a1ce6041488,a938ac4a5d85ac41cf620a1ce6041488_32597951.json,32597951.json,3,1,130,true,|10010010010010010|01001001001001001|00100100100100100|10010010010010010|01001001001001001|00100100100100100|10010010010010010|01001001001001001|00100100100100100|10010010010010010|01001001001001001|00100108388380100|10010018838830010|01001003883881001|00100108388380100|10010010010010010|01001001001001001|,neon green squares for overlap of object inside pattern,neon green squares for overlap of object inside pattern,true,2.385321
expv4,training,f34624f31c59ba22aba6bb8cfdae3696,f34624f31c59ba22aba6bb8cfdae3696_0b148d64.json,0b148d64.json,1,1,47,true,|111101|101011|110110|000111|111111|111111|,choose the only one with different color and remove all others,choose the only one with different color and remove all others,true,1.587838
expv4,training,f635054e59b7a899eac4864c468d0807,f635054e59b7a899eac4864c468d0807_d6ad076f.json,d6ad076f.json,2,1,72,true,|1111000000|1111000222|1111888222|1111888222|1111888222|1111888222|1111000222|1111000000|0000000000|0000000000|,"Recreate the test input colors, then connect them using light blue, leaving one row of black on each side.","Recreate the test input colors, then connect them using light blue, leaving one row of black on each side.",true,2.163090
expv4,training,e0079569eeece3b17904c44d08567130,e0079569eeece3b17904c44d08567130_6d75e8bb.json,6d75e8bb.json,3,1,58,true,|00000000000|00000000000|00822222200|00822288200|00828228200|00888228200|00888828800|00888888800|00000000000|,"Recreate the test input, then fill in the rectangle with orange.","Recreate the test input, then fill in the rectangle with orange.",true,1.955056
expv4,training,2a1e5044e12921b39732edc9df88d871,2a1e5044e12921b39732edc9df88d871_ff28f65a.json,ff28f65a.json,2,1,33,true,|101|010|000|,Am follow the instruction of example and then make it.,Am follow the instruction of example and then make it.,true,2.750000
expv4,training,e0ca23fc8608e4415494fa1dccea837c,e0ca23fc8608e4415494fa1dccea837c_25ff71a9.json,25ff71a9.json,2,1,18,true,|000|200|200|,I thought the rule to transform would be to shift the input one row down.,I thought the rule to transform would be to shift the input one row down.,true,2.097087
expv4,training,e0ca23fc8608e4415494fa1dccea837c,e0ca23fc8608e4415494fa1dccea837c_2dee498d.json,2dee498d.json,5,1,59,true,|02044|22044|02220|11022|11020|,At this point I am very confused but the rule seemed to be to replicated a repeating pattern.,At this point I am very confused but the rule seemed to be to replicated a repeating pattern.,true,2.138973
expv4,training,b26c49180b83bf949a81df13cdfe602a,b26c49180b83bf949a81df13cdfe602a_a8d7556c.json,a8d7556c.json,1,1,491,true,|220505005505555500|225505052205555055|500055052250505505|055505505502255055|555555500552200555|055550555052255050|550555555005005055|555500550555550550|505005550005555000|000050005555005055|505505550050555550|000550500550555555|055550050005555505|555555505555555225|550555050555505225|505555055000555505|052255555555555555|502200050505505500|,I quickly note the grid corectly.,I quickly note the grid corectly.,true,5.279570
expv4,training,e1d8dd7b600f5bfadfee6223e3837408,e1d8dd7b600f5bfadfee6223e3837408_8a004b2b.json,8a004b2b.json,1,1,173,true,|400000000000000004|000000000000000000|000088880000333300|000088880000333300|000088880000333300|000088880000333300|000011111111111100|000011111111111100|000011111111111100|000011111111111100|000000001111000000|000000001111000000|000000001111000000|400000001111000004|,Using the tool I make the correct size of the grid and mak the shells with given input.,Using the tool I make the correct size of the grid and mak the shells with given input.,true,1.525573
expv4,training,f889172bfc0984049bf129f81c9c9782,f889172bfc0984049bf129f81c9c9782_feca6190.json,feca6190.json,2,1,189,true,|00000000000000000000|00000000000000000006|00000000000000000067|00000000000000000678|00000000000000006789|00000000000000067890|00000000000000678900|00000000000006789000|00000000000067890000|00000000000678900000|00000000006789000000|00000000067890000000|00000000678900000000|00000006789000000000|00000067890000000000|00000678900000000000|00006789000000000000|00067890000000000000|00678900000000000000|06789000000000000000|,"The grid size changed based on the number of colors (not including black). Each color is worth 5 cells. The pattern then stars on the bottom left corner and extends to the upper right, diagonally. ","The grid size changed based on the number of colors (not including black). Each color is worth 5 cells. The pattern then stars on the bottom left corner and extends to the upper right, diagonally. ",true,1.540761
expv4,training,74e0343583874dca3876286177040eba,74e0343583874dca3876286177040eba_36d67576.json,36d67576.json,1,1,75,true,|000000000000000|000000000000000|001300000000000|004420000004410|004043000040430|000441000044200|000000000013000|000000000000000|000000000310000|144000002440000|340400034040000|024400014400000|003100000000000|000000000000000|,"From the examples it seems that the figure in the upper left quadrant of the grid is a kind of master figure which has to be replicated in the remaining three figures by rotating them and adding the colors so they match the master figure while still remaining rotated, which is what I attempted to do.","From the examples it seems that the figure in the upper left quadrant of the grid is a kind of master figure which has to be replicated in the remaining three figures by rotating them and adding the colors so they match the master figure while still remaining rotated, which is what I attempted to do.",true,1.807229
expv4,training,3817e82a9ea81f76b90a5e4013db2d67,3817e82a9ea81f76b90a5e4013db2d67_ce4f8723.json,ce4f8723.json,1,1,43,true,|3330|3030|0303|3330|,only the black squares that are common in both grids are black others alll are green as in example ,only the black squares that are common in both grids are black others alll are green as in example ,true,1.984615
expv4,training,3817e82a9ea81f76b90a5e4013db2d67,3817e82a9ea81f76b90a5e4013db2d67_c444b776.json,c444b776.json,2,1,142,true,|00000000040000000004000000000|00003000040000300004000030000|02000002040200000204020000020|03000002040300000204030000020|00002000040000200004000020000|00000000040000000004000000000|00600000040060000004006000000|00000000040000000004000000000|00000060040000006004000000600|44444444444444444444444444444|00000000040000000004000000000|00003000040000300004000030000|02000002040200000204020000020|03000002040300000204030000020|00002000040000200004000020000|00000000040000000004000000000|00600000040060000004006000000|00000000040000000004000000000|00000060040000006004000000600|,reproduce identically in all other grids as in example output ,reproduce identically in all other grids as in example output ,true,2.184615
expv4,training,3817e82a9ea81f76b90a5e4013db2d67,3817e82a9ea81f76b90a5e4013db2d67_d364b489.json,d364b489.json,4,1,74,true,|7160000071|0800000208|0002007160|0071600800|0008000000|2000000200|1600007160|8000000800|0000200000|0007160000|,surround every dark blue square with appropriate colors on four sides ,surround every dark blue square with appropriate colors on four sides ,true,1.620438
expv4,training,4a02b12fce78279ea513c415e6462caf,4a02b12fce78279ea513c415e6462caf_a8c38be5.json,a8c38be5.json,5,1,119,true,|335222544|355525554|555555555|155555551|115555511|155555551|555555555|655585557|665888577|,align the corners and edges of map with corresponding shapes. Fill table with grey. ,align the corners and edges of map with corresponding shapes. Fill table with grey. ,true,1.869110
expv4,training,dde1eb7fb6a928fc39e2d76f5382ce28,dde1eb7fb6a928fc39e2d76f5382ce28_496994bd.json,496994bd.json,1,1,44,true,|333333|555555|555555|000000|000000|000000|000000|555555|555555|333333|,"The rule is to repeat what was done on top on the bottom, like a mirrored image.","The rule is to repeat what was done on top on the bottom, like a mirrored image.",true,1.612565
expv4,training,dde1eb7fb6a928fc39e2d76f5382ce28,dde1eb7fb6a928fc39e2d76f5382ce28_6cf79266.json,6cf79266.json,2,1,244,true,|04044044400040444440|00440040440000444440|44400404040444444040|44040040000004440400|40044044444440440404|44004004444440044040|00041110444440404404|40441114400004400000|04441114440040444000|40004400400404440404|00040404440040444044|04400444400044444040|00400400400404400044|40440400444000044400|04444004040044044444|40044040400404040400|44040404400444111044|40111440440404111444|00111444404004111000|44111004400040404044|,Any area of 3x3 black squares gets filled in with blue.,Any area of 3x3 black squares gets filled in with blue.,true,3.896208
expv4,training,686ba5379a39f2329426d7083a36d408,686ba5379a39f2329426d7083a36d408_ba26e723.json,ba26e723.json,5,1,76,true,|04060404060404060|64464464464464464|60404060404060404|,too complicated task,too complicated task,true,2.460432
expv4,training,f680d67c21e6e051dc9f185a91c5be7b,f680d67c21e6e051dc9f185a91c5be7b_e9afcf9a.json,e9afcf9a.json,1,1,46,true,|626262|262626|,I tried to copy the alternating colors shown in the examples with the correct number of grids and correct colors shown in the test input.,I tried to copy the alternating colors shown in the examples with the correct number of grids and correct colors shown in the test input.,true,1.789474
expv4,training,f680d67c21e6e051dc9f185a91c5be7b,f680d67c21e6e051dc9f185a91c5be7b_ea786f4a.json,ea786f4a.json,3,1,114,true,|06666666660|60666666606|66066666066|66606660666|66660606666|66666066666|66660606666|66606660666|66066666066|60666666606|06666666660|,I tried to match the number of rows of cells and colors like in the test input. I tried to match the pattern in example 3.,I tried to match the number of rows of cells and colors like in the test input. I tried to match the pattern in example 3.,true,1.968127
expv4,training,8001bc67639613bacd700dab68c4b80b,8001bc67639613bacd700dab68c4b80b_5521c0d9.json,5521c0d9.json,3,1,133,true,|000000000000000|222200000000000|222200000000000|222204440000000|222204440000000|222204440000000|222204440000000|222204440000000|000004440000000|000000000011111|000000000011111|000000000011111|000000000000000|000000000000000|000000000000000|,move up how many vertical each shape is,move up how many vertical each shape is,true,1.636923
expv4,training,fa0c6503fa67b4fa104e76600499d70a,fa0c6503fa67b4fa104e76600499d70a_42a50994.json,42a50994.json,3,1,53,true,|03000000003003|30000003333003|30000030000000|00300000033300|00300000003000|00000000000000|00000000000000|00003300000000|00000000003300|00000000000000|00003030000000|00030300000000|00033303300000|30030030000030|30300000000300|30000300000000|00330030000033|,According to demo to join the grid.,According to demo to join the grid.,true,1.725581
expv4,training,fa0c6503fa67b4fa104e76600499d70a,fa0c6503fa67b4fa104e76600499d70a_4347f46a.json,4347f46a.json,4,1,96,true,|0000000000000000000|0888888000066660000|0800008000060060000|0888888000066660000|0000000000000000000|0044444400000000000|0040000400111111110|0040000400100000010|0040000400100000010|0040000400100000010|0040000400100000010|0044444400111111110|0000000000000000000|0000033333000000000|0000030003000000000|0000033333000000000|0000000000000000000|,I had to try this grid.,I had to try this grid.,true,1.597781
expv4,training,300d2de4dcac03fb59a1c0bc978fdc39,300d2de4dcac03fb59a1c0bc978fdc39_673ef223.json,673ef223.json,5,1,73,true,|000000000000|200000000000|288888884000|288888840000|200000000000|288840000000|200000000000|000000000000|000000000000|000000000000|000000000000|000000000000|000000000000|000000000000|000000000002|888888888882|888888888882|000000000002|888888888882|000000000002|000000000000|,well,well,true,1.577160
expv4,training,86a9cc9d4640c88ca884b3e6f0df6762,86a9cc9d4640c88ca884b3e6f0df6762_ea786f4a.json,ea786f4a.json,2,1,148,true,|06666666660|60666666606|66066666066|66606660666|66660606666|66666066666|66660606666|66606660666|66066666066|60666666606|06666666660|,EXAMPLE INPUT GIVE ME SOME DECISIONS.,EXAMPLE INPUT GIVE ME SOME DECISIONS.,true,2.555113
expv4,training,cca19671575d799eaff74baa67d2e9ea,cca19671575d799eaff74baa67d2e9ea_ce9e57f2.json,ce9e57f2.json,5,1,137,true,|000000000|020000000|020200000|020200000|020200000|020200000|080200020|080800020|080800020|080802080|080808080|,"The rule was to create the same pattern for the test output, but color, at most, half of the lower cells green.","The rule was to create the same pattern for the test output, but color, at most, half of the lower cells green.",true,2.537037
expv4,training,3bb342df31c0564962b0779781b1b302,3bb342df31c0564962b0779781b1b302_cdecee7f.json,cdecee7f.json,5,1,55,true,|529|453|961|,"Blocks from left to right are moved to the upper left corner and fill the first row. When the third column is reached the blocks wrap back, right to left. When the first column is reached, the blocks are then filled again from left to right.","Blocks from left to right are moved to the upper left corner and fill the first row. When the third column is reached the blocks wrap back, right to left. When the first column is reached, the blocks are then filled again from left to right.",true,1.729560
expv4,training,396300bdc680f5cb130c21fbc7c699c6,396300bdc680f5cb130c21fbc7c699c6_dc1df850.json,dc1df850.json,2,1,66,true,|0111000070|0121000000|0111001110|0000001210|0000001110|0700000000|0000111000|0000121000|0000111000|0000000005|,"Form a blue rectangle around the red squares. If it's on the edge, then only cover the sides that are covered.","Form a blue rectangle around the red squares. If it's on the edge, then only cover the sides that are covered.",true,1.680000
expv4,training,396300bdc680f5cb130c21fbc7c699c6,396300bdc680f5cb130c21fbc7c699c6_d90796e8.json,d90796e8.json,4,1,43,true,|000020005|000000800|080000000|000050002|500200000|000000080|530005000|,"If a red and green square are touching, remove them and replace the green square with a light blue one.","If a red and green square are touching, remove them and replace the green square with a light blue one.",true,1.974490
expv4,training,10360ff54be27e4869e08964fe54b832,10360ff54be27e4869e08964fe54b832_11852cab.json,11852cab.json,1,1,17,true,|0000000000|0000000000|0104010000|0020200000|0401040000|0020200000|0104010000|0000000000|0000000000|0000000000|,none,none,true,1.545455
expv4,training,b9477066eeaaa2ee213cd9a88e571f56,b9477066eeaaa2ee213cd9a88e571f56_681b3aeb.json,681b3aeb.json,1,1,26,true,|882|822|888|,Objects are joined to make a square.,Objects are joined to make a square.,true,1.552239
expv4,training,0bec935fe961c9d91094854eae249ec5,0bec935fe961c9d91094854eae249ec5_3f7978a0.json,3f7978a0.json,1,1,66,true,|000|000|000|,I thought it was recreating and focusing on the grey area.,I thought it was recreating and focusing on the grey area.,true,1.917012
expv4,training,0bec935fe961c9d91094854eae249ec5,0bec935fe961c9d91094854eae249ec5_44f52bb0.json,44f52bb0.json,2,1,18,true,|1|,"This one is very hard, I cannot seem to figure out a pattern. I just went with my intuition.","This one is very hard, I cannot seem to figure out a pattern. I just went with my intuition.",true,1.800000
expv4,training,d9824ca39fda893051f094f6ed1fe8d7,d9824ca39fda893051f094f6ed1fe8d7_b1948b0a.json,b1948b0a.json,2,1,40,true,|2772|2727|7772|7272|,i think correct,i think correct,true,1.651376
expv4,training,d9824ca39fda893051f094f6ed1fe8d7,d9824ca39fda893051f094f6ed1fe8d7_b548a754.json,b548a754.json,5,1,50,true,|0000000000000|0006666600000|0006444600000|0006444600000|0006444600000|0006444600000|0006444600000|0006444600000|0006444600000|0006444600000|0006444600000|0006444600000|0006666600000|,i gave correct one,i gave correct one,true,1.581028
expv4,training,88b85cdc5a6df1864127e2490dc08bed,88b85cdc5a6df1864127e2490dc08bed_bb43febb.json,bb43febb.json,5,1,99,true,|5555550000|5222250000|5555550000|0000000000|0005555555|0005222225|0005222225|0005222225|0005222225|0005555555|,"Fill the middle of the rectangles pink, leaving the outside border grey.","Fill the middle of the rectangles pink, leaving the outside border grey.",true,2.424490
expv4,training,c623886065ada7cd006d849070a6c9ef,c623886065ada7cd006d849070a6c9ef_e9614598.json,e9614598.json,1,1,27,true,|000000000000|000000000000|000000300000|010003330001|000000300000|000000000000|000000000000|000000000000|000000000000|000000000000|000000000000|000000000000|,corner blue and center green,corner blue and center green,true,1.563707
expv4,training,c623886065ada7cd006d849070a6c9ef,c623886065ada7cd006d849070a6c9ef_e8dc4411.json,e8dc4411.json,3,1,108,true,|6333333333333333|3333333333333333|6333333333333333|3636333333333333|3363333333333333|3636333333333333|3333030333333333|3333303333333333|3333030333333333|3333333333333333|3333333333333333|3333333333333333|3333333333333333|3333333333333333|3333333333333333|3333333333333333|3333333333333333|3333333333333333|,shaped figure refigure,shaped figure refigure,true,4.408163
expv4,training,b5e86c67c590fe50f395a06ae8f8801e,b5e86c67c590fe50f395a06ae8f8801e_f35d900a.json,f35d900a.json,5,1,127,true,|000000000000000000|000000000000000000|000000000000000000|011100000004440000|014150505054140000|011100000004440000|005000000000500000|000000000000000000|005000000000500000|000000000000000000|000000000000000000|005000000000500000|000000000000000000|005000000000500000|044400000001110000|041450505051410000|044400000001110000|,"First copy the four colored points from the input onto a new grid of the same size.  Then surround each point with the opposite color from the input grid.  Extend a line both vertically and horizontally from the original points toward each of their counterparts.  Start with a grey point just outside of the border of one point, then place a grey point just outside of the border of the other.  Alternate between grey and black points until no more grey points can be placed.","First copy the four colored points from the input onto a new grid of the same size.  Then surround each point with the opposite color from the input grid.  Extend a line both vertically and horizontally from the original points toward each of their counterparts.  Start with a grey point just outside of the border of one point, then place a grey point just outside of the border of the other.  Alternate between grey and black points until no more grey points can be placed.",true,1.685841
expv4,training,cbdec8e1996326ba6157f5ecd2beb248,cbdec8e1996326ba6157f5ecd2beb248_6e02f1e3.json,6e02f1e3.json,3,1,16,true,|005|050|500|,none,none,true,1.534247
expv4,training,f6a2c1821ddddcbab6e7a0941c26911c,f6a2c1821ddddcbab6e7a0941c26911c_ea786f4a.json,ea786f4a.json,4,1,151,true,|06666666660|60666666606|66066666066|66606660666|66660606666|66666066666|66660606666|66606660666|66066666066|60666666606|06666666660|,The center black square is extended in a line of black squares tracing from center outward to each of the four corners. The remainder is the color pink.,The center black square is extended in a line of black squares tracing from center outward to each of the four corners. The remainder is the color pink.,true,2.606906
expv4,training,cbdec8e1996326ba6157f5ecd2beb248,cbdec8e1996326ba6157f5ecd2beb248_6f8cd79b.json,6f8cd79b.json,5,1,42,true,|888888|800008|800008|800008|800008|800008|888888|,color only last grid,color only last grid,true,1.766355
expv4,training,471c7e94c06dc7d4401d04b460725438,471c7e94c06dc7d4401d04b460725438_c8cbb738.json,c8cbb738.json,5,1,57,true,|3861683|8888888|2888882|1888881|2888882|8888888|3861683|,The rule was to the fit the box outlines from the test input into the test output square.,The rule was to the fit the box outlines from the test input into the test output square.,true,1.532258
expv4,training,b3572834215d462d2d43dbe650009e2f,b3572834215d462d2d43dbe650009e2f_ec883f72.json,ec883f72.json,1,1,44,true,|000030440300|000030440300|000030440300|000030000300|000033333300|000400000040|004000000004|040000000000|400000000000|000000000000|000000000000|000000000000|,Draw squares diagonal from the inside solid area,Draw squares diagonal from the inside solid area,true,1.622951
expv4,training,86b3c54a2491a6cb73f867ea9fb144a1,86b3c54a2491a6cb73f867ea9fb144a1_ae3edfdc.json,ae3edfdc.json,1,1,69,true,|000000000000000|000000000000000|000000000003000|000000000032000|000000000003000|000000000000000|000071700000000|000000000000000|000000000000000|000000000000000|000000000000000|000000000000000|000000000000000|000000000000000|000000000000000|,"Made the grid to the required size and tried to find the relation by comparing to the example output to the example input. The relation I was finding was, the dots are moved in the same row or column to the next dot. The surrounding dots are of same color.","Made the grid to the required size and tried to find the relation by comparing to the example output to the example input. The relation I was finding was, the dots are moved in the same row or column to the next dot. The surrounding dots are of same color.",true,2.020921
expv4,training,45899c141fe1b4809c78ea8846d3be21,45899c141fe1b4809c78ea8846d3be21_ef135b50.json,ef135b50.json,4,1,56,true,|2220000000|2229992222|0000002222|0222992222|0222000000|0222922220|0222922220|0222000000|0000000000|0000000000|,"The orange rectangles must be connected using burgandy blocks.
And all blocks sharing the same horizontal rows should be connected.","The orange rectangles must be connected using burgandy blocks.
And all blocks sharing the same horizontal rows should be connected.",true,2.137405
expv4,training,45899c141fe1b4809c78ea8846d3be21,45899c141fe1b4809c78ea8846d3be21_e8593010.json,e8593010.json,5,1,114,true,|3555551155|5553551525|5515555525|5115555555|2555552555|2553552511|5525555515|5525555553|2255551555|5555351153|,"Single unconnected blocks are colored green.
Two connected blocks are colored orange.
Three connected blocks are colored blue.
","Single unconnected blocks are colored green.
Two connected blocks are colored orange.
Three connected blocks are colored blue.
",true,2.215548
expv4,training,340b89b2ffcd1548eff2e0ba2721d98a,340b89b2ffcd1548eff2e0ba2721d98a_ba97ae07.json,ba97ae07.json,1,1,60,true,|004400|004400|555555|555555|004400|004400|004400|004400|004400|004400|004400|,Create a complete horizontal gray line then added the yellow line behind the gray line to reverse the given pattern,Create a complete horizontal gray line then added the yellow line behind the gray line to reverse the given pattern,true,2.558140
expv4,training,340b89b2ffcd1548eff2e0ba2721d98a,340b89b2ffcd1548eff2e0ba2721d98a_d43fd935.json,d43fd935.json,2,1,39,true,|0002000000|2002000000|0002000200|6002000000|0002000600|0002000000|6633000000|0033000000|0006000200|0006060000|,Filled in the square from the input then extended lines of colored squares from any of the input that was aligned with the green box of 4 squares,Filled in the square from the input then extended lines of colored squares from any of the input that was aligned with the green box of 4 squares,true,1.863481
expv4,training,aa861c3ee8d0206590d74d4f83d20ce7,aa861c3ee8d0206590d74d4f83d20ce7_98cf29f8.json,98cf29f8.json,3,1,53,true,|00000000000000000|00000000000000000|00000000000000000|03333300000000000|03333377770000000|03333377770000000|03333377770000000|03333300000000000|03333300000000000|03333300000000000|03333300000000000|00000000000000000|,"same size board, bigger shape stays the same, shape with a line gets pushed in so there's no line, like a lever on a machine","same size board, bigger shape stays the same, shape with a line gets pushed in so there's no line, like a lever on a machine",true,1.686364
expv4,training,11df1e24129b7f66bf22e83243dbb0f9,11df1e24129b7f66bf22e83243dbb0f9_ba97ae07.json,ba97ae07.json,3,1,38,true,|004400|004400|555555|555555|004400|004400|004400|004400|004400|004400|004400|,shape in the background comes to the foreground,shape in the background comes to the foreground,true,1.620155
expv4,training,11df1e24129b7f66bf22e83243dbb0f9,11df1e24129b7f66bf22e83243dbb0f9_e73095fd.json,e73095fd.json,5,1,138,true,|000000050000000000|000000050000000000|555000050000000000|445555555555555555|555000050000005000|000000050000005000|000000050000005000|000000050000055550|000005555500054450|555555444555554455|050005444500054450|050005555500055550|050000050000000000|555000050000000000|545000050000000000|555000050000000000|,fill the gaps with yellow,fill the gaps with yellow,true,2.662379
expv4,training,44749b34fa707ed3fc41a5d95662ba13,44749b34fa707ed3fc41a5d95662ba13_776ffc46.json,776ffc46.json,3,1,148,true,|00000000000050000000|00000000000050022200|00000001110050022200|00000001110050000000|00010000000050000000|00010000000055555555|00111100000000000000|00010000000000000000|00000001100000000000|00200011110000020000|02220011110000222000|00200001100000020000|00000000000000000000|55555550000055555550|00000050000050000050|00220050000050020050|02222050000050222050|02222050000050020050|00220050000050000050|00000050000055555550|,if the gray box is fully enclosed the symbol swaps colors.,if the gray box is fully enclosed the symbol swaps colors.,true,3.020408
expv4,training,44749b34fa707ed3fc41a5d95662ba13,44749b34fa707ed3fc41a5d95662ba13_855e0971.json,855e0971.json,4,1,51,true,|888808888888088|888808888888088|888808888888088|888808888888088|111111011111111|111111011111111|111111011111111|111111011111111|444444444404444|444444444404444|444444444404444|444444444404444|444444444404444|202222222222222|202222222222222|202222222222222|202222222222222|,if the background stripes are horizontal then the black strip becomes vertical.  and vice versa.,if the background stripes are horizontal then the black strip becomes vertical.  and vice versa.,true,1.610526
expv4,training,43f22d39ec060a84dd16c116878380c7,43f22d39ec060a84dd16c116878380c7_50cb2852.json,50cb2852.json,2,1,94,true,|0111110000000|0188810011100|0188810018100|0111110011100|0000000000000|0022222200000|0028888200000|0028888203333|0028888203883|0028888203883|0022222203883|0000000003883|0000000003883|0000000003333|,You fill in the colored squares/rectangles with light blue leaving only a 1 square border of the original blocks.,You fill in the colored squares/rectangles with light blue leaving only a 1 square border of the original blocks.,true,2.175926
expv4,training,2fbe1b3944536ac722299656cb7e654a,2fbe1b3944536ac722299656cb7e654a_7447852a.json,7447852a.json,1,1,83,true,|2000244420002000244420002|4202024202024202024202024|4420002000244420002000244|,It was very difficult.,It was very difficult.,true,2.040984
expv4,training,e58568496d2090ed40f1c1614a51265c,e58568496d2090ed40f1c1614a51265c_67a423a3.json,67a423a3.json,1,1,39,true,|000000005000|000000005000|000000005000|000000005000|000000005000|000000044400|333333345433|000000044400|000000005000|000000005000|000000005000|000000005000|,create a yellow square around the intersection,create a yellow square around the intersection,true,1.710526
expv4,training,e58568496d2090ed40f1c1614a51265c,e58568496d2090ed40f1c1614a51265c_b548a754.json,b548a754.json,4,1,57,true,|0000000000000|0006666600000|0006444600000|0006444600000|0006444600000|0006444600000|0006444600000|0006444600000|0006444600000|0006444600000|0006444600000|0006444600000|0006666600000|,stretch that large shape to the target,stretch that large shape to the target,true,1.802372
expv4,training,da44317c4ba5fc84e2c87b543388554c,da44317c4ba5fc84e2c87b543388554c_a48eeaf7.json,a48eeaf7.json,1,1,31,true,|0000000000|0000000000|0000000000|0000000000|0000000000|0050500000|0022500000|0022000000|0050000000|0000000000|,It looks like the red square(s) could be like a magnet drawing the gray squares in. So I moved the grey squares to the red block in a straight and diagonal path.,It looks like the red square(s) could be like a magnet drawing the gray squares in. So I moved the grey squares to the red block in a straight and diagonal path.,true,1.712707
expv4,training,da44317c4ba5fc84e2c87b543388554c,da44317c4ba5fc84e2c87b543388554c_a5f85a15.json,a5f85a15.json,2,1,42,true,|000060000000|600004000000|040000600000|006000040000|000400006000|000060000400|000004000060|000000600004|600000040000|040000006000|006000000400|000400000060|,I made a copy of the test input 12x12 grid and noticed from the examples that every other block was colored yellow from left to right in a diagonal line. The first block (from the left) was left the original color.,I made a copy of the test input 12x12 grid and noticed from the examples that every other block was colored yellow from left to right in a diagonal line. The first block (from the left) was left the original color.,true,1.781818
expv4,training,c09eb8d54fce913a257b0733929d739c,c09eb8d54fce913a257b0733929d739c_6cdd2623.json,6cdd2623.json,4,1,72,true,|0006000000000000000|0006000000000000000|0006000000000000000|0006000000000000000|0006000000000000000|6666666666666666666|0006000000000000000|0006000000000000000|0006000000000000000|0006000000000000000|0006000000000000000|0006000000000000000|0006000000000000000|0006000000000000000|0006000000000000000|0006000000000000000|,"The color with the least amount of dots, 4 dots, are used to form either vertical or horizontal lines (sometimes 2 horizontal lines or 2 vertical lines).  The 2 lines are formed with 2 dots each.  The lines formed should go from one side of the grid to the other and being in the same color.","The color with the least amount of dots, 4 dots, are used to form either vertical or horizontal lines (sometimes 2 horizontal lines or 2 vertical lines).  The 2 lines are formed with 2 dots each.  The lines formed should go from one side of the grid to the other and being in the same color.",true,1.641694
expv4,training,c4201a676f1d7cbdf405b84de4a14560,c4201a676f1d7cbdf405b84de4a14560_95990924.json,95990924.json,2,1,92,true,|100200000010020|055000000005500|055000000005500|300410020030040|000005500000000|000005500001002|000030040000550|000000000000550|000000000003004|010020000000000|005500001002000|005500000550000|030040000550000|000000003004000|000000000000000|,i have understand in model,i have understand in model,true,1.978495
expv4,training,23609d6e8ff2ec858b2e02d424674908,23609d6e8ff2ec858b2e02d424674908_f8ff0b80.json,f8ff0b80.json,1,1,35,true,|6|1|3|,"The most blocks gets on top, then 2nd most blocks, then 3rd is on bottom. ","The most blocks gets on top, then 2nd most blocks, then 3rd is on bottom. ",true,2.500000
expv4,training,23609d6e8ff2ec858b2e02d424674908,23609d6e8ff2ec858b2e02d424674908_eb5a1d5d.json,eb5a1d5d.json,5,1,263,true,|222222222|211111112|213333312|213888312|213828312|213888312|213333312|211111112|222222222|,One ring for each color.,One ring for each color.,true,2.030017
expv4,training,2cfea483e869811b28c49099f8fbd450,2cfea483e869811b28c49099f8fbd450_6855a6e4.json,6855a6e4.json,1,1,103,true,|000000000000000|000000000000000|000000000000000|000222222200000|000200000200000|000055055000000|000005550000000|000000000000000|000055555000000|000000500000000|000200000200000|000222222200000|000000000000000|000000000000000|000000000000000|,Good.,Good.,true,1.688525
expv4,training,2cfea483e869811b28c49099f8fbd450,2cfea483e869811b28c49099f8fbd450_4c5c2cf0.json,4c5c2cf0.json,2,1,129,true,|000000000000000|000004040000000|000004040000000|000440004400000|000040004000000|004044044040000|000407070400000|000000700000000|000407070400000|004044044040000|000040004000000|000440004400000|000004040000000|000004040000000|000000000000000|,Good.,Good.,true,1.897059
expv4,training,aecf991625649099e19bcccacdba776f,aecf991625649099e19bcccacdba776f_e48d4e1a.json,e48d4e1a.json,2,1,87,true,|0008000000|0008000000|0008000000|0008000000|0008000000|8888888888|0008000000|0008000000|0008000000|0008000000|,From the intersection you go diagonally down to the left based on how many gray blocks there are and then expand.,From the intersection you go diagonally down to the left based on how many gray blocks there are and then expand.,true,1.919118
expv4,training,ab5520cf0d69c5eeecebc9f8486aca42,ab5520cf0d69c5eeecebc9f8486aca42_f25fbde4.json,f25fbde4.json,5,1,103,true,|0044004400|0044004400|4400440044|4400440044|0044004400|0044004400|,double the yellow cells. then double them once more. make the cells fit fully into the grid. ,double the yellow cells. then double them once more. make the cells fit fully into the grid. ,true,1.615686
expv4,training,eb56ec479a3e4a3fef3ad75d8f275928,eb56ec479a3e4a3fef3ad75d8f275928_178fcbfb.json,178fcbfb.json,4,1,72,true,|33333333333|00002000020|00002000020|33333333333|00002000020|00002000020|00002000020|11111111111|00002000020|11111111111|00002000020|00002000020|,"change the grid size to 11 by 12.  Copy the input pattern.  For any red block, extend them all the way vertically up and down.  For any green or blue block, extend them horizontally all the way right and left. ","change the grid size to 11 by 12.  Copy the input pattern.  For any red block, extend them all the way vertically up and down.  For any green or blue block, extend them horizontally all the way right and left. ",true,1.655172
expv4,training,b0f10c0db79e55b652683f14500efad2,b0f10c0db79e55b652683f14500efad2_855e0971.json,855e0971.json,4,1,70,true,|888808888888088|888808888888088|888808888888088|888808888888088|111111011111111|111111011111111|111111011111111|111111011111111|444444444404444|444444444404444|444444444404444|444444444404444|444444444404444|202222222222222|202222222222222|202222222222222|202222222222222|,"Each colored strip is duplicated as is in the output. If there are black squares in a colored strip, they extend perpendicular to the orientation of the strip through the full width of the strip.","Each colored strip is duplicated as is in the output. If there are black squares in a colored strip, they extend perpendicular to the orientation of the strip through the full width of the strip.",true,2.210526
expv4,training,8bddd730f896222814d8a32f5f7c707b,8bddd730f896222814d8a32f5f7c707b_623ea044.json,623ea044.json,1,1,62,true,|00000600000000000|00000060000000000|00000006000000000|00000000600000006|00000000060000060|00000000006000600|00000000000606000|00000000000060000|00000000000606000|00000000006000600|00000000060000060|00000000600000006|00000006000000000|00000060000000000|00000600000000000|00006000000000000|00060000000000000|,The answer to to make an x with the center being the given dot,The answer to to make an x with the center being the given dot,true,1.523629
expv4,training,8bddd730f896222814d8a32f5f7c707b,8bddd730f896222814d8a32f5f7c707b_5521c0d9.json,5521c0d9.json,3,1,134,true,|000000000000000|222200000000000|222200000000000|222204440000000|222204440000000|222204440000000|222204440000000|222204440000000|000004440000000|000000000011111|000000000011111|000000000011111|000000000000000|000000000000000|000000000000000|,Move the shapes up by the number of squares of it's height,Move the shapes up by the number of squares of it's height,true,1.649231
expv4,training,e709577bc7380f4fd83534d7542c58f7,e709577bc7380f4fd83534d7542c58f7_fafffa47.json,fafffa47.json,1,1,23,true,|000|200|020|,The rule was to take the 3x3 grids of red and blue squares. Overlay them and whatever squares that are not filled in are colored bright red.,The rule was to take the 3x3 grids of red and blue squares. Overlay them and whatever squares that are not filled in are colored bright red.,true,2.000000
expv4,training,6f5da348ae25335d44b10e7f86af1996,6f5da348ae25335d44b10e7f86af1996_ba97ae07.json,ba97ae07.json,5,1,38,true,|004400|004400|555555|555555|004400|004400|004400|004400|004400|004400|004400|,"Repeat pattern from input on an 11 tall by 6 wide grid, reversing dominant color on all overlapping squares.","Repeat pattern from input on an 11 tall by 6 wide grid, reversing dominant color on all overlapping squares.",true,1.620155
expv4,training,5788c1381c38a7d46fdf053083acb7ab,5788c1381c38a7d46fdf053083acb7ab_c0f76784.json,c0f76784.json,3,1,60,true,|000000000000|055555000000|058885000000|058885000000|058885005550|055555005650|000000005550|000000000000|000055550000|000057750000|000057750000|000055550000|,"It's the same as the test input but the 5x5 is filled with light blue, 4x4 orange, and 3x3 pink.","It's the same as the test input but the 5x5 is filled with light blue, 4x4 orange, and 3x3 pink.",true,2.576687
expv4,training,3ebdc1cb74e9f8f6017a9114d8d7a535,3ebdc1cb74e9f8f6017a9114d8d7a535_fcb5c309.json,fcb5c309.json,2,1,148,true,|88888888|80808008|80000008|80000008|80000008|80800008|80000808|88888888|,I think the rule is to recreate one of the smaller boxes inside of the bigger design.,I think the rule is to recreate one of the smaller boxes inside of the bigger design.,true,2.607930
expv4,training,1ac69b338cac41b1ebe19d8d48752023,1ac69b338cac41b1ebe19d8d48752023_ef135b50.json,ef135b50.json,5,1,61,true,|2220000000|2229992222|0000002222|0222992222|0222000000|0222922220|0222922220|0222000000|0000000000|0000000000|,Add brown squares to connect the orange squares.,Add brown squares to connect the orange squares.,true,2.328244
expv4,training,556acf9442b2d6cf9868991f7c2c729e,556acf9442b2d6cf9868991f7c2c729e_f15e1fac.json,f15e1fac.json,3,1,105,true,|00088880000000000|00000008888800000|88800000000088888|00088880000000000|00000008888800000|88800000000088888|00088880000000000|88800008888800000|00088880000088888|00000008888800000|00000000000088888|00200020000200000|,"extend light blue blocks out, and once you reach a red block stagger the lines out one space until the next red block","extend light blue blocks out, and once you reach a red block stagger the lines out one space until the next red block",true,1.509240
expv4,training,398440549810022b27a8254ce8a53dc5,398440549810022b27a8254ce8a53dc5_e9614598.json,e9614598.json,2,1,34,true,|000000000000|000000000000|000000300000|010003330001|000000300000|000000000000|000000000000|000000000000|000000000000|000000000000|000000000000|000000000000|,I thought to put the green cross directly in the middle.,I thought to put the green cross directly in the middle.,true,1.969112
expv4,training,398440549810022b27a8254ce8a53dc5,398440549810022b27a8254ce8a53dc5_e8593010.json,e8593010.json,5,1,84,true,|3555551155|5553551525|5515555525|5115555555|2555552555|2553552511|5525555515|5525555553|2255551555|5555351153|,Fill in first with all grey. Match black spots. Then use blue for elbow pieces. Green for single block. Red for pairs.,Fill in first with all grey. Match black spots. Then use blue for elbow pieces. Green for single block. Red for pairs.,true,1.632509
expv4,training,1f88f07c19a3d6af55bbdf9509bceb19,1f88f07c19a3d6af55bbdf9509bceb19_253bf280.json,253bf280.json,1,1,52,true,|0000000000000|0083333333800|0000000000000|0000000000000|0000000000000|0000008333338|0000000000000|0800000000000|0300000000000|0300000080000|0800000000000|0000000000000|,.,.,true,1.813953
expv4,training,94678dc6355631dbcf06c23951350172,94678dc6355631dbcf06c23951350172_c909285e.json,c909285e.json,5,1,93,true,|888888|822428|820408|844448|820408|888888|,i tried to match the quilt like pattern,i tried to match the quilt like pattern,true,1.535604
expv4,training,30bc72c24495fdcb7b11451dc6b3a8b0,30bc72c24495fdcb7b11451dc6b3a8b0_d687bc17.json,d687bc17.json,4,1,99,true,|04444444444444440|10000000400000402|11000000000000002|10000000000000022|10000000000000002|11000000000000002|10000000000000002|10000000000000022|10000000000000002|10000000000000002|11000000000000002|10000000000000002|10080008000008002|08888888888888880|,Copying the continuous external colors as in the input then ordering the scattered ones by attaching them against the colors to which they are similar in the box number they initially appeared.,Copying the continuous external colors as in the input then ordering the scattered ones by attaching them against the colors to which they are similar in the box number they initially appeared.,true,1.741206
expv4,training,430fa5ce224b848c92ea2419c651988a,430fa5ce224b848c92ea2419c651988a_67385a82.json,67385a82.json,1,1,35,true,|80803|88800|00003|08800|08800|,It was to recreate the grid with joins in blue color.,It was to recreate the grid with joins in blue color.,true,1.750000
expv4,training,88fe0689f0b4a82ee3e66d6552533cd7,88fe0689f0b4a82ee3e66d6552533cd7_694f12f3.json,694f12f3.json,1,1,76,true,|4444440000|4222240000|4222240000|4222240000|4222240000|4444440000|0000000000|0000444444|0000411114|0000444444|,"Draw two boxes in gold and then fill with red or blue depending on which box was bigger (red being bigger, blue being smaller).","Draw two boxes in gold and then fill with red or blue depending on which box was bigger (red being bigger, blue being smaller).",true,2.148410
expv4,training,88fe0689f0b4a82ee3e66d6552533cd7,88fe0689f0b4a82ee3e66d6552533cd7_f8a8fe49.json,f8a8fe49.json,3,1,92,true,|000000000000000|000005550000000|000000555500000|000000000000000|000022222220000|000020000020000|000000000000000|000000000000000|000000000000000|000000000000000|000020000020000|000022222220000|000000000000000|000000555000000|000000000000000|,"The red lines stay in the same configuration, while the grey lines are put out of the box by one pixel flipped 180 degrees.","The red lines stay in the same configuration, while the grey lines are put out of the box by one pixel flipped 180 degrees.",true,2.577933
expv4,training,268080a7f531f86316766fa95518974a,268080a7f531f86316766fa95518974a_f25ffba3.json,f25ffba3.json,1,1,64,true,|7144|7133|7130|7100|0100|0100|7100|7130|7133|7144|,The test output is a copy of the input plus a mirrored image at the top of the grid.,The test output is a copy of the input plus a mirrored image at the top of the grid.,true,2.109890
expv4,training,268080a7f531f86316766fa95518974a,268080a7f531f86316766fa95518974a_d9f24cd1.json,d9f24cd1.json,5,1,56,true,|0020020020|0020020020|0020020520|0020020020|0520020020|0220020020|0200520020|0200220020|0200200020|0200200020|,"The grey and red blocks are placed in the same position. Then a line of red blocks will be created from bottom to top at the location of each input red block. If there is a grey block in the same column you will fill in the column until you reach the grey block, then you will move one column to the right and continue the line of red shaded blocks upward.","The grey and red blocks are placed in the same position. Then a line of red blocks will be created from bottom to top at the location of each input red block. If there is a grey block in the same column you will fill in the column until you reach the grey block, then you will move one column to the right and continue the line of red shaded blocks upward.",true,1.571429
expv4,training,396d60dbfa7bf42930f7264f79849865,396d60dbfa7bf42930f7264f79849865_b7249182.json,b7249182.json,2,1,81,true,|000000000|000700000|000700000|000700000|000700000|000700000|000700000|077777000|070007000|060006000|066666000|000600000|000600000|000600000|000600000|000600000|000600000|000000000|000000000|,"Using the given colors, draw an equal two-pronged fork shape that meets in the middle.","Using the given colors, draw an equal two-pronged fork shape that meets in the middle.",true,1.638728
expv4,training,eb2b525969014cfc1f4d7f0985bf970a,eb2b525969014cfc1f4d7f0985bf970a_e73095fd.json,e73095fd.json,2,1,115,true,|000000050000000000|000000050000000000|555000050000000000|445555555555555555|555000050000005000|000000050000005000|000000050000005000|000000050000055550|000005555500054450|555555444555554455|050005444500054450|050005555500055550|050000050000000000|555000050000000000|545000050000000000|555000050000000000|,to fill the empty parts with yellow,to fill the empty parts with yellow,true,2.218650
expv4,training,2d05abf0038319b026deea0a5d2db193,2d05abf0038319b026deea0a5d2db193_c444b776.json,c444b776.json,5,1,110,true,|00000000040000000004000000000|00003000040000300004000030000|02000002040200000204020000020|03000002040300000204030000020|00002000040000200004000020000|00000000040000000004000000000|00600000040060000004006000000|00000000040000000004000000000|00000060040000006004000000600|44444444444444444444444444444|00000000040000000004000000000|00003000040000300004000030000|02000002040200000204020000020|03000002040300000204030000020|00002000040000200004000020000|00000000040000000004000000000|00600000040060000004006000000|00000000040000000004000000000|00000060040000006004000000600|,"Copy from Input. For each black area bordered by yellow, add a copy of all contents (pink/red/green squares) that you see in the top middle black area. ","Copy from Input. For each black area bordered by yellow, add a copy of all contents (pink/red/green squares) that you see in the top middle black area. ",true,1.692308
expv4,training,be51ad2bf47ef1a0d3f31e1cf19bc3a3,be51ad2bf47ef1a0d3f31e1cf19bc3a3_952a094c.json,952a094c.json,3,1,71,true,|0000000000|0000000000|0200000080|0033333300|0030000300|0030000300|0030000300|0033333300|0400000060|0000000000|,For this one i felt the colors that are in the interior went to the opposite side in the exterior of the shape ,For this one i felt the colors that are in the interior went to the opposite side in the exterior of the shape ,true,2.028571
expv4,training,e5ffd1b663c372eba4d3c448892815d7,e5ffd1b663c372eba4d3c448892815d7_a61ba2ce.json,a61ba2ce.json,2,1,48,true,|3388|3008|1006|1166|,I used the example outputs and copied them,I used the example outputs and copied them,true,1.627119
expv4,training,0d486e1326745482e6f2b6a71f93f159,0d486e1326745482e6f2b6a71f93f159_928ad970.json,928ad970.json,1,1,90,true,|000000000000000|000000050000000|000888888888000|000800000008000|000800000008000|000808888008000|005808008008000|000808888008000|000800000008000|000800000008500|000800000008000|000800000008000|000888888888000|000005000000000|000000000000000|,I made a larger light blue square that included the smaller square and touched the inside of each gray point.,I made a larger light blue square that included the smaller square and touched the inside of each gray point.,true,1.829945
expv4,training,fb26924325fc3241407793ed39b24808,fb26924325fc3241407793ed39b24808_5168d44c.json,5168d44c.json,3,1,64,true,|000|000|000|,Place the green squares on the grid then add the orange square but move it 2 spaces to the right.,Place the green squares on the grid then add the orange square but move it 2 spaces to the right.,true,1.706667
expv4,training,54ced390b88c7c2e76c1e099b3d1382a,54ced390b88c7c2e76c1e099b3d1382a_2dc579da.json,2dc579da.json,3,1,47,true,|000|000|000|,I did the corner with the other color block in it ,I did the corner with the other color block in it ,true,1.926230
expv4,training,3cf5af38a6e379e380fc16f104e83d67,3cf5af38a6e379e380fc16f104e83d67_fcc82909.json,fcc82909.json,5,1,72,true,|0000000000|1100002900|2100001600|3304703300|3308403300|0003303300|0003303300|0003300000|0000000000|0000000000|,the number of colors in the box are changed in the output as green color.,the number of colors in the box are changed in the output as green color.,true,1.890215
expv1,training,f7217d2a68babc06d246b9413cd9f08a,f7217d2a68babc06d246b9413cd9f08a_6455b5f5.json,6455b5f5.json,6,1,76,true,|0000000000200000|0000000000200000|2222222222200000|1111111111200000|1111111111222222|1111111111200000|1111111111200000|1111111111200000|1111111111200000|2222222222222222|8882000000282000|2222000000282000|8882000000282000|,"big with blue, small with light blue","big with blue, small with light blue",true,2.280000
expv4,training,afe8f91d905519e231473e946e2674be,afe8f91d905519e231473e946e2674be_75b8110e.json,75b8110e.json,5,1,48,true,|5966|5955|4555|5900|,Divide the grid into a 2x2 grid of equal parts and overlap the colors starting with yellow then red then pink then grey.,Divide the grid into a 2x2 grid of equal parts and overlap the colors starting with yellow then red then pink then grey.,true,1.500000
expv4,training,4c3a42232400bafae82e3e04fc159de9,4c3a42232400bafae82e3e04fc159de9_794b24be.json,794b24be.json,3,1,17,true,|220|000|000|,This is the best option as there is no perfect match.  I chose option 3 because there were separated by 1 row just like the test input.,This is the best option as there is no perfect match.  I chose option 3 because there were separated by 1 row just like the test input.,true,1.658537
expv4,training,9b24e78cf4e7e6f5b8a5451daba4f42e,9b24e78cf4e7e6f5b8a5451daba4f42e_d89b689b.json,d89b689b.json,5,1,32,true,|0000000000|0000000000|0000000000|0000000000|0000340000|0000670000|0000000000|0000000000|0000000000|0000000000|,"The rule was to move the colors in each quadrant to that part of the light blue block in the middle. For example the top left quadrant has a green block, move it to be the top left block of the light blue block and do that with the other three blocks in the different quadrants.","The rule was to move the colors in each quadrant to that part of the light blue block in the middle. For example the top left quadrant has a green block, move it to be the top left block of the light blue block and do that with the other three blocks in the different quadrants.",true,1.607306
expv4,training,ca7386edb3ec2c741e4d11403d3526dc,ca7386edb3ec2c741e4d11403d3526dc_d5d6de2d.json,d5d6de2d.json,1,1,64,true,|0000000000|0300000000|0000000000|0000000000|0000000000|0033333300|0033333300|0033333300|0033333300|0000000000|,Shade the enclosed section light green from test input and remove the red outline,Shade the enclosed section light green from test input and remove the red outline,true,1.577465
expv4,training,83bed31e4c57ed16bc89e8a1091f57f5,83bed31e4c57ed16bc89e8a1091f57f5_22233c11.json,22233c11.json,3,1,133,true,|8880000000|8880000000|0000003330|0000003330|0000003330|0003330000|0003330000|0003330000|0000000008|0000000008|,Each of the boxes is 3x3. Make a gap on the corners of 3x3 and start the blue boxes.,Each of the boxes is 3x3. Make a gap on the corners of 3x3 and start the blue boxes.,true,1.773333
expv4,training,83bed31e4c57ed16bc89e8a1091f57f5,83bed31e4c57ed16bc89e8a1091f57f5_22168020.json,22168020.json,5,1,49,true,|0000000000|4444000000|0440777777|0440077770|0000007700|0000007700|0333333000|0033330000|0003300000|0003300000|,Just fill in the middle of the bucket shapes with the same color.,Just fill in the middle of the bucket shapes with the same color.,true,1.547368
expv4,training,500a43cbe681a774ca0935a8a31aa1ff,500a43cbe681a774ca0935a8a31aa1ff_8e5a5113.json,8e5a5113.json,1,1,55,true,|33952935992|99959935999|29959995933|,I thought the rule was for the green and red to flip to the other side.,I thought the rule was for the green and red to flip to the other side.,true,1.542056
expv4,training,500a43cbe681a774ca0935a8a31aa1ff,500a43cbe681a774ca0935a8a31aa1ff_8efcae92.json,8efcae92.json,3,1,108,true,|1111211211|1111111111|1121111111|1111121121|1111111111|1212111111|1111111211|1121211111|1111111111|,I think the rule was to zoom in on the blue box with the most red squares.,I think the rule was to zoom in on the blue box with the most red squares.,true,2.103896
expv4,training,faad81dd4a698db576d23febbfe9812b,faad81dd4a698db576d23febbfe9812b_447fd412.json,447fd412.json,5,1,168,true,|000000000000000000000|000000000010000000000|001000000010200000000|001020000011100000000|001110000000000000000|000000000001110000000|000000000001110000000|000000000001110000000|000000000001110002220|011000000001110002220|011000000001110002220|011002200001111111110|011002200001111111110|011111100001111111110|011111100000000000000|000000000000000000000|000000000000000000000|,Recreate the small blue and red shape to scale according to the red details placed throughout the grid,Recreate the small blue and red shape to scale according to the red details placed throughout the grid,true,1.768421
expv4,training,415e62616c6a5b5d18301792e8f2e8ce,415e62616c6a5b5d18301792e8f2e8ce_6aa20dc0.json,6aa20dc0.json,2,1,123,true,|3333333333333333333333|3333333333444888333333|3333333333444888333333|3333333333444888333333|3333338433888333888333|3333383833888333888333|3333318333888333888333|3333333333333888111333|3333333333333888111333|3333333333333888111333|3333333333333333333333|3333333333333333333333|3333333333333333333333|3183333333333881133333|3838333333333881133333|3384333333388338833333|3333333333388338833333|3333333333344883333333|3333333333344883333333|3333333333333333333333|3333333333333333333333|3333333333333333333333|,"I think the rule was to copy the direction the blue and yellow square are facing, similar to the examples, and use the light blue to proportionally extend outwards on two sides, relative to its size.","I think the rule was to copy the direction the blue and yellow square are facing, similar to the examples, and use the light blue to proportionally extend outwards on two sides, relative to its size.",true,1.545781
expv4,training,b565b9251253827e0545d5fcc99a160f,b565b9251253827e0545d5fcc99a160f_c59eb873.json,c59eb873.json,1,1,95,true,|2200007788|2200007788|2211110000|2211110000|0055666600|0055666600|3355660000|3355660000|0055000000|0055000000|,I calculated the boxes and multiplied by 2,I calculated the boxes and multiplied by 2,true,1.809524
expv4,training,bc417ae6d197f83b365c107ba6b688b8,bc417ae6d197f83b365c107ba6b688b8_d8c310e9.json,d8c310e9.json,3,1,83,true,|000000000000000|000000000000000|002000200020002|622062206220622|662366236623662|,Copy the existing pattern into the empty cells to the right.,Copy the existing pattern into the empty cells to the right.,true,2.371429
expv4,training,b66ccd8c9127963324d4a8ffcad953e1,b66ccd8c9127963324d4a8ffcad953e1_6cdd2623.json,6cdd2623.json,3,1,82,true,|0006000000000000000|0006000000000000000|0006000000000000000|0006000000000000000|0006000000000000000|6666666666666666666|0006000000000000000|0006000000000000000|0006000000000000000|0006000000000000000|0006000000000000000|0006000000000000000|0006000000000000000|0006000000000000000|0006000000000000000|0006000000000000000|,"To start, the grid remains the same size in the output as in the input.  There will be one color of non-black blocks that there are 4 blocks of.  In this case that is the pink.  Each line that is drawn must extend from border to border either horizontally or vertically.  The four blocks are each on one of the four edges. The next step is to find the first pink block from the left, and extend that through a second pink block on the same plane, respecting that each of the pink blocks is on an edge of the grid.  In this case the first two blocks are horizontal.  Next, you find the next pink block that wasn't used in the first line, and extend a pink line through it and the last pink block, either vertically or horizontally, so long as the two pink blocks used lie on the border of the grid.  In this case it is a vertical line.","To start, the grid remains the same size in the output as in the input.  There will be one color of non-black blocks that there are 4 blocks of.  In this case that is the pink.  Each line that is drawn must extend from border to border either horizontally or vertically.  The four blocks are each on one of the four edges. The next step is to find the first pink block from the left, and extend that through a second pink block on the same plane, respecting that each of the pink blocks is on an edge of the grid.  In this case the first two blocks are horizontal.  Next, you find the next pink block that wasn't used in the first line, and extend a pink line through it and the last pink block, either vertically or horizontally, so long as the two pink blocks used lie on the border of the grid.  In this case it is a vertical line.",true,1.869707
expv4,training,0a2bc7440a3e9429c42d42eab82f8449,0a2bc7440a3e9429c42d42eab82f8449_a9f96cdd.json,a9f96cdd.json,4,1,31,true,|00030|00000|00080|,"Recreate the patter shown in Example Output 1, but shift it relative to the position of the dark orange square. In this case, shift 3 units to the right.","Recreate the patter shown in Example Output 1, but shift it relative to the position of the dark orange square. In this case, shift 3 units to the right.",true,1.860000
expv4,training,ee11e1dac29bc47c4e9c5835aea7cd76,ee11e1dac29bc47c4e9c5835aea7cd76_e73095fd.json,e73095fd.json,3,1,107,true,|000000050000000000|000000050000000000|555000050000000000|445555555555555555|555000050000005000|000000050000005000|000000050000005000|000000050000055550|000005555500054450|555555444555554455|050005444500054450|050005555500055550|050000050000000000|555000050000000000|545000050000000000|555000050000000000|,I followed the task demonstration examples provided.,I followed the task demonstration examples provided.,true,2.064309
expv4,training,5fde4ab8eee63fa6c91654a05319ca6f,5fde4ab8eee63fa6c91654a05319ca6f_6aa20dc0.json,6aa20dc0.json,3,1,121,true,|3333333333333333333333|3333333333444888333333|3333333333444888333333|3333333333444888333333|3333338433888333888333|3333383833888333888333|3333318333888333888333|3333333333333888111333|3333333333333888111333|3333333333333888111333|3333333333333333333333|3333333333333333333333|3333333333333333333333|3183333333333881133333|3838333333333881133333|3384333333388338833333|3333333333388338833333|3333333333344883333333|3333333333344883333333|3333333333333333333333|3333333333333333333333|3333333333333333333333|,I thought the rules were to find the completed shape with the light blue and fill in the remaining parts of the incomplete shaped with the dark blue and yellow blocks only. ,I thought the rules were to find the completed shape with the light blue and fill in the remaining parts of the incomplete shaped with the dark blue and yellow blocks only. ,true,1.520646
expv4,training,ae3861ba6649329e8f4472a1d335e9fa,ae3861ba6649329e8f4472a1d335e9fa_f25fbde4.json,f25fbde4.json,3,1,129,true,|0044004400|0044004400|4400440044|4400440044|0044004400|0044004400|,the shape needed to be doubled in sized and fill up the entire grid,the shape needed to be doubled in sized and fill up the entire grid,true,2.023529
expv4,training,9f10e52316620d5fc23b61ce63e92701,9f10e52316620d5fc23b61ce63e92701_5bd6f4ac.json,5bd6f4ac.json,3,1,27,true,|589|090|920|,"The design in the 3 x 3 grid at the top right of the Test Input is placed in its own, separate 3 x 3 grid.","The design in the 3 x 3 grid at the top right of the Test Input is placed in its own, separate 3 x 3 grid.",true,1.500000
expv4,training,7e3feb578c44cbd17312fb7a6443ce3b,7e3feb578c44cbd17312fb7a6443ce3b_508bd3b6.json,508bd3b6.json,4,1,69,true,|000800002222|000080002222|000003002222|000000302222|000000032222|000000302222|000003002222|000030002222|000300002222|003000002222|030000002222|300000002222|,no comments,no comments,true,2.379310
expv4,training,428b4b4e051aeab3f8497f904430092a,428b4b4e051aeab3f8497f904430092a_8e1813be.json,8e1813be.json,5,1,63,true,|2222222|3333333|8888888|4444444|6666666|1111111|7777777|,The grey zone in the test input represents the number of blocks to be used in the test output.,The grey zone in the test input represents the number of blocks to be used in the test output.,true,1.544118
expv4,training,32d2f53cf0e841d8a438ba3d50582512,32d2f53cf0e841d8a438ba3d50582512_a699fb00.json,a699fb00.json,3,1,27,true,|0121000000|0000000000|0012121210|0000000000|0121000000|0000012100|0000000000|0001210000|0000000000|0000000000|,"Recreate the blue grid, and then fill the lines in with red.","Recreate the blue grid, and then fill the lines in with red.",true,1.636364
expv4,training,32d2f53cf0e841d8a438ba3d50582512,32d2f53cf0e841d8a438ba3d50582512_b6afb2da.json,b6afb2da.json,5,1,94,true,|0144100000|0422400000|0422400000|0422400000|0422400000|0144100000|0000000000|0000144441|0000422224|0000144441|,"Recreate the gray boxes so that the corners are blue, the rest of the border is yellow, and the fill is red.","Recreate the gray boxes so that the corners are blue, the rest of the border is yellow, and the fill is red.",true,1.566667
expv4,training,949eaa38160b821a8f34d8eb4a7c1058,949eaa38160b821a8f34d8eb4a7c1058_4522001f.json,4522001f.json,3,1,69,true,|000003333|000003333|000003333|000003333|033330000|033330000|033330000|033330000|000000000|,The orange cube acts as an arrow.,The orange cube acts as an arrow.,true,1.590778
expv4,training,30c6b1eee2be733745c36dce48155367,30c6b1eee2be733745c36dce48155367_67a423a3.json,67a423a3.json,5,1,55,true,|000000005000|000000005000|000000005000|000000005000|000000005000|000000044400|333333345433|000000044400|000000005000|000000005000|000000005000|000000005000|,Build a yellow box around the intersection of the grey and green lines.,Build a yellow box around the intersection of the grey and green lines.,true,2.412281
expv4,training,258375c2da59f734e73aff5504397ed5,258375c2da59f734e73aff5504397ed5_91714a58.json,91714a58.json,1,1,89,true,|0000000000000000|0000000000000000|0000000000000000|0000000000000000|0000000000000000|0000000000000000|0000000000000000|0000000000000000|0000000000000000|0000000000000000|0000055555500000|0000055555500000|0000000000000000|0000000000000000|0000000000000000|0000000000000000|,It’s obviously making most of the board black. I made the gray box symmetrical to march the examples provided.,It’s obviously making most of the board black. I made the gray box symmetrical to march the examples provided.,true,2.661130
expv2,training,1f7cc6dbe731e3fb05ee41b4a9cd7cb6,1f7cc6dbe731e3fb05ee41b4a9cd7cb6_93b581b8.json,93b581b8.json,2,1,60,true,|000000|550022|550022|003100|002500|110033|,Made a two cell line or a square of the color diagonal to the color the line or square is next to. ,Made a two cell line or a square of the color diagonal to the color the line or square is next to. ,true,2.007435
expv2,training,feb1831867cdaae8dceae64cfc5d1d30,feb1831867cdaae8dceae64cfc5d1d30_dae9d2b5.json,dae9d2b5.json,5,1,22,true,|666|660|660|,"Output should be a 3x3 square. Turn all green squares into purple and then see where the yellow squares fall in the 3x3 output square. If there are no green squares where the yellow square is, turn that corresponding square purple in the output.","Output should be a 3x3 square. Turn all green squares into purple and then see where the yellow squares fall in the 3x3 output square. If there are no green squares where the yellow square is, turn that corresponding square purple in the output.",true,1.559055
expv2,training,802c407d4568ef19026e16478fae4bdb,802c407d4568ef19026e16478fae4bdb_810b9b61.json,810b9b61.json,1,1,83,true,|000000011111|033330010001|030030010001|033330010001|000000011011|000000000000|011000000000|000033333000|010030003001|000030003000|000033333000|000000000000|,Copy the image and change any enclosed shapes from blue to green,Copy the image and change any enclosed shapes from blue to green,true,1.739232
expv2,training,6163eae42f7d15eb1810b2c6de68072a,6163eae42f7d15eb1810b2c6de68072a_00d62c1b.json,00d62c1b.json,3,1,158,true,|00000000000000000000|00300000000000000000|03433000000000000000|00303333303300000000|00003444434430000000|00003333303330000000|00000000000003333300|00000000000003444300|00000000000003444300|00000000033333444300|00000000034443444300|00000000333333444300|00000033430003333300|00300000330000000000|03430000000000000000|00303033333300000000|00000003444300000000|00000003444300000000|00000003333300000000|00000000000000000000|,Example 3 and example 4 concept using the rule.,Example 3 and example 4 concept using the rule.,true,2.724138
expv2,training,6bcae0cc51838a4464822403e839251d,6bcae0cc51838a4464822403e839251d_d43fd935.json,d43fd935.json,1,1,43,true,|0002000000|2002000000|0002000200|6002000000|0002000600|0002000000|6633000000|0033000000|0006000200|0006060000|,"Extend a line towards and any square that is directly east,south,north or west of the green squares. Use the remote blocks colors to make this line.","Extend a line towards and any square that is directly east,south,north or west of the green squares. Use the remote blocks colors to make this line.",true,2.054608
expv2,training,6bcae0cc51838a4464822403e839251d,6bcae0cc51838a4464822403e839251d_d364b489.json,d364b489.json,2,1,102,true,|7160000071|0800000208|0002007160|0071600800|0008000000|2000000200|1600007160|8000000800|0000200000|0007160000|,"For each blue block place a red block above it, a purple block to the right of it, a light blue block below it, and an orange block to the left of it.","For each blue block place a red block above it, a purple block to the right of it, a light blue block below it, and an orange block to the left of it.",true,2.233577
expv2,training,6bcae0cc51838a4464822403e839251d,6bcae0cc51838a4464822403e839251d_d2abd087.json,d2abd087.json,3,1,48,true,|0110002200|0110002200|1111022000|0000000000|0220000100|0222200100|0000000100|0000000100|0111110000|0000000000|,Fill each block cluster with exactly six connecting blocks red and all other block clusters blue.,Fill each block cluster with exactly six connecting blocks red and all other block clusters blue.,true,1.515789
expv2,training,6bcae0cc51838a4464822403e839251d,6bcae0cc51838a4464822403e839251d_d4469b4b.json,d4469b4b.json,5,1,24,true,|050|555|050|,If the input grid contains blue blocks create a plus sign in a 3x3 grid using grey blocks. If the input grid contains red blocks create a T shape in a 3x3 grid using grey blocks. If the input grid contains green blocks fill in the bottom and right side of a 3x3 grid using grey blocks.,If the input grid contains blue blocks create a plus sign in a 3x3 grid using grey blocks. If the input grid contains red blocks create a T shape in a 3x3 grid using grey blocks. If the input grid contains green blocks fill in the bottom and right side of a 3x3 grid using grey blocks.,true,1.666667
expv2,training,a57d172babad17f6614f6cb26d288892,a57d172babad17f6614f6cb26d288892_7e0986d6.json,7e0986d6.json,3,1,99,true,|00000000000055550|00000000000055550|05555555500055550|05555555500055550|05555555500055550|05555555500055550|05555555500055550|05555555500000000|00000000000000000|00000000000000000|00000055555500000|00000055555500000|,Remove the colors that dont have similar connecting colors,Remove the colors that dont have similar connecting colors,true,1.659218
expv2,training,a57d172babad17f6614f6cb26d288892,a57d172babad17f6614f6cb26d288892_7f4411dc.json,7f4411dc.json,4,1,35,true,|0000000000|0000000000|0888000000|0888000000|0000000000|0000888880|0000888880|0000888880|0000000000|0000000000|,Remove the non background color squares that arent apart of a normal rectangle or square,Remove the non background color squares that arent apart of a normal rectangle or square,true,1.493902
expv2,training,3813ca0ba11b09e86979c470f0e6725e,3813ca0ba11b09e86979c470f0e6725e_1b60fb0c.json,1b60fb0c.json,5,1,62,true,|0000100000|0011111000|0000110010|0200100010|0220111111|2222110110|0200010010|0200110000|0001111100|0000010000|,Copy the test input and make it so the top and bottom half and the left and right half are mirror images of each other. Fill in the missing side with the color red.,Copy the test input and make it so the top and bottom half and the left and right half are mirror images of each other. Fill in the missing side with the color red.,true,1.710345
expv2,training,e26808768ab851eacb64c9b8e97fe99a,e26808768ab851eacb64c9b8e97fe99a_321b1fc6.json,321b1fc6.json,2,1,69,true,|0000000000|0440004400|3433034330|0030000300|0000000000|0000000000|0000004400|0000034330|0000000300|0000000000|,finished,finished,true,1.581662
expv2,training,1337f45837efc2348db7048836e9c2c7,1337f45837efc2348db7048836e9c2c7_fcb5c309.json,fcb5c309.json,5,1,113,true,|88888888|80808008|80000008|80000008|80000008|80800008|80000808|88888888|,The output would be the shape of the largest box with the same locations and the width and height the same as that box.  The color is of the random colored squares,The output would be the shape of the largest box with the same locations and the width and height the same as that box.  The color is of the random colored squares,true,1.991189
expv2,training,6c315540c490be5d85dd60c53dbbea4b,6c315540c490be5d85dd60c53dbbea4b_017c7c7b.json,017c7c7b.json,1,1,61,true,|222|020|020|222|020|020|222|020|020|,connecting the grids.,connecting the grids.,true,1.726415
expv2,training,6ce74c0a4794b6f332b4e0c200cd5fff,6ce74c0a4794b6f332b4e0c200cd5fff_32597951.json,32597951.json,2,1,132,true,|10010010010010010|01001001001001001|00100100100100100|10010010010010010|01001001001001001|00100100100100100|10010010010010010|01001001001001001|00100100100100100|10010010010010010|01001001001001001|00100108388380100|10010018838830010|01001003883881001|00100108388380100|10010010010010010|01001001001001001|,VERY INTERESTING TASK,VERY INTERESTING TASK,true,2.422018
expv2,training,6ce74c0a4794b6f332b4e0c200cd5fff,6ce74c0a4794b6f332b4e0c200cd5fff_2dd70a9a.json,2dd70a9a.json,3,1,64,true,|8888000008800|8000082233000|0800880003000|0080000083008|0080008003008|0008000083800|0000000003800|8083333333800|0880080000800|0000008800000|0880008000000|0008000000000|0000000000080|,NICE,NICE,true,1.811321
expv1,training,96272dec10d650fcc9002e47bc766a63,96272dec10d650fcc9002e47bc766a63_e9614598.json,e9614598.json,4,1,27,true,|000000000000|000000000000|000000300000|010003330001|000000300000|000000000000|000000000000|000000000000|000000000000|000000000000|000000000000|000000000000|,"A green plus sign is placed between the two given blue squares, with the center of the green plus sign being the middle point between the blue squares.","A green plus sign is placed between the two given blue squares, with the center of the green plus sign being the middle point between the blue squares.",true,1.563707
expv1,training,96272dec10d650fcc9002e47bc766a63,96272dec10d650fcc9002e47bc766a63_7e0986d6.json,7e0986d6.json,10,1,95,true,|00000000000055550|00000000000055550|05555555500055550|05555555500055550|05555555500055550|05555555500055550|05555555500055550|05555555500000000|00000000000000000|00000000000000000|00000055555500000|00000055555500000|,"The irregular placed color squares disappear, and the large rectangular shapes fill in with their original color.","The irregular placed color squares disappear, and the large rectangular shapes fill in with their original color.",true,1.592179
expv1,training,2b51f7c49cad5753db361b45f3060e2b,2b51f7c49cad5753db361b45f3060e2b_6e02f1e3.json,6e02f1e3.json,7,1,16,true,|005|050|500|,Multiple colors are shifted to gray and black diagonal lines and monocolors to straight lines.,Multiple colors are shifted to gray and black diagonal lines and monocolors to straight lines.,true,1.534247
expv1,training,47d4ec31a159ccf81b6a0926eb8c7fb9,47d4ec31a159ccf81b6a0926eb8c7fb9_e98196ab.json,e98196ab.json,8,1,51,true,|60006060007|00770000706|60006070006|07070000067|60060070000|,"Simply place the bottom portion of the squares of the input in the first five rows according to their location. Place the  other squares in their respective locations, too.","Simply place the bottom portion of the squares of the input in the first five rows according to their location. Place the  other squares in their respective locations, too.",true,1.608833
expv1,training,396ef5237c25b235f3753aa5b55c3cb6,396ef5237c25b235f3753aa5b55c3cb6_4093f84a.json,4093f84a.json,1,1,48,true,|00000550000000|00005555000000|00000550000000|00005550000000|00005550000000|00000550000000|00000555500000|00000550000000|00000550000000|00000550000000|00000550000000|00055555000000|00000550000000|00000555000000|,"I kept the middle gray line intact and moved the squares outside the line up to the line. I also changed their color from yellow to gray, matching the middle line.","I kept the middle gray line intact and moved the squares outside the line up to the line. I also changed their color from yellow to gray, matching the middle line.",true,1.509434
expv1,training,9bdc44f39ffaca394834f2ca247e4679,9bdc44f39ffaca394834f2ca247e4679_8d5021e8.json,8d5021e8.json,3,1,74,true,|3333|0330|3333|3333|0330|3333|3333|0330|3333|,flip the pattern top to bottom then replicate on both sides,flip the pattern top to bottom then replicate on both sides,true,1.703325
expv1,training,711d0c02b8e764941f0b4e87d382f5d2,711d0c02b8e764941f0b4e87d382f5d2_137eaa0f.json,137eaa0f.json,2,1,50,true,|498|954|922|,"transfer the relative positions of the colored cells from the 11 x 11 grid to the 3 x 3 grid, with the gray colored cell in the center.","transfer the relative positions of the colored cells from the 11 x 11 grid to the 3 x 3 grid, with the gray colored cell in the center.",true,1.818182
expv1,training,e391262ee27772f4b67744d5f902ae9f,e391262ee27772f4b67744d5f902ae9f_4522001f.json,4522001f.json,7,1,66,true,|000003333|000003333|000003333|000003333|033330000|033330000|033330000|033330000|000000000|,Have the green box be one row off the edge on the side where the red box appears and then connect another green box on the opposite side.,Have the green box be one row off the edge on the side where the red box appears and then connect another green box on the opposite side.,true,1.521614
expv1,training,8d7c56529be9303b05e8788777d6c7cd,8d7c56529be9303b05e8788777d6c7cd_b60334d2.json,b60334d2.json,2,1,106,true,|515000000|101000000|515515000|000101000|000515515|000000101|051500515|010100000|051500000|,I made the gray squares from Test Input black on Test Output and then surrounded it with the blue and gray pattern,I made the gray squares from Test Input black on Test Output and then surrounded it with the blue and gray pattern,true,1.682540
expv1,training,c0841ccd8b2c5b64b36888e79697cb1a,c0841ccd8b2c5b64b36888e79697cb1a_890034e9.json,890034e9.json,7,1,288,true,|021011110010120111012|111021210111101110211|111022111110111011211|221111111110333301111|021011221101300301112|100110111110300310020|011000110110300310111|111221012211300301112|101010021110300311010|010011011111333301101|011101011110111101111|011100101011111001110|010011111111100211111|133331202110100100111|230031010101111111110|130031120111021110111|130031200012111210101|130031101010101111111|030031020111101102111|133331111111111100110|111210101011111101111|,outline similar shape with green,outline similar shape with green,true,4.954839
expv1,training,736a8982ca05b0d998bdac92c7082541,736a8982ca05b0d998bdac92c7082541_0962bcdd.json,0962bcdd.json,1,1,96,true,|000000403040|000000043400|000000334330|000000043400|000000403040|403040000000|043400000000|334330000000|043400000000|403040000000|000000000000|000000000000|,"Add diagonal lines of boxes with length equal to 2 squares of the same central color. Extend the horizontal and vertical  lines of boxes by 1 square, keeping the same color as end points of the horizontal and vertical lines. Add the existing pattern in the same location as in the Input","Add diagonal lines of boxes with length equal to 2 squares of the same central color. Extend the horizontal and vertical  lines of boxes by 1 square, keeping the same color as end points of the horizontal and vertical lines. Add the existing pattern in the same location as in the Input",true,1.846154
expv1,training,a1ed73544bc9ce777ecbf84a402b407b,a1ed73544bc9ce777ecbf84a402b407b_1a07d186.json,1a07d186.json,5,1,85,true,|00002000000300000000400000|00002000000300000000400000|00002200000300000000400000|00002000000300000000400000|00002000000300000000400000|00002000000300000000400000|00002000000300000000400000|00002000000300000004400000|00002000000300000000400000|00002000000330000000400000|00022000000300000000400000|00002000000300000000400000|00002000000300000000400000|00002000000300000000400000|00002000000300000000400000|00002000003300000000440000|00002000000300000000400000|00002000000330000000400000|00002000000300000000400000|,"the colored lines act like magnets and attract the same colored squares. yellow line attract yellow, red attract red. other colored squares not apart of a line turn to black. isolated colored squares are pulled next to their corresponding colored line","the colored lines act like magnets and attract the same colored squares. yellow line attract yellow, red attract red. other colored squares not apart of a line turn to black. isolated colored squares are pulled next to their corresponding colored line",true,1.808511
expv1,training,736a8982ca05b0d998bdac92c7082541,736a8982ca05b0d998bdac92c7082541_a61ba2ce.json,a61ba2ce.json,4,1,57,true,|3388|3008|1006|1166|,Downsize the box to a 4X4 grid. Note the orientation and color of the the four V-shaped groups of boxes in the input (each 3 squares in size) and position them with the output in the correct orientation and matching color so that the center 2X2 array remains black and all of the other boxes are covered by these 3 square V shapes.,Downsize the box to a 4X4 grid. Note the orientation and color of the the four V-shaped groups of boxes in the input (each 3 squares in size) and position them with the output in the correct orientation and matching color so that the center 2X2 array remains black and all of the other boxes are covered by these 3 square V shapes.,true,1.932203
expv1,training,736a8982ca05b0d998bdac92c7082541,736a8982ca05b0d998bdac92c7082541_3eda0437.json,3eda0437.json,5,1,33,true,|066610101000001000011010|166611110000110110111110|066601110110100011001111|001100000111110110110001|,"Copy the test Input. Then, find the largest group of solid  black squares  such that all of those blocks, and no more, can be contained in a rectangle. Change the color of those blocks to purple.","Copy the test Input. Then, find the largest group of solid  black squares  such that all of those blocks, and no more, can be contained in a rectangle. Change the color of those blocks to purple.",true,1.633663
expv1,training,736a8982ca05b0d998bdac92c7082541,736a8982ca05b0d998bdac92c7082541_d0f5fe59.json,d0f5fe59.json,6,1,47,true,|80000|08000|00800|00080|00008|,Count the number of distinct groupings of colored blocks in the input. Make the output box of the size   (count) X (count) where count is the number found in the first step. Then make all the blocks in a diagonal running from the upper left to lower right the same color as the colored blocks in the test input. Keep all the other blocks black.,Count the number of distinct groupings of colored blocks in the input. Make the output box of the size   (count) X (count) where count is the number found in the first step. Then make all the blocks in a diagonal running from the upper left to lower right the same color as the colored blocks in the test input. Keep all the other blocks black.,true,2.455224
expv1,training,736a8982ca05b0d998bdac92c7082541,736a8982ca05b0d998bdac92c7082541_99fa7670.json,99fa7670.json,7,1,58,true,|00088888|00000008|00777777|00000007|00000222|00000002|00000002|,"Copy the test Input.  Change all boxes on the same row and to the right of each colored box taken from the Input to the color of the box for that row.  For the remaining black boxes in the right most vertical line of squares, change each one to the color of the square immediately above it, starting from the top. If the top square is black, leave it black, but all other boxes on the far right column should now have a non-black color.","Copy the test Input.  Change all boxes on the same row and to the right of each colored box taken from the Input to the color of the box for that row.  For the remaining black boxes in the right most vertical line of squares, change each one to the color of the square immediately above it, starting from the top. If the top square is black, leave it black, but all other boxes on the far right column should now have a non-black color.",true,1.676301
expv1,training,2a9f88a280e5a494865b11e466663ff0,2a9f88a280e5a494865b11e466663ff0_868de0fa.json,868de0fa.json,1,1,244,true,|00000000000011111000|00000000000017771000|01111111100017771000|01222222100017771000|01222222100011111000|01222222100000000000|01222222100000000000|01222222101111111111|01222222101222222221|01111111101222222221|00000000001222222221|01111111001222222221|01777771001222222221|01777771001222222221|01777771001222222221|01777771001222222221|01777771001111111111|01111111000000000000|00000000000000000000|00000000000000000000|,"Squares with odd number of blocks on the sides are orange, while squares with even number of blocks on the sides are red.","Squares with odd number of blocks on the sides are orange, while squares with even number of blocks on the sides are red.",true,2.029106
expv1,training,da1b576b3e719bb309d7c2591a2fdded,da1b576b3e719bb309d7c2591a2fdded_41e4d17e.json,41e4d17e.json,5,1,143,true,|888886886888888|888886111118888|888886186818888|666666166616666|888886186818888|888886111118888|888886886888888|888886886888888|888886886888888|888111116888888|888186816888888|666166616666666|888186816888888|888111116888888|888886886888888|,Magenta crosses through the blue box.,Magenta crosses through the blue box.,true,1.765432
expv1,training,da1b576b3e719bb309d7c2591a2fdded,da1b576b3e719bb309d7c2591a2fdded_d6ad076f.json,d6ad076f.json,7,1,77,true,|1111000000|1111000222|1111888222|1111888222|1111888222|1111888222|1111000222|1111000000|0000000000|0000000000|,Put a light blue box between the two existing boxes with a one brick overhang on the smaller box,Put a light blue box between the two existing boxes with a one brick overhang on the smaller box,true,2.313305
expv1,training,da1b576b3e719bb309d7c2591a2fdded,da1b576b3e719bb309d7c2591a2fdded_2dd70a9a.json,2dd70a9a.json,10,1,64,true,|8888000008800|8000082233000|0800880003000|0080000083008|0080008003008|0008000083800|0000000003800|8083333333800|0880080000800|0000008800000|0880008000000|0008000000000|0000000000080|,Go from orange to green without going through any blues. Orange to green with the same line then through to the green.,Go from orange to green without going through any blues. Orange to green with the same line then through to the green.,true,1.811321
expv1,training,48994222818d3cd44733034d7fa60c67,48994222818d3cd44733034d7fa60c67_94f9d214.json,94f9d214.json,10,1,27,true,|2000|0000|2020|0002|,Any square that was black in the blue and green portion was colored red in the output section,Any square that was black in the blue and green portion was colored red in the output section,true,1.883721
expv1,training,f1b9ce4e8bbbd4cf7658000030063259,f1b9ce4e8bbbd4cf7658000030063259_913fb3ed.json,913fb3ed.json,4,1,67,true,|6660000000000000|6360000000000000|6660000000000000|0000000000000000|0000000000000000|0000000000000000|0000000000000000|0000000000000000|0000000000000000|0000000000001110|0000000000001210|0000000000001110|0000000000000000|0444000000000000|0484000000000000|0444000000000000|,"Surrounding cells of the colored squares get filled. Red gets surrounded by blue, light blue surrounded by yellow, and green surrounded by pink. ","Surrounding cells of the colored squares get filled. Red gets surrounded by blue, light blue surrounded by yellow, and green surrounded by pink. ",true,1.820652
expv1,training,e7c15a924938586444d8b0643c60f288,e7c15a924938586444d8b0643c60f288_0520fde7.json,0520fde7.json,9,1,12,true,|202|000|000|,"Similar to a previous task, this one just requires me to look at the blue tiles in each subsection of the input, find where they correspond, and with the resulting merger, paint the output in red. It's like an AND gate, isn't it?","Similar to a previous task, this one just requires me to look at the blue tiles in each subsection of the input, find where they correspond, and with the resulting merger, paint the output in red. It's like an AND gate, isn't it?",true,1.500000
expv1,training,e6f7e9fc0c780921eb4b746e269ab07b,e6f7e9fc0c780921eb4b746e269ab07b_42a50994.json,42a50994.json,3,1,59,true,|03000000003003|30000003333003|30000030000000|00300000033300|00300000003000|00000000000000|00000000000000|00003300000000|00000000003300|00000000000000|00003030000000|00030300000000|00033303300000|30030030000030|30300000000300|30000300000000|00330030000033|,"If a green square is only touched by a black square or the edge of the grid horizontally, diagonally and vertically, change the green square to a black square.","If a green square is only touched by a black square or the edge of the grid horizontally, diagonally and vertically, change the green square to a black square.",true,1.920930
expv1,training,e6f7e9fc0c780921eb4b746e269ab07b,e6f7e9fc0c780921eb4b746e269ab07b_3bdb4ada.json,3bdb4ada.json,9,1,73,true,|00000000000000000000|00555555500000000000|00505050500000000000|00555555500000000000|00000000000000000000|04444444444444000000|04040404040404000000|04444444444444000000|00000000000000088888|00000000000000080808|00000000000000088888|,"Within the grey, yellow, and light blue rectangles, color every other square black in each rectangles middle row, while still maintaining the border color of each rectangle.","Within the grey, yellow, and light blue rectangles, color every other square black in each rectangles middle row, while still maintaining the border color of each rectangle.",true,1.752000
expv1,training,79c4bc130701b592b83f489ddb155ca2,79c4bc130701b592b83f489ddb155ca2_0a938d79.json,0a938d79.json,6,1,73,true,|000003000040000300004000030|000003000040000300004000030|000003000040000300004000030|000003000040000300004000030|000003000040000300004000030|000003000040000300004000030|000003000040000300004000030|000003000040000300004000030|000003000040000300004000030|000003000040000300004000030|000003000040000300004000030|,"form vertical lines matching the colors in the example, then repeat those lines with the spacing indicated in the original.","form vertical lines matching the colors in the example, then repeat those lines with the spacing indicated in the original.",true,1.520833
expv1,training,fcaec52804bd12d961cad270ff98c0f3,fcaec52804bd12d961cad270ff98c0f3_23b5c85d.json,23b5c85d.json,3,1,22,true,|666|666|666|,Smallest colored section,Smallest colored section,true,1.980000
expv1,training,c6c5e0e0c07e573cd63c7fad29928e10,c6c5e0e0c07e573cd63c7fad29928e10_6d0160f0.json,6d0160f0.json,6,1,81,true,|00050005604|00050005020|00050005070|55555555555|00050005000|00050005000|00050005000|55555555555|00050005000|00050005000|00050005000|,"Find the 3x3 square that has the yellow block in it. Once you do that, use the position of that yellow block in the 3x3 grid to position that cube in your 3x3 cube grid.","Find the 3x3 square that has the yellow block in it. Once you do that, use the position of that yellow block in the 3x3 grid to position that cube in your 3x3 cube grid.",true,1.563707
expv1,training,dd55f7f830586bcacfca0489ba65e224,dd55f7f830586bcacfca0489ba65e224_941d9a10.json,941d9a10.json,2,1,45,true,|1505005050|5555555555|0505005050|0505005050|5555555555|0505225050|5555555555|0505005050|5555555555|0505005053|,"The blue in the top corner, the red boxes in the middle, and the green boxes at the lowest intersection.","The blue in the top corner, the red boxes in the middle, and the green boxes at the lowest intersection.",true,2.234043
expv1,training,dd55f7f830586bcacfca0489ba65e224,dd55f7f830586bcacfca0489ba65e224_496994bd.json,496994bd.json,3,1,44,true,|333333|555555|555555|000000|000000|000000|000000|555555|555555|333333|,"The top lines mirrored the bottom lines in the output, I used the colors and the locations to match.","The top lines mirrored the bottom lines in the output, I used the colors and the locations to match.",true,1.612565
expv5,training,ffbb0029213d80cec7a1319f2ff3da4b,ffbb0029213d80cec7a1319f2ff3da4b_39e1d7f9.json,39e1d7f9.json,3,1,91,true,|00400400400400400488433488400|00400400400400400488433488400|44444444444444444444444444444|00400400400400400433466433400|00400400400400400433466433400|44444444444444444444444444444|00400488433488400488433488400|00400488433488400488433488400|44444444444444444444444444444|00400433466433400400400400400|00400433466433400400400400400|44444444444444444444444444444|00400488433488400400400400400|00400488433488400400400400400|44444444444444444444444444444|00400400400400400400400400400|00400400400400400400400400400|44444444444444444444444444444|00400400400488433488400400400|00400400400488433488400400400|44444444444444444444444444444|33488400400433466433400400400|33488400400433466433400400400|44444444444444444444444444444|66433400400488433488400400400|66433400400488433488400400400|44444444444444444444444444444|33488400400400400400400400400|33488400400400400400400400400|,Use the test input to get the color pattern for surrounding the pink blocks and surround the pink blocks in the test output with the same pattern of colors.,Use the test input to get the color pattern for surrounding the pink blocks and surround the pink blocks in the test output with the same pattern of colors.,true,1.693023
expv5,training,cadd12df9bd49b9d5b908816b0551da2,cadd12df9bd49b9d5b908816b0551da2_06df4c85.json,06df4c85.json,3,1,110,true,|00400400400400400400400400|00400400400400400400400400|44444444444444444444444444|00400488400400422400400400|00400488400400422400400400|44444444444444444444444444|00400488400400422400400400|00400488400400422400400400|44444444444444444444444444|00400488400400422400433400|00400488400400422400433400|44444444444444444444444444|00400488400400422400400400|00400488400400422400400400|44444444444444444444444444|00400400400400422400400400|00400400400400422400400400|44444444444444444444444444|00422422422422422400400400|00422422422422422400400400|44444444444444444444444444|00400400400400400400400400|00400400400400400400400400|44444444444444444444444444|00400400400400400400400400|00400400400400400400400400|,Create the grid and then imagine the 2x2 squares as points and then connect them in the grid with the correct color.,Create the grid and then imagine the 2x2 squares as points and then connect them in the grid with the correct color.,true,2.350427
expv1,training,034ef526357510010f808ffd936adbaa,034ef526357510010f808ffd936adbaa_beb8660c.json,beb8660c.json,7,1,63,true,|00000000|00000000|00000000|00000009|00000077|00000666|00001111|00044444|00333333|02222222|88888888|,Colors should be stacked from the bottom up and right aligned based on the largest number of squares filled to the smallest number of squares filled with empty black space to finish out the shape. ,Colors should be stacked from the bottom up and right aligned based on the largest number of squares filled to the smallest number of squares filled with empty black space to finish out the shape. ,true,1.546012
expv1,training,37f84369d15c9cdc41b13b48b92a3e15,37f84369d15c9cdc41b13b48b92a3e15_5614dbcf.json,5614dbcf.json,5,1,20,true,|400|030|090|,"On a 3 x 3 grid, place the color of each 9 x 9 square in the original square in its corresponding location. Ignore gray squares in the original.","On a 3 x 3 grid, place the color of each 9 x 9 square in the original square in its corresponding location. Ignore gray squares in the original.",true,1.553398
expv1,training,f5cadb9507cf607a1be966569482aa3a,f5cadb9507cf607a1be966569482aa3a_40853293.json,40853293.json,7,1,81,true,|00000000000000000000|00030000000000000000|00030000050000000000|02232222252222222000|00030000050000000000|00030000050000000000|00030000050000000000|00030007757777000000|00030000050000000000|00030000050000000000|00030000000000000000|00030000000000000000|00030000000000000000|00030000000000000000|00030000888888800000|00030000000000000000|00030000000000000000|00030000000000000000|00030000000000000000|00000000000000000000|,Extend the squares out to connect matching colors in a line. The vertical lines overlap the horizontal ,Extend the squares out to connect matching colors in a line. The vertical lines overlap the horizontal ,true,1.827068
expv1,training,9ee1c7c7ec2090914eb1a4d914d515ba,9ee1c7c7ec2090914eb1a4d914d515ba_8d510a79.json,8d510a79.json,1,1,65,true,|0001001000|0201001020|0200001020|0200000020|5555555555|2000020000|2000020000|2010020000|2010000000|0010000010|,"For the top one, to bring the bar beneath the peach and above the blue, and then the opposite for underneath the gray blocks","For the top one, to bring the bar beneath the peach and above the blue, and then the opposite for underneath the gray blocks",true,1.780822
expv1,training,e97b01b2b6caf817135950e1e81d18b9,e97b01b2b6caf817135950e1e81d18b9_91714a58.json,91714a58.json,9,1,87,true,|0000000000000000|0000000000000000|0000000000000000|0000000000000000|0000000000000000|0000000000000000|0000000000000000|0000000000000000|0000000000000000|0000000000000000|0000055555500000|0000055555500000|0000000000000000|0000000000000000|0000000000000000|0000000000000000|,I singled out the large shape and made it a rectangle.,I singled out the large shape and made it a rectangle.,true,2.601329
expv1,training,9ee1c7c7ec2090914eb1a4d914d515ba,9ee1c7c7ec2090914eb1a4d914d515ba_8e1813be.json,8e1813be.json,9,1,63,true,|2222222|3333333|8888888|4444444|6666666|1111111|7777777|,"Change the grid size to match the gray box. Then, run each color across the entire row.","Change the grid size to match the gray box. Then, run each color across the entire row.",true,1.544118
expv1,training,133920c4c4f59b0ccb1e2b2b9037fb4d,133920c4c4f59b0ccb1e2b2b9037fb4d_6d0aefbc.json,6d0aefbc.json,9,1,124,true,|686686|868868|161161|,The output consists of the original shape and a mirror image next to it.,The output consists of the original shape and a mirror image next to it.,true,2.796992
expv1,training,0727096a7fe1e756721b3b85b6e19e11,0727096a7fe1e756721b3b85b6e19e11_c909285e.json,c909285e.json,10,1,117,true,|888888|822428|820408|844448|820408|888888|,Duplicate the pattern inside the square that is the odd color (light blue).,Duplicate the pattern inside the square that is the odd color (light blue).,true,1.931889
expv1,training,ad19c6b7b9c74e4aa50f3994ef295fe0,ad19c6b7b9c74e4aa50f3994ef295fe0_8403a5d5.json,8403a5d5.json,6,1,81,true,|0015101510|0010101010|0010101010|0010101010|0010101010|0010101010|0010101010|0010101010|0010101010|0010151015|,"I assumed it was to extend the blue square up vertically, then alternate between black and blue until you reach the right side of the grid. Afterwards, I placed a gray square at the top of the first black vertical rectangle, then alternated between down and up until I reached the right side of the grid.","I assumed it was to extend the blue square up vertically, then alternate between black and blue until you reach the right side of the grid. Afterwards, I placed a gray square at the top of the first black vertical rectangle, then alternated between down and up until I reached the right side of the grid.",true,1.869231
expv1,training,99820d664927a31792470aa731ee2fa5,99820d664927a31792470aa731ee2fa5_ce602527.json,ce602527.json,6,1,46,true,|363|666|363|666|,"out of the three shapes given, I selected the one which is an alphabet, the complete one. I selected rows and columns just enough to fill it in. ","out of the three shapes given, I selected the one which is an alphabet, the complete one. I selected rows and columns just enough to fill it in. ",true,1.563107
expv1,training,99820d664927a31792470aa731ee2fa5,99820d664927a31792470aa731ee2fa5_a61ba2ce.json,a61ba2ce.json,7,1,46,true,|3388|3008|1006|1166|,made a 4 by 4 square and connected all given shapes.,made a 4 by 4 square and connected all given shapes.,true,1.559322
expv1,training,069b5bcb5260e313c6c0ca720699b803,069b5bcb5260e313c6c0ca720699b803_22eb0ac0.json,22eb0ac0.json,4,1,146,true,|0000000000|4000000002|0000000000|3333333333|0000000000|2000000009|0000000000|6666666666|0000000000|9000000004|,"Copy the grid, then connect pixels of the same color within the same row, using the same color.","Copy the grid, then connect pixels of the same color within the same row, using the same color.",true,2.900662
expv1,training,4498e7fd3e811b883afa98ece42455c1,4498e7fd3e811b883afa98ece42455c1_272f95fa.json,272f95fa.json,6,1,124,true,|000822228000000|000822228000000|000822228000000|000822228000000|000822228000000|000822228000000|888888888888888|444866668333333|444866668333333|444866668333333|444866668333333|444866668333333|444866668333333|888888888888888|000811118000000|000811118000000|000811118000000|,"Just fill in colors into the new image with orange on top, then yellow, pink and green on the next line, and then blue on the bottom.","Just fill in colors into the new image with orange on top, then yellow, pink and green on the next line, and then blue on the bottom.",true,2.066667
expv1,training,b45f198d54804113935eee8d2ad37f76,b45f198d54804113935eee8d2ad37f76_ba97ae07.json,ba97ae07.json,6,1,51,true,|004400|004400|555555|555555|004400|004400|004400|004400|004400|004400|004400|,The rule was to change the look of the picture. Make the underneath stripe become the over the top stripe.,The rule was to change the look of the picture. Make the underneath stripe become the over the top stripe.,true,2.174419
expv1,training,63abf018481b5ee48f4b2f85b36e7abc,63abf018481b5ee48f4b2f85b36e7abc_e9614598.json,e9614598.json,3,1,27,true,|000000000000|000000000000|000000300000|010003330001|000000300000|000000000000|000000000000|000000000000|000000000000|000000000000|000000000000|000000000000|,To create a 3x3 plus sign exactly between the 2 blue dots,To create a 3x3 plus sign exactly between the 2 blue dots,true,1.563707
expv1,training,e19a7333c23f83be137a51ec537f9613,e19a7333c23f83be137a51ec537f9613_e509e548.json,e509e548.json,2,1,107,true,|0606000000002000|0606000000002000|0666000000002220|0000000000002020|0000002200000020|0000002000000000|0002222200666000|0000000000006000|0000000006666000|0000000000000000|0000000000010000|0111111000010000|0000001000011100|0000001000000000|,I have color the output according to the shape.,I have color the output according to the shape.,true,1.898004
expv1,training,4498e7fd3e811b883afa98ece42455c1,4498e7fd3e811b883afa98ece42455c1_d5d6de2d.json,d5d6de2d.json,8,1,64,true,|0000000000|0300000000|0000000000|0000000000|0000000000|0033333300|0033333300|0033333300|0033333300|0000000000|,Reduplicate the shapes and fill in the black space within the shapes with green. Then black out the color of the old red shapes leaving only the green shapes.,Reduplicate the shapes and fill in the black space within the shapes with green. Then black out the color of the old red shapes leaving only the green shapes.,true,1.577465
expv1,training,ab95782d4e9410ef7f416a3137924b90,ab95782d4e9410ef7f416a3137924b90_bd4472b8.json,bd4472b8.json,3,1,130,true,|12348|55555|11111|22222|33333|44444|88888|11111|22222|33333|44444|88888|,"Colors are repeated in rows, going from left to right at the top.","Colors are repeated in rows, going from left to right at the top.",true,1.676218
expv1,training,90ed6db80869ea24464571176131d078,90ed6db80869ea24464571176131d078_673ef223.json,673ef223.json,8,1,72,true,|000000000000|200000000000|288888884000|288888840000|200000000000|288840000000|200000000000|000000000000|000000000000|000000000000|000000000000|000000000000|000000000000|000000000000|000000000002|888888888882|888888888882|000000000002|888888888882|000000000002|000000000000|,Based on the examples.,Based on the examples.,true,1.555556
expv6_1,evaluation,f8bd63c74cf0dc6f371ab972c0e425a4,f8bd63c74cf0dc6f371ab972c0e425a4_f4081712.json,f4081712.json,2,1,85,true,|8855|8885|6626|2266|6612|6661|,Fills the green section in the input with a pattern based on the rest of the image.,Fills the green section in the input with a pattern based on the rest of the image.,true,1.650485
expv6_1,evaluation,ec0e37e76c3719bffce29af17c9f4725,ec0e37e76c3719bffce29af17c9f4725_99306f82.json,99306f82.json,2,1,237,true,|20000000000000000000|03000000000000000000|00900000000000000000|00080000000000000000|00007000000000000000|00000111111111111110|00000122222222222210|00000123333333333210|00000123999999993210|00000123988888893210|00000123987777893210|00000123987777893210|00000123987777893210|00000123988888893210|00000123999999993210|00000123333333333210|00000122222222222210|00000111111111111110|00000000000000000000|00000000000000000000|,"Topright colors represent input into the box. Topleft most is the outer ring, innermost is the inner color.","Topright colors represent input into the box. Topleft most is the outer ring, innermost is the inner color.",true,1.556285
expv6_1,evaluation,ec0e37e76c3719bffce29af17c9f4725,ec0e37e76c3719bffce29af17c9f4725_1a6449f1.json,1a6449f1.json,4,1,123,true,|0000035400|0900000067|8000000000|0390006700|0000100001|0100080040|0006000302|0000050010|7000000081|0000040200|,Contents of the largest rectangle.,Contents of the largest rectangle.,true,1.742210
expv6_1,evaluation,b2950e829680cf0fef53daa28bed98bf,b2950e829680cf0fef53daa28bed98bf_baf41dbf.json,baf41dbf.json,5,1,152,true,|00000000000000000|00000000000000000|00333333333330000|00300000000030000|06300000000030000|00333333333330000|00300000000030000|00300000000030000|00300000000030000|00300000000030000|00300000000030000|00333333333336000|00000060000000000|00000000000000000|00000000000000000|00000000000000000|,You want to create the original green box in a 16x17 grid. You want to extend the boundaries of the box to touch each pink square while keeping the original shape inside with a straight line through horizontally. You should end up with a square green box that is just touching each pink square (which are on the outside),You want to create the original green box in a 16x17 grid. You want to extend the boundaries of the box to touch each pink square while keeping the original shape inside with a straight line through horizontally. You should end up with a square green box that is just touching each pink square (which are on the outside),true,2.049438
expv6_1,evaluation,da5f676ff7bf11f6cd4781fac5a4e230,da5f676ff7bf11f6cd4781fac5a4e230_00dbd492.json,00dbd492.json,5,1,155,true,|00000000000222220000|02222222220288820000|02333333320282820000|02333333320288820000|02333333320222220000|02333233320000000000|02333333320000000000|02333333320002222200|02333333320002888200|02222222220002828200|00000000000002888200|00000000000002222200|00000222222200000000|00000244444200000000|00000244444200000000|00000244244200000000|00000244444200000000|00000244444200000000|00000222222200000000|00000000000000000000|,A time consuming easy task,A time consuming easy task,true,1.693148
expv6_1,evaluation,7ed9ec4ca6d7e3c4e2289d79a830eed3,7ed9ec4ca6d7e3c4e2289d79a830eed3_59341089.json,59341089.json,2,1,146,true,|758857758857|575575575575|588885588885|,The output grid is a sequence of four input grids stacked left to right. These get mapped to in an alternating sequence of reflection through the vertical axis followed by an identity map. ,The output grid is a sequence of four input grids stacked left to right. These get mapped to in an alternating sequence of reflection through the vertical axis followed by an identity map. ,true,1.815920
expv6_1,evaluation,7ed9ec4ca6d7e3c4e2289d79a830eed3,7ed9ec4ca6d7e3c4e2289d79a830eed3_f21745ec.json,f21745ec.json,4,1,139,true,|0000000000000000000000|0000000000000000000000|0055555555000000000000|0050550055000000000000|0055505555000000000000|0050555005000000000000|0055555555000000000000|0000000000000000000000|0000000000011111111000|0000000000010110011000|0000000000011101111000|0000000000010111001000|0777777770011111111000|0707700770000000000000|0777077770000000000000|0707770070000000000000|0777777770000000000000|0000000000000000000000|0000000000000000000000|0000000000000000000000|0000000000000000000000|0000000000000000000000|0000000000000000000000|,Start by copying the input. Remove any minority shapes. One of the input shapes should have a pattern. Copy that pattern into the remainder of the shapes.,Start by copying the input. Remove any minority shapes. One of the input shapes should have a pattern. Copy that pattern into the remainder of the shapes.,true,1.672460
expv6_1,evaluation,7ed9ec4ca6d7e3c4e2289d79a830eed3,7ed9ec4ca6d7e3c4e2289d79a830eed3_833dafe3.json,833dafe3.json,5,1,285,true,|9009009999009009|9009002112009009|9009002992009009|0009002992009000|1119012002109111|0009012002109000|0009012002109000|0000010000100000|0000010000100000|0009012002109000|0009012002109000|1119012002109111|0009002992009000|9009002992009009|9009002112009009|9009009999009009|,"The output is four copies of the input, one for each corner.","The output is four copies of the input, one for each corner.",true,1.687817
expv6_1,evaluation,d5db4210c1605dabeff34375d5110251,d5db4210c1605dabeff34375d5110251_575b1a71.json,575b1a71.json,1,1,33,true,|5553555555|5555555555|5555555555|1555555555|5555545555|5525555555|5525555555|1555555555|5555555555|1555545555|,Create same grid pattern using different colors.,Create same grid pattern using different colors.,true,1.609756
expv6_1,evaluation,a96e59284dc0f9b89d10befaabab0731,a96e59284dc0f9b89d10befaabab0731_0a2355a6.json,0a2355a6.json,4,1,104,true,|00000000000000000|00444400000002220|00400400444002020|00444444404002220|00004040404002020|00004444444002020|00000000000022220|00000000000020020|00000000000022220|00111111000000000|00100001000000000|00100001003333333|00111111003003003|00000000003003003|00000000003333333|,"For shapes with a single opening, use blue. Two is green. Three is red. Four is yellow.","For shapes with a single opening, use blue. Two is green. Three is red. Four is yellow.",true,2.311111
expv6_1,evaluation,2f07d9a1ef1a816d50ac96243e3ee254,2f07d9a1ef1a816d50ac96243e3ee254_9ddd00f0.json,9ddd00f0.json,5,1,320,true,|0111010110110101110|1111011110111101111|1111011110111101111|1111011110111101111|0000000000000000000|1111011110111101111|0111010110110101110|1111011110111101111|1111011110111101111|0000000000000000000|1111011110111101111|1111011110111101111|0111010110110101110|1111011110111101111|0000000000000000000|1111011110111101111|1111011110111101111|1111011110111101111|0111010110110101110|,"The grid will be the same size and none of the colors will change. The sides must be mirrored images of each other (i.e., if this were a piece of paper and you folded it down or across, the squares would match each other). It may help to put down a different colored line going directly across the middle horizontally and vertically to help square placement.","The grid will be the same size and none of the colors will change. The sides must be mirrored images of each other (i.e., if this were a piece of paper and you folded it down or across, the squares would match each other). It may help to put down a different colored line going directly across the middle horizontally and vertically to help square placement.",true,1.845710
expv6_1,evaluation,5fd2d77447da55099ae2b1f7516381e4,5fd2d77447da55099ae2b1f7516381e4_ae58858e.json,ae58858e.json,1,1,33,true,|00002220|66000000|06600660|06000660|00000000|20220002|,Change any shape made up of four or more blocks to pink.,Change any shape made up of four or more blocks to pink.,true,1.590361
expv6_1,evaluation,f9eb47fca19ae78a88df6da565d18061,f9eb47fca19ae78a88df6da565d18061_fafd9572.json,fafd9572.json,1,1,99,true,|020000000000|474000000000|303000200000|000002220000|000002020000|000000000000|004000700040|044407770444|040407070404|000000000000|003000000030|033300000333|030300000303|000000000000|,change the colors based on their position in the original multicolored figure,change the colors based on their position in the original multicolored figure,true,2.025000
expv6_1,evaluation,23d102b56921182b4221066a6b64684a,23d102b56921182b4221066a6b64684a_93c31fbe.json,93c31fbe.json,1,1,161,true,|0000000000000000000000000000|0044004400000000000000000000|0040100400000000000000000000|0000110000004400004400000000|0001000000004010010400000000|0000000000000100001000000000|0001000000004010010400000000|0000110000004400004400000000|0040100400000000000000000000|0044004400000000000000000000|0000000000000000000440004400|0000000000000000000401000400|0000000000000000000000110000|0000000000000000000001100000|0000000000000000000000010000|0000000000000000000000000000|0004400000000440000000000000|0004001000010040000000000000|0000011000011000000000010000|0000000011000000000001100000|0000101100110100000000110000|0000011000011000000401000400|0004001000010040000440004400|0004400000000440000000000000|0000000000000000000000000000|0000000000000000000000000000|,Remove all blocks outside of the designated squares then create mirror images of the blocks within the imaginary squares.,Remove all blocks outside of the designated squares then create mirror images of the blocks within the imaginary squares.,true,1.543131
expv6_1,evaluation,4a0123e5ed19ea211635267bfcc515ab,4a0123e5ed19ea211635267bfcc515ab_31adaf00.json,31adaf00.json,5,1,96,true,|5110505050|5115055000|5505511550|5111011500|5111550005|0111115511|0055115511|5050505005|0550500555|0005550000|,Put blue in even numbered squares.,Put blue in even numbered squares.,true,1.652324
expv6_1,evaluation,70d343789ca526b9c3a5cdfa731999cf,70d343789ca526b9c3a5cdfa731999cf_1da012fc.json,1da012fc.json,1,1,97,true,|0000000000000000000000000|0003300004440000000000000|0033330040404000000000000|0003300000400000000000000|0000000000000000000000000|0000000000000000000000000|0000000000000000000000000|0000008880000000000000000|0000088088000000000000000|0000008880000000555555550|0000000000000000535554550|0000000000000000555555550|0000000000000000555555550|0001000000600600555855550|0011100006666660555555550|0001000000066000555555550|0000000000000000515556550|0000000000000000555555550|0000000000000000555555550|,The pattern was recoloring the shapes in the black area to match the colors in the gray area by relative location.,The pattern was recoloring the shapes in the black area to match the colors in the gray area by relative location.,true,1.572123
expv6_1,evaluation,e569802c7fdacc3d9062ce40183bd6eb,e569802c7fdacc3d9062ce40183bd6eb_639f5a19.json,639f5a19.json,2,1,255,true,|00000000000000000000000|00066611100000000000000|00066611100000000000000|00066441100000000000000|00066441100066666111110|00066441100066666111110|00022443300066444444110|00022443300066444444110|00022443300066444444110|00022233300066444444110|00022233300066444444110|00000000000022444444330|00000000000022444444330|00000000000022444444330|00000000000022444444330|00066611100022444444330|00066611100022222333330|00066441100022222333330|00022443300000000000000|00022233300000000000000|00022233300000000000000|00000000000000000000000|00000000000000000000000|,"I copied the input, replaced the light blue by yellow, and I added a border that is 2 boxes thick with blue on the top right, green on the bottom right, red on the bottom left, and purple on the top left quadrants.","I copied the input, replaced the light blue by yellow, and I added a border that is 2 boxes thick with blue on the top right, green on the bottom right, red on the bottom left, and purple on the top left quadrants.",true,1.808511
expv6_1,evaluation,b2950e829680cf0fef53daa28bed98bf,b2950e829680cf0fef53daa28bed98bf_94414823.json,94414823.json,2,1,102,true,|0000000000|0000000000|0055555500|0051199500|0051199500|0059911500|0059911500|0055555500|0900000010|0000000000|,Make a 6x6 square within the 10x10 grid. Keep the outside squares the same color and fill in the 6x6 square with the corresponding colors from the outside.,Make a 6x6 square within the 10x10 grid. Keep the outside squares the same color and fill in the 6x6 square with the corresponding colors from the outside.,true,2.423326
expv6_1,evaluation,01548da004c6123b7e8050119f45462f,01548da004c6123b7e8050119f45462f_8dae5dfc.json,8dae5dfc.json,1,1,231,true,|0000000000000000000|0444444444400000000|0444444444400000000|0441111114400000000|0441666614400888888|0441633614400844448|0441666614400845548|0441111114400845548|0444444444400844448|0444444444400888888|0000000000000000000|0003333333333333000|0003444444444443000|0003422222222243000|0003428888888243000|0003428666668243000|0003428888888243000|0003422222222243000|0003444444444443000|0003333333333333000|,The colors of each square progress in the opposite order from inside to outside.,The colors of each square progress in the opposite order from inside to outside.,true,1.673913
expv6_1,evaluation,01548da004c6123b7e8050119f45462f,01548da004c6123b7e8050119f45462f_351d6448.json,351d6448.json,5,1,56,true,|0030002000200|0333032202220|3333332222222|,In the input each successive rows turns another column of red to green. The output continues this pattern.,In the input each successive rows turns another column of red to green. The output continues this pattern.,true,1.684211
expv6_1,evaluation,2fd0edcd27d76416402561531ed5dcfe,2fd0edcd27d76416402561531ed5dcfe_bf89d739.json,bf89d739.json,2,1,50,true,|00000000000000000|00000000000000000|00000000000000000|00000020000000000|00000030000000000|00000030000000000|00002030000000000|00003030000000000|02333333333320000|00000000303000000|00000000302000000|00000000300000000|00000000200000000|00000000000000000|,Connect all red blocks to one another using a series of vertical and horizontal green blocks.,Connect all red blocks to one another using a series of vertical and horizontal green blocks.,true,1.503759
expv6_1,evaluation,70d316bb35f6e5004d606747a4accc32,70d316bb35f6e5004d606747a4accc32_9b2a60aa.json,9b2a60aa.json,1,1,71,true,|000000000000000000000000|000000000300400080080200|000000000000000000000000|000000000000000000000000|000000000000000000000000|000000000000000000000000|030000400000800008000200|333004440008880088802220|330004400008800088002200|000000000000000000000000|000000000000000000000000|000000000000000000000000|000000000000000000000000|,Color on the top was the order in which to go. The far right blank spaces between the designs are designed based on the spots between the colors up top.,Color on the top was the order in which to go. The far right blank spaces between the designs are designed based on the spots between the colors up top.,true,1.613636
expv6_1,evaluation,321b079c2d7b3969f2df7ee96c2a37e1,321b079c2d7b3969f2df7ee96c2a37e1_0d87d2a6.json,0d87d2a6.json,4,1,88,true,|0000010001110000000000000|0000010001110000000111100|0000010001110000000111100|0000111001110111110111100|1111111111111111111111111|0000111000000111110000000|0000010000000111110000220|0000010000000111110000220|0000010000000000000000220|0000010001100000000000000|0111110001100000000000000|1111111111111111111111111|0111110000000000000000000|0111110000000000000000000|0000010000000000000000000|0000010000000000000000000|0000011111111100000002220|0000011111111100000002220|0000011111111100022002220|0000011111111100022000000|0000011111111100000000000|0000010000000000000000000|0000010000000000000000000|,"Connect each blue tile with the one directly across from it with blue tiles. If any red shape that is touching a blue tile, fill it in with blue.","Connect each blue tile with the one directly across from it with blue tiles. If any red shape that is touching a blue tile, fill it in with blue.",true,1.580838
expv6_1,evaluation,11940e50c397b98ae4a0e182019e8c05,11940e50c397b98ae4a0e182019e8c05_af24b4cc.json,af24b4cc.json,4,1,33,true,|00000|01340|02520|00000|,Each square in the colored section of the output grid puls from the corresponding rectangle in the input grid,Each square in the colored section of the output grid puls from the corresponding rectangle in the input grid,true,1.650000
expv6_1,evaluation,186844c513023d14482ee5c6436378a3,186844c513023d14482ee5c6436378a3_070dd51e.json,070dd51e.json,4,1,95,true,|00000000000000000000|00030000000000000000|00030000050000000000|02232222252222222000|00030000050000000000|00030000050000000000|00030000050000000000|00030007757777000000|00030000050000000000|00030000050000000000|00030000000000000000|00030000000000000000|00030000000000000000|00030000000000000000|00030000888888800000|00030000000000000000|00030000000000000000|00030000000000000000|00030000000000000000|00000000000000000000|,"Connect horizontal lines in same color, then connect with vertical lines in correct color","Connect horizontal lines in same color, then connect with vertical lines in correct color",true,1.681416
expv6_1,evaluation,186844c513023d14482ee5c6436378a3,186844c513023d14482ee5c6436378a3_762cd429.json,762cd429.json,5,1,349,true,|000000000000001111111111111111|000000000000001111111111111111|000000000000001111111111111111|000000000000001111111111111111|000000111111111111111111111111|000000111111111111111111111111|001111111111111111111111111111|111111111111111111111111111111|888888888888888888888888888888|008888888888888888888888888888|000000888888888888888888888888|000000888888888888888888888888|000000000000008888888888888888|000000000000008888888888888888|000000000000008888888888888888|000000000000008888888888888888|,Make squares of 4 blocks twice than 8 blocks twice along a horizontal axis with corresponding color,Make squares of 4 blocks twice than 8 blocks twice along a horizontal axis with corresponding color,true,2.452811
expv6_1,evaluation,c5dcbaee2832c1a68e48f3f20d5f7d34,c5dcbaee2832c1a68e48f3f20d5f7d34_d4b1c2b1.json,d4b1c2b1.json,4,1,236,true,|777771111177777|777771111177777|777771111177777|777771111177777|777771111177777|333333333366666|333333333366666|333333333366666|333333333366666|333333333366666|888888888866666|888888888866666|888888888866666|888888888866666|888888888866666|,Number of colors used equal number square per box,Number of colors used equal number square per box,true,2.674221
expv6_1,evaluation,a18f3ff130e053f374ad414ce141ec37,a18f3ff130e053f374ad414ce141ec37_1e81d6f9.json,1e81d6f9.json,4,1,73,true,|000500000000000|010500000000000|000503000080007|555500600000000|000000000400620|000000900030000|000008700000030|000070072000000|000004000066000|000000008000000|000000000009000|000000009000000|000000000400020|000000000000000|000090000007000|,Remove all the dark blue squares.,Remove all the dark blue squares.,true,1.986395
expv6_1,evaluation,abbbf404d6f48dcf9f0b5d92d711cf1d,abbbf404d6f48dcf9f0b5d92d711cf1d_332efdb3.json,332efdb3.json,1,1,115,true,|11111111111|10101010101|11111111111|10101010101|11111111111|10101010101|11111111111|10101010101|11111111111|10101010101|11111111111|,The second row and then increments of two has its second spot and increments of two is kept black. The rest are colored blue.,The second row and then increments of two has its second spot and increments of two is kept black. The rest are colored blue.,true,1.634367
expv6_1,evaluation,6d5c3dab01665f0cb13b16964f8d794c,6d5c3dab01665f0cb13b16964f8d794c_54db823b.json,54db823b.json,2,1,128,true,|000000000000000|003333930000000|003933330000000|003333390000000|000000000000000|333330000000000|393930000000000|333330000000000|393930339930000|339330333330000|333330393930333|000000333330339|339300000000333|393900000000399|933300000000333|,Remove the shape with the least number of brownish red squares inside. Leave the rest.,Remove the shape with the least number of brownish red squares inside. Leave the rest.,true,1.929648
expv6_1,evaluation,6d5c3dab01665f0cb13b16964f8d794c,6d5c3dab01665f0cb13b16964f8d794c_ef26cbf6.json,ef26cbf6.json,4,1,50,true,|6004000|0604060|6604000|4444444|0024000|0224020|2004000|4444444|8804000|0804080|8884000|,The single blocks colors are used to change the blue blocks to their corresponding color.,The single blocks colors are used to change the blue blocks to their corresponding color.,true,1.863354
expv6_1,evaluation,8a466b27b24602481fcfdaccf443f561,8a466b27b24602481fcfdaccf443f561_2c0b0aff.json,2c0b0aff.json,4,1,116,true,|3888883888|8838833388|8333883838|8838888333|8888388838|8383338888|3338388883|8388888388|,Zoom in on the pattern with the most flowers.,Zoom in on the pattern with the most flowers.,true,2.181818
expv6_1,evaluation,ac8584fe7ee7ced9afbca397b7fea858,ac8584fe7ee7ced9afbca397b7fea858_506d28a5.json,506d28a5.json,3,1,59,true,|03333|00033|33033|33303|,I made the background squares green and them made the squares black that both the top and bottom half have in common,I made the background squares green and them made the squares black that both the top and bottom half have in common,true,1.806122
expv6_1,evaluation,c1c76db97c34eaf63899a1586719effd,c1c76db97c34eaf63899a1586719effd_25094a63.json,25094a63.json,3,1,143,true,|683338183881631231113122682386|166881336388211368831218238882|883631683863128182132444441836|131281822213183631131444441263|812386444444444413811444448368|613186444444444411316444446283|333383444444444413116288888813|331321444444444481132632188828|183283444444444468882831336131|812316444444444438661383328881|331128444444444438181862811163|611216832281638263213361286222|132812881322223338321166383316|812631328133818366831813323363|881328112121811333888333186113|683281311311838833363331363286|381182332816166863183888116331|881236331883368181223838826861|318233633631131181318281121338|888128831133336444444138288128|683812838318331444444828883311|816312881138238444444383833131|212218631388822444444881311326|113663228263862444444311338333|136183213313838444444383833812|883882222886833444444221618686|331118833328233333688228112188|663336338888136833811161262638|128321333313866181621633383818|862638288311611218121318363338|,Shading the solid colored shapes in the input into the color yellow into perfect squares.,Shading the solid colored shapes in the input into the color yellow into perfect squares.,true,2.211340
expv6_1,evaluation,d879f30bab9c1ed790f380fef2ef19ca,d879f30bab9c1ed790f380fef2ef19ca_332efdb3.json,332efdb3.json,2,1,109,true,|11111111111|10101010101|11111111111|10101010101|11111111111|10101010101|11111111111|10101010101|11111111111|10101010101|11111111111|,the black squares seem add or subtract based on the grid's height and width.,the black squares seem add or subtract based on the grid's height and width.,true,1.549096
expv6_2,training,063547ca4fb1523d4e3b1236a77d5a0a,063547ca4fb1523d4e3b1236a77d5a0a_e9afcf9a.json,e9afcf9a.json,5,1,69,true,|626262|262626|,,,true,2.684211
expv6_2,evaluation,73c1de82f716bda27c501529aa8b30d8,73c1de82f716bda27c501529aa8b30d8_e0fb7511.json,e0fb7511.json,2,1,101,true,|1118811111881|0111811111188|1188811011018|0118111110101|1111101111111|1810118111018|1881018111118|1810111188818|1111110111818|1018811118811|0118111101811|1111011111810|1111110101111|,Shading in only the black squares that touch each vertically or diagonally with light blue.,Shading in only the black squares that touch each vertically or diagonally with light blue.,true,1.663529
expv6_2,evaluation,ee67360c387825a516bd0dfd39034357,ee67360c387825a516bd0dfd39034357_0bb8deee.json,0bb8deee.json,2,1,81,true,|022333|020033|202300|066040|606404|660040|,"Recreate the shapes featured in the input display, minus the cross, on a 6 x 6 grid. Each of these shapes should contain the same number of squares in the output display as in the input, and should each occupy its own 3 x 3 corner of the grid relative to its position in the input.","Recreate the shapes featured in the input display, minus the cross, on a 6 x 6 grid. Each of these shapes should contain the same number of squares in the output display as in the input, and should each occupy its own 3 x 3 corner of the grid relative to its position in the input.",true,1.620000
expv6_2,evaluation,e3bbc35048e72fff7279147741004602,e3bbc35048e72fff7279147741004602_3194b014.json,3194b014.json,1,1,20,true,|555|555|555|,recreate the example input 2 since there were 4 different blocks of shape,recreate the example input 2 since there were 4 different blocks of shape,true,1.652893
expv6_2,evaluation,e3bbc35048e72fff7279147741004602,e3bbc35048e72fff7279147741004602_29700607.json,29700607.json,2,1,71,true,|00048500000|00048500000|00048500000|00048500000|00048500000|00048500000|00048500000|44448500000|00008500000|00008555555|00008000000|,recreate the input that has 3 colors but that only 2 out of them have a end point to,recreate the input that has 3 colors but that only 2 out of them have a end point to,true,1.572785
expv6_2,evaluation,a50081e2168f81433676d6d4a60c1ed2,a50081e2168f81433676d6d4a60c1ed2_c48954c1.json,c48954c1.json,5,1,233,true,|886688886|636636636|688886688|688886688|636636636|886688886|886688886|636636636|688886688|,"Starting with the bottom row of the input, working from right to left, create rows with the pattern of each square going from right to left, then left to right, then right to left again. For each subsequent row in the output, move up to the next row of input and repeat the pattern going from bottom to top, top to bottom, then bottom to top again.","Starting with the bottom row of the input, working from right to left, create rows with the pattern of each square going from right to left, then left to right, then right to left again. For each subsequent row in the output, move up to the next row of input and repeat the pattern going from bottom to top, top to bottom, then bottom to top again.",true,1.503226
expv6_2,evaluation,2e819873fe470fdad3db2cba01ff0890,2e819873fe470fdad3db2cba01ff0890_bb52a14b.json,bb52a14b.json,2,1,37,true,|0080008000001001000080|0001001881000088000100|0080088000181008000100|0880800000000000000000|0010001000100000000000|0008000000018011000000|0000000000000010100000|0000100000000010000800|0100484000000080000008|8000488080000080010810|0000414000000000080000|0800011001010000000108|0000001000000000000100|0100000000000000000800|0088800081000000000000|0000000000004840010000|1880000000004880000484|0800810000004140000488|0000000000008000000414|0088000000000100108100|0000000000100001000000|0000000008010808101000|,"Using the yellow squares, identify the cross shape pattern in the middle. Find the same pattern in the rest of the input and copy over the same nine square pattern.","Using the yellow squares, identify the cross shape pattern in the middle. Find the same pattern in the rest of the input and copy over the same nine square pattern.",true,1.626374
expv6_2,evaluation,2e819873fe470fdad3db2cba01ff0890,2e819873fe470fdad3db2cba01ff0890_9bebae7a.json,9bebae7a.json,3,1,95,true,|000000000000|000400400000|004444440000|004000040000|044400444000|004400440000|000000000000|000000000000|000000000000|000000000000|000000000000|,Create a mirror image of the yellow pattern.,Create a mirror image of the yellow pattern.,true,2.032086
expv6_3,evaluation,741961b6973486e602c62c5c9dd6423e,741961b6973486e602c62c5c9dd6423e_c3202e5a.json,c3202e5a.json,2,1,31,true,|00808|00000|80000|00880|00008|,I selected the square with the same colored squares,I selected the square with the same colored squares,true,1.952756
expv6_3,evaluation,5d2818aab8291cd8023209e5cc4e0f46,5d2818aab8291cd8023209e5cc4e0f46_e7639916.json,e7639916.json,5,1,76,true,|0000000000000|0000000000000|0000000000000|0008111111110|0001000000010|0001000000080|0001000000010|0001000000010|0001000000010|0001000000010|0001000000010|0001000000010|0001111181110|0000000000000|,Create a dark blue square from the light blue dots in the Input using one of them as the corner.,Create a dark blue square from the light blue dots in the Input using one of them as the corner.,true,1.882353
expv6_3,evaluation,463c32f02669ea81c4ea2ef7799cc498,463c32f02669ea81c4ea2ef7799cc498_f45f5ca7.json,f45f5ca7.json,3,1,42,true,|0020000000|0004000000|0000300000|0020000000|0000000000|0800000000|0000300000|0000000000|0004000000|0020000000|,Colors all move the same amount. Red=2 yellow=3 blue=1 green=4,Colors all move the same amount. Red=2 yellow=3 blue=1 green=4,true,1.759162
expv6_3,evaluation,ab597aa645c1ea90403ffa54df2b8cb6,ab597aa645c1ea90403ffa54df2b8cb6_e9c9d9a1.json,e9c9d9a1.json,4,1,185,true,|223000300344444|223000300344444|223000300344444|333333333333333|003777377300000|003777377300000|003777377300000|333333333333333|003777377300000|003777377300000|333333333333333|113000300388888|113000300388888|113000300388888|113000300388888|,Follow the red/blue/orange patterns as seen before on similar examples.,Follow the red/blue/orange patterns as seen before on similar examples.,true,2.434211
expv6_3,evaluation,aba28253771a798ffe0b943a41c5f2dd,aba28253771a798ffe0b943a41c5f2dd_917bccba.json,917bccba.json,3,1,111,true,|000000000600|000000000600|667777777766|007000000700|007000000700|007000000700|007000000700|007000000700|007000000700|007777777700|000000000600|000000000600|,Put the square along the X and Y axis.,Put the square along the X and Y axis.,true,2.245665
expv6_3,evaluation,aba28253771a798ffe0b943a41c5f2dd,aba28253771a798ffe0b943a41c5f2dd_9f27f097.json,9f27f097.json,4,1,55,true,|888888888888|811128888888|811218888888|812228888888|888888888888|888888888888|888888888888|888888888888|888888888888|882111888888|881211888888|882221888888|,Transform the black area to the blue and red area except inversely.,Transform the black area to the blue and red area except inversely.,true,1.755319
expv6_3,evaluation,30cc3c16ae3d34dcd7fe8e59b4aedf33,30cc3c16ae3d34dcd7fe8e59b4aedf33_4acc7107.json,4acc7107.json,1,1,69,true,|0000000000|0000000000|0000000000|0000000000|2220000000|2220033300|0000000000|2222000330|0002033330|0022000300|,I put the colors that were furthest left first and the shapes that were closest to the top on the bottom. Then I inverted it for the second set.,I put the colors that were furthest left first and the shapes that were closest to the top on the bottom. Then I inverted it for the second set.,true,1.580153
expv6_3,evaluation,0fb275b2f8094b9341ebe667acac3487,0fb275b2f8094b9341ebe667acac3487_99306f82.json,99306f82.json,5,1,228,true,|20000000000000000000|03000000000000000000|00900000000000000000|00080000000000000000|00007000000000000000|00000111111111111110|00000122222222222210|00000123333333333210|00000123999999993210|00000123988888893210|00000123987777893210|00000123987777893210|00000123987777893210|00000123988888893210|00000123999999993210|00000123333333333210|00000122222222222210|00000111111111111110|00000000000000000000|00000000000000000000|,"Color the inside of the circle in a spiral, coordinating in order that the colors drop down from","Color the inside of the circle in a spiral, coordinating in order that the colors drop down from",true,1.497186
expv6_3,evaluation,09e70c7c303109bb3ff791b719691196,09e70c7c303109bb3ff791b719691196_4b6b68e5.json,4b6b68e5.json,4,1,169,true,|000000000000000000000000|000222222200000033333300|000211111222000038888300|000211111112000038888300|000211111112003338888300|022211111112003888888300|021111111112003888888300|021111122222003888888300|021111120000003888888300|022222220000003888888300|000000000000003333888300|000000000000000003888300|000000000000000003888300|000000088888000003333300|000000084448000000000000|008888884448000000000000|008444444448000000000000|008444444448000000000000|008444444448000777777700|008444444448000700000700|008444444448000700000700|008448888448000700000700|008888008888000700000000|000000000000000777770000|000000000000000000000000|000000000000000000000000|,Fill in the shapes with the color that appears most in each shape.,Fill in the shapes with the color that appears most in each shape.,true,1.556408
expv6_3,evaluation,cb33a8dc274e1544aefb465412fb5e1b,cb33a8dc274e1544aefb465412fb5e1b_281123b4.json,281123b4.json,3,1,61,true,|9885|4499|8459|9998|,"gray
blue
yellow
red","gray
blue
yellow
red",true,1.512397
expv6_3,evaluation,ac80cfe4cceee3849d5f9d2b8939f322,ac80cfe4cceee3849d5f9d2b8939f322_b7f8a4d8.json,b7f8a4d8.json,4,1,123,true,|000000000000000000000000000000|044444004444400444440044444004|043334334222433422243343334004|043334334222433422243343334004|043334334222433422243343334004|044444004444400444440044444004|003330000000000000000003330000|003330000000000000000003330000|044444004444400444440044444004|042224004888488488840042224004|042224004888488488840042224004|042224004888488488840042224004|044444004444400444440044444004|003330000888000088800003330000|003330000888000088800003330000|044444004444400444440044444004|043334334222433422243343334004|043334334222433422243343334004|043334334222433422243343334004|044444004444400444440044444004|000000000888000088800000000000|000000000888000088800000000000|044444004444400444440044444004|042224004888488488840042224004|042224004888488488840042224004|042224004888488488840042224004|044444004444400444440044444004|000000000000000000000000000000|000000000000000000000000000000|044444004444400444440044444004|,Outline the connection between the colors within the two primary colors of the input. Use their colors for this outlining. Do not outline the most common color (red in this case).,Outline the connection between the colors within the two primary colors of the input. Use their colors for this outlining. Do not outline the most common color (red in this case).,true,1.509202
expv6_3,evaluation,94f95a28cac78caabddbc27cbf734ab5,94f95a28cac78caabddbc27cbf734ab5_e7a25a18.json,e7a25a18.json,5,1,113,true,|2222222222|2333366662|2333366662|2333366662|2333366662|2444411112|2444411112|2444411112|2444411112|2222222222|,I followed the sample.,I followed the sample.,true,2.658824
expv6_3,evaluation,a86c1bc6b2145086647aec445b41178d,a86c1bc6b2145086647aec445b41178d_8a371977.json,8a371977.json,3,1,83,true,|111111111111111111111111111111|122221122221122221122221122221|122221122221122221122221122221|122221122221122221122221122221|122221122221122221122221122221|111111111111111111111111111111|111111111111111111111111111111|122221133331133331133331122221|122221133331133331133331122221|122221133331133331133331122221|122221133331133331133331122221|111111111111111111111111111111|111111111111111111111111111111|122221133331133331133331122221|122221133331133331133331122221|122221133331133331133331122221|122221133331133331133331122221|111111111111111111111111111111|111111111111111111111111111111|122221133331133331133331122221|122221133331133331133331122221|122221133331133331133331122221|122221133331133331133331122221|111111111111111111111111111111|111111111111111111111111111111|122221122221122221122221122221|122221122221122221122221122221|122221122221122221122221122221|122221122221122221122221122221|111111111111111111111111111111|,Change the outer ring of black squares to orange and all the other black squares to green,Change the outer ring of black squares to orange and all the other black squares to green,true,1.561129
expv6_3,evaluation,43da1d967f6537bf26e5aeb65e80e154,43da1d967f6537bf26e5aeb65e80e154_00dbd492.json,00dbd492.json,3,1,198,true,|00000000000222220000|02222222220288820000|02333333320282820000|02333333320288820000|02333333320222220000|02333233320000000000|02333333320000000000|02333333320002222200|02333333320002888200|02222222220002828200|00000000000002888200|00000000000002222200|00000222222200000000|00000244444200000000|00000244444200000000|00000244244200000000|00000244444200000000|00000244444200000000|00000222222200000000|00000000000000000000|,"Reproduce the image, fill in the black spaces in the targets with colors according to the thickness of the black space.","Reproduce the image, fill in the black spaces in the targets with colors according to the thickness of the black space.",true,2.162860
expv6_3,evaluation,43da1d967f6537bf26e5aeb65e80e154,43da1d967f6537bf26e5aeb65e80e154_9c1e755f.json,9c1e755f.json,4,1,90,true,|0000000000|5555505868|4444405333|2222205868|2222205333|2222205868|1111105333|0000005868|0000005333|0000000000|,Reproduce the color pattern to fill out the area under/to the side of the gray bar,Reproduce the color pattern to fill out the area under/to the side of the gray bar,true,1.512605
expv6_3,evaluation,9b9ad9980557f3ac1615205f66d32c0a,9b9ad9980557f3ac1615205f66d32c0a_8cb8642d.json,8cb8642d.json,2,1,414,true,|000000000000000000000000|033333300000000000000000|031001300000008888888880|030110300000008600000680|030110300000008060006080|031001300000008006060080|033333300000008000600080|000000000000008000600080|000222222222208000600080|000240000004208000600080|000204000040208000600080|000200400400208006060080|000200044000208060006080|000200044000208600000680|000200400400208888888880|000204000040200000000000|000240000004200000000000|000222222222200000000000|000000000000000000000000|,"The boxes stayed in place, were filled in black, and had crosses of the colors on the single cells within them inserted.","The boxes stayed in place, were filled in black, and had crosses of the colors on the single cells within them inserted.",true,1.958991
expv6_3,evaluation,9b9ad9980557f3ac1615205f66d32c0a,9b9ad9980557f3ac1615205f66d32c0a_e345f17b.json,e345f17b.json,4,1,28,true,|0400|0000|0000|0004|,"The 8x4 grid is split in half by color, and the spaces that are absolutely black on both grids are colored yellow on the single grid, while any space that had color on either of the original grids is made black.","The 8x4 grid is split in half by color, and the spaces that are absolutely black on both grids are colored yellow on the single grid, while any space that had color on either of the original grids is made black.",true,1.806452
expv6_3,evaluation,9978d541fbaeb7256c00c2f1b05eb59a,9978d541fbaeb7256c00c2f1b05eb59a_8fbca751.json,8fbca751.json,1,1,72,true,|000000002288|000000002822|000000008222|000000008888|882882220000|282882880000|228282280000|222882280000|,"The rule was to transform the larger lefthand part to a 8 by 4 cube, and the top right cube to a 4  by 4 cube","The rule was to transform the larger lefthand part to a 8 by 4 cube, and the top right cube to a 4  by 4 cube",true,1.724551
expv6_3,evaluation,9978d541fbaeb7256c00c2f1b05eb59a,9978d541fbaeb7256c00c2f1b05eb59a_cf133acc.json,cf133acc.json,2,1,91,true,|000200005000000|000200005000000|222222005000000|000300555555555|000300009000000|000300009000000|333333309000000|000400009000000|000400999999999|000400004000000|000400004000000|444444444444444|000600008000000|000600008000000|000600008000000|,The rule was to modify the grid by filling in the blanks for each color and any directly above that color to form t's,The rule was to modify the grid by filling in the blanks for each color and any directly above that color to form t's,true,1.756757
expv6_3,evaluation,91dad6decd37e9cecb53c72b2707fb26,91dad6decd37e9cecb53c72b2707fb26_7d1f7ee8.json,7d1f7ee8.json,4,1,133,true,|0000000000000000000000000000|0044444444444444444444400000|0040000000000000000000400000|0040044444444444444440400000|0040040000000000000040400000|0040040000444444444040400000|0040040000400000004040400000|0040040000404400004040400000|0040040000404400004040400000|0040040000400000004040400000|0040040000400000004040400000|0040040000444444444040400600|0040040000000000000040400600|0040044444444444444440400000|0040000000000000000000400000|0044444444444444444444400000|0000000000000000000000000000|0000000000000000000000000000|0011111111111110888888888000|0010000000000010800000008000|0010111111110010800888008000|0010100000010010800808008000|0010100011010010800888008000|0010100011010010800000008000|0010100000010010888888888000|0010111111110010000000000000|0010000000000010000000000000|0011111111111110000000000000|0000000000000000000000000000|,You take the outside ring color and make the entire shape that color,You take the outside ring color and make the entire shape that color,true,1.753846
expv6_3,evaluation,b994526314c8564332f090495d624993,b994526314c8564332f090495d624993_ccd554ac.json,ccd554ac.json,1,1,105,true,|0880008800088000880008800|8888888888888888888888888|0880008800088000880008800|8888888888888888888888888|0880808808088080880808808|0880008800088000880008800|8888888888888888888888888|0880008800088000880008800|8888888888888888888888888|0880808808088080880808808|0880008800088000880008800|8888888888888888888888888|0880008800088000880008800|8888888888888888888888888|0880808808088080880808808|0880008800088000880008800|8888888888888888888888888|0880008800088000880008800|8888888888888888888888888|0880808808088080880808808|0880008800088000880008800|8888888888888888888888888|0880008800088000880008800|8888888888888888888888888|0880808808088080880808808|,repeat the entire pattern for each square of the input.,repeat the entire pattern for each square of the input.,true,1.510791
expv6_3,evaluation,9a2397cc1d145b1aff7a69a7fb51e3ff,9a2397cc1d145b1aff7a69a7fb51e3ff_00dbd492.json,00dbd492.json,2,1,303,true,|00000000000222220000|02222222220288820000|02333333320282820000|02333333320288820000|02333333320222220000|02333233320000000000|02333333320000000000|02333333320002222200|02333333320002888200|02222222220002828200|00000000000002888200|00000000000002222200|00000222222200000000|00000244444200000000|00000244444200000000|00000244244200000000|00000244444200000000|00000244444200000000|00000222222200000000|00000000000000000000|,"Match the grid, fill the boxes with colors as the examples based on size.","Match the grid, fill the boxes with colors as the examples based on size.",true,3.309831
expv6_3,evaluation,220e45a4666b68d110d75c566c392c1d,220e45a4666b68d110d75c566c392c1d_332efdb3.json,332efdb3.json,2,1,124,true,|11111111111|10101010101|11111111111|10101010101|11111111111|10101010101|11111111111|10101010101|11111111111|10101010101|11111111111|,Create a pattern where the outside (perimeter) of the square is blue and every other row and every other column is also blue. The remaining squares will be black.,Create a pattern where the outside (perimeter) of the square is blue and every other row and every other column is also blue. The remaining squares will be black.,true,1.762274
expv6_3,evaluation,bdaa4d89bdb5d351528229f9905146dc,bdaa4d89bdb5d351528229f9905146dc_dc2e9a9d.json,dc2e9a9d.json,4,1,177,true,|00000000000000000000000300000|00000000000000000000003330000|00000000000000000000003030000|00000000000000000000003330000|00033333301111110000000000000|00030000301000010000008880000|00330000301000011000008080000|00030000301000010000008880000|00033333301111110000000800000|00000000000000000000000000000|00000000000000000000000000000|00000000000001111033330000000|00000000000001001030030000000|00000000000011001030033000000|00000000000001001030030000000|00000000000001111033330000000|00000008000000000000000000000|00000888880000000000000000000|00000800080000000000000000000|00000800080000000000000000000|00000888880000000000000000000|00000000000000000000000000000|00000333330000000000000000000|00000300030000000000000000000|00000300030000000000000000000|00000333330000000000000000000|00000003000000000000000000000|00000000000000000000000000000|,"So on this one, the grid stayed the same but shapes were mirrored, greens pointing left or right, mirrored darker blue, green pointing up or down mirrored teal","So on this one, the grid stayed the same but shapes were mirrored, greens pointing left or right, mirrored darker blue, green pointing up or down mirrored teal",true,1.859244
expv6_3,evaluation,d6277987a579f8a889804dada819b4a8,d6277987a579f8a889804dada819b4a8_e681b708.json,e681b708.json,1,1,198,true,|00000003000000000080080008|00000201003000003010000000|00200001000000300010000800|00000001000000000010000000|21111112111113111131111118|00000001000001000010000000|00000001020001030010004000|00200001000201003010000000|00002001000001000010000040|00000001020001030010040000|00000001000001000010000000|02000001000001000010000000|00000004111112111141111114|00000001000000000010000000|00202001000000000010400000|00000001000040000010000400|00000001000000000010000000|00000001000000000010000000|00000001000000000010400400|31111112004000000010000000|00000001000000040010000000|00000001000000000031111114|30030001000000000010000000|00000001000004000010000000|00003001000000000010004040|00000003000000000040000000|,The squares inside the different shaped boxes will be the color of whichever color the majority of the corner boxes are around the square.,The squares inside the different shaped boxes will be the color of whichever color the majority of the corner boxes are around the square.,true,1.947541
expv6_3,evaluation,d6277987a579f8a889804dada819b4a8,d6277987a579f8a889804dada819b4a8_8a371977.json,8a371977.json,3,1,88,true,|111111111111111111111111111111|122221122221122221122221122221|122221122221122221122221122221|122221122221122221122221122221|122221122221122221122221122221|111111111111111111111111111111|111111111111111111111111111111|122221133331133331133331122221|122221133331133331133331122221|122221133331133331133331122221|122221133331133331133331122221|111111111111111111111111111111|111111111111111111111111111111|122221133331133331133331122221|122221133331133331133331122221|122221133331133331133331122221|122221133331133331133331122221|111111111111111111111111111111|111111111111111111111111111111|122221133331133331133331122221|122221133331133331133331122221|122221133331133331133331122221|122221133331133331133331122221|111111111111111111111111111111|111111111111111111111111111111|122221122221122221122221122221|122221122221122221122221122221|122221122221122221122221122221|122221122221122221122221122221|111111111111111111111111111111|,The outer row of squares is red and the inner squares are green,The outer row of squares is red and the inner squares are green,true,1.655172
expv0,training,1a3e36c59bdf2307e4133574eb601345,1a3e36c59bdf2307e4133574eb601345_6c434453.json,6c434453.json,2,1,63,true,|0000000010|0000000111|0020000010|0222000000|0020000000|0000000000|0000001100|0020000000|0222000011|0020000011|,round blue is where the red crosses go,round blue is where the red crosses go,true,2.026810
expv6_4,evaluation,46b6fdc5a6de3d2dbf4e73e721417079,46b6fdc5a6de3d2dbf4e73e721417079_92e50de0.json,92e50de0.json,2,1,121,true,|00030003000300030003000300030|00030003000300030003000300030|00030003000300030003000300030|33333333333333333333333333333|08030003080300030803000308030|88030003880300038803000388030|00830003008300030083000300830|33333333333333333333333333333|00030003000300030003000300030|00030003000300030003000300030|00030003000300030003000300030|33333333333333333333333333333|08030003080300030803000308030|88030003880300038803000388030|00830003008300030083000300830|33333333333333333333333333333|00030003000300030003000300030|00030003000300030003000300030|00030003000300030003000300030|33333333333333333333333333333|08030003080300030803000308030|88030003880300038803000388030|00830003008300030083000300830|33333333333333333333333333333|00030003000300030003000300030|00030003000300030003000300030|00030003000300030003000300030|33333333333333333333333333333|08030003080300030803000308030|,Repeat the pattern leaving a space between each box.,Repeat the pattern leaving a space between each box.,true,1.522013
expv6_4,evaluation,7d72179853f04a28dd274d7b145b5525,7d72179853f04a28dd274d7b145b5525_7d18a6fb.json,7d18a6fb.json,4,1,67,true,|0200333|2200030|0020333|0000000|0880066|8880660|0080066|,The output should be 7x7 and copy the order seen in the lower left hand corner.,The output should be 7x7 and copy the order seen in the lower left hand corner.,true,1.599045
expv6_4,evaluation,7426449648c92ad3972bf2c82e51c530,7426449648c92ad3972bf2c82e51c530_b15fca0b.json,b15fca0b.json,1,1,88,true,|2100014442|4144414100|4141414100|4141414100|4141414100|4441444100|0001010100|0001010100|0001010100|0001010000|,I think the rule was to connect the two red squares together using yellow tiles.,I think the rule was to connect the two red squares together using yellow tiles.,true,1.673004
expv6_4,evaluation,7426449648c92ad3972bf2c82e51c530,7426449648c92ad3972bf2c82e51c530_aa300dc3.json,aa300dc3.json,2,1,74,true,|5555555555|5550000855|5500008055|5550080005|5000800555|5008005555|5080000005|5805500505|5555555505|5555555555|,I think the rule is to connect the two longest corners of the black tiles together in a diagonal direction using light blue tiles.,I think the rule is to connect the two longest corners of the black tiles together in a diagonal direction using light blue tiles.,true,1.827160
expv6_4,evaluation,7426449648c92ad3972bf2c82e51c530,7426449648c92ad3972bf2c82e51c530_e74e1818.json,e74e1818.json,3,1,159,true,|000000000000000|000002000200000|000222020222000|002002000200200|000000030000000|000000333000000|000003000300000|000033333330000|000044404440000|000040404040000|000444404444000|008888888888800|000008808800000|000000888000000|000000000000000|,I think the rule is to turn each of the colored segments of tiles into an inverted position of its colored tile segment shape.,I think the rule is to turn each of the colored segments of tiles into an inverted position of its colored tile segment shape.,true,1.853147
expv6_4,evaluation,7426449648c92ad3972bf2c82e51c530,7426449648c92ad3972bf2c82e51c530_4b6b68e5.json,4b6b68e5.json,4,1,358,true,|000000000000000000000000|000222222200000033333300|000211111222000038888300|000211111112000038888300|000211111112003338888300|022211111112003888888300|021111111112003888888300|021111122222003888888300|021111120000003888888300|022222220000003888888300|000000000000003333888300|000000000000000003888300|000000000000000003888300|000000088888000003333300|000000084448000000000000|008888884448000000000000|008444444448000000000000|008444444448000000000000|008444444448000777777700|008444444448000700000700|008444444448000700000700|008448888448000700000700|008888008888000700000000|000000000000000777770000|000000000000000000000000|000000000000000000000000|,"I think the rule is to fill inside all the colored shaped tiles that are completely connected to each other without a gap with the random tile color that is scatter the most inside each complete colored shaped tile design.  For example, in this red tile shape design the tile color scatter the most in it is dark blue, and therefore, you need to fill in the red tile shape on the inside with dark blue.  Also, the tile shape that has a gap, you need to just copy it as it is.","I think the rule is to fill inside all the colored shaped tiles that are completely connected to each other without a gap with the random tile color that is scatter the most inside each complete colored shaped tile design.  For example, in this red tile shape design the tile color scatter the most in it is dark blue, and therefore, you need to fill in the red tile shape on the inside with dark blue.  Also, the tile shape that has a gap, you need to just copy it as it is.",true,3.297007
expv6_4,evaluation,74f061a40690a0308e1ce08e88ace6ab,74f061a40690a0308e1ce08e88ace6ab_31adaf00.json,31adaf00.json,4,1,120,true,|5110505050|5115055000|5505511550|5111011500|5111550005|0111115511|0055115511|5050505005|0550500555|0005550000|,Find 2x2 size squares or higher,Find 2x2 size squares or higher,true,2.065404
expv6_4,evaluation,047a5f031e5d7bfa6c2eb039ceab439b,047a5f031e5d7bfa6c2eb039ceab439b_551d5bf1.json,551d5bf1.json,2,1,176,true,|00000000000000000008000000|00000000000000000008000000|00111111111000000008000000|00188888881000001118111110|00188888881000001888888810|00188888881000001888888810|00188888881000001888888810|00111111111000001888888810|00000000000000001888888810|00000011111111001888888810|00000018888881001111111110|88888888888881000000000000|00000018888881000000000000|00000018888881001111111000|00000011111111001888881000|00000000000000001888881000|00000000000000001888881000|00011111111000001888881000|00018888881000001888881000|88888888881000001111811000|00018888881000000000800000|00018888881000000000800000|00011111111000111110800000|00000000000000188810800000|00000000000000118110800000|00000000000000008000800000|,"The interior of each blue box should be filled with light blue squares, and for those boxes with gaps in their perimeters, the light blue should extend through the gap in a straight line to the nearest boundary of the grid.","The interior of each blue box should be filled with light blue squares, and for those boxes with gaps in their perimeters, the light blue should extend through the gap in a straight line to the nearest boundary of the grid.",true,2.206128
expv6_4,evaluation,7372c9fb3779ad27feda213a99b4184c,7372c9fb3779ad27feda213a99b4184c_e760a62e.json,e760a62e.json,5,1,190,true,|0000800008333380000800008000|0000800008333380000800008000|0000800008333380000800008000|0000800008333380000800008000|8888888888888888888888888888|2222822228666682222822228000|2222822228666682222822228000|2222822228666682222822228000|2222822228666682222822228000|8888888888888888888888888888|2222800008333380000800008000|2222800008333380000800008000|2222800008333380000800008000|2222800008333380000800008000|8888888888888888888888888888|2222800008333380000800008000|2222800008333380000800008000|2222800008333380000800008000|2222800008333380000800008000|8888888888888888888888888888|0000800008333380000800008000|0000800008333380000800008000|0000800008333380000800008000|0000800008333380000800008000|8888888888888888888888888888|0000800008000080000800008000|0000800008000080000800008000|0000800008000080000800008000|,Fill the squares with the color of the single square already in it. Then fill subsequent squares to link them together. If the red and green squares intersect color the squares pink.,Fill the squares with the color of the single square already in it. Then fill subsequent squares to link them together. If the red and green squares intersect color the squares pink.,true,2.628458
expv6_4,evaluation,2161250b0cb5807e5aae06240034a8f4,2161250b0cb5807e5aae06240034a8f4_705a3229.json,705a3229.json,5,1,85,true,|0000800000000300|0000800000000333|8888800000000000|0000000000000000|0000000000000000|0000000000000000|6666660000000000|0000060000055555|0000060000050000|0000060000050000|0000060000050000|,to make a inclusion of the correct color as shown by the one block,to make a inclusion of the correct color as shown by the one block,true,2.003929
expv6_4,evaluation,6cae4c0f0038c858272067585d5d6587,6cae4c0f0038c858272067585d5d6587_c6e1b8da.json,c6e1b8da.json,3,1,165,true,|00000000000000000000|02222220000000000000|02288880000000000000|02288880000000000000|02288880000000000000|00088880000000111110|00000000000000111110|00000000000000111110|00000000000000111110|00000000000000111110|00033333333000000000|00033333333000000000|00033333333000000000|00033333333000000000|00033337777770000000|00000007777770000000|00000007777770000000|00000000000000000000|00000000000000000000|00000000000000000000|,The small bars represent how many squares and in which direction a large color box will move to for the output.,The small bars represent how many squares and in which direction a large color box will move to for the output.,true,1.683673
expv6_4,evaluation,30506bdc79edf4f02178e8b5b76af6f6,30506bdc79edf4f02178e8b5b76af6f6_45bbe264.json,45bbe264.json,1,1,115,true,|000800100040000|000800100040000|888888288828888|000800100040000|000800100040000|000800100040000|444244244444444|000800100040000|000800100040000|000800100040000|000800100040000|000800100040000|111211111121111|000800100040000|000800100040000|,To use each of the three colored squares and extend them horizontally and vertically with red where the different color lines intersect.,To use each of the three colored squares and extend them horizontally and vertically with red where the different color lines intersect.,true,1.505728
expv6_4,evaluation,30506bdc79edf4f02178e8b5b76af6f6,30506bdc79edf4f02178e8b5b76af6f6_103eff5b.json,103eff5b.json,3,1,92,true,|00000000000000000000000000|00000000000000000000000000|00000000000000000000000000|00333300000000000000000000|00333300000000000000000000|00333300000000000000000000|00333300000000000000004000|00000044444444000000004200|00000044444444000000030200|00000044444444000000000000|00000044444444000000000000|00222222220000000000000000|00222222220000000000000000|00222222220000000000000000|00222222220000000000000000|00000000000000000000000000|,I thought I t was to rotate the example 45 degrees.,I thought I t was to rotate the example 45 degrees.,true,1.746835
expv6_4,evaluation,940773f52b167e16c8bc19e18150ccf7,940773f52b167e16c8bc19e18150ccf7_7ee1c6ea.json,7ee1c6ea.json,2,1,131,true,|7011700777|1555555557|1500707157|0517107151|7511071751|7507101151|1511777750|0571111057|0555555550|0171070077|,"inside the box the colors are switched 
outside the box the colors are the same as input","inside the box the colors are switched 
outside the box the colors are the same as input",true,2.159341
expv6_4,evaluation,940773f52b167e16c8bc19e18150ccf7,940773f52b167e16c8bc19e18150ccf7_29700607.json,29700607.json,5,1,73,true,|00048500000|00048500000|00048500000|00048500000|00048500000|00048500000|00048500000|44448500000|00008500000|00008555555|00008000000|,connecting the colors that connect and leaving the middle as it as there was nothing to connect to,connecting the colors that connect and leaving the middle as it as there was nothing to connect to,true,1.617089
expv0,training,c4d476d58119fdac1ed7f099e9e1715f,c4d476d58119fdac1ed7f099e9e1715f_7c008303.json,7c008303.json,10,1,57,true,|000100|220101|020101|044700|040007|004000|,The pattern in green is reproduced based on the four colors shown square shown.,The pattern in green is reproduced based on the four colors of the square shown.,true,1.833333
expv6_4,evaluation,3b2c9607d171e196b1792a419c26567e,3b2c9607d171e196b1792a419c26567e_b7fb29bc.json,b7fb29bc.json,3,1,108,true,|000000000000000|000000000000000|000333333333000|000322242423000|000344242423000|000334242423000|000344242423000|000322242423000|000344442423000|000322222423000|000333333333000|000000000000000|000000000000000|000000000000000|000000000000000|,Surround the green square inside the green border with alternating yellow and red lines.,Surround the green square inside the green border with alternating yellow and red lines.,true,1.512000
expv6_4,evaluation,3b2c9607d171e196b1792a419c26567e,3b2c9607d171e196b1792a419c26567e_37d3e8b2.json,37d3e8b2.json,5,1,152,true,|002222200000000000|002020203333333000|002022203033003000|002222203333003000|000000003003333000|000000003333333000|001111000000000000|001001000077777770|001111000070077770|000000000077770070|000000000077770070|022222220070777770|020022220070777770|020022220077700770|022220220077700770|022222220077777770|000000000000000000|,"Copy the whole grid. Then change the colors of the light blue rectangles only. The rectangle with one hole should be dark blue, the rectangles with two holes should be red, the rectangle with three holes should be green, and the rectangle with four holes should be orange.","Copy the whole grid. Then change the colors of the light blue rectangles only. The rectangle with one hole should be dark blue, the rectangles with two holes should be red, the rectangle with three holes should be green, and the rectangle with four holes should be orange.",true,1.820359
expv6_4,evaluation,872aef59f1f16e0fa42ca7847dfd5b91,872aef59f1f16e0fa42ca7847dfd5b91_551d5bf1.json,551d5bf1.json,3,1,121,true,|00000000000000000008000000|00000000000000000008000000|00111111111000000008000000|00188888881000001118111110|00188888881000001888888810|00188888881000001888888810|00188888881000001888888810|00111111111000001888888810|00000000000000001888888810|00000011111111001888888810|00000018888881001111111110|88888888888881000000000000|00000018888881000000000000|00000018888881001111111000|00000011111111001888881000|00000000000000001888881000|00000000000000001888881000|00011111111000001888881000|00018888881000001888881000|88888888881000001111811000|00018888881000000000800000|00018888881000000000800000|00011111111000111110800000|00000000000000188810800000|00000000000000118110800000|00000000000000008000800000|,Squares with opening will have lines extended.,Squares with opening will have lines extended.,true,1.516713
expv6_4,evaluation,7cb59d15000bddbae2eb1f359fd26640,7cb59d15000bddbae2eb1f359fd26640_b0f4d537.json,b0f4d537.json,3,1,95,true,|0202020|0202020|0202020|0202020|3233323|0202020|0202020|0202020|0202020|1112111|0202020|0202020|,Use left side to know how many squares and copy the colors and color patterns from the right side. ,Use left side to know how many squares and copy the colors and color patterns from the right side. ,true,1.991018
expv6_4,evaluation,3b14d33521f80ad0e41cafb264b84b2a,3b14d33521f80ad0e41cafb264b84b2a_88207623.json,88207623.json,1,1,157,true,|000000000000000000|044421110000000000|044020110000000000|444421111000428000|000000000044428880|000000000004020800|000000000044428880|004000200070000000|000400200700000000|000040207000000000|000444277700000000|004044277070000000|000040207000032400|000000000000302040|000000000000332440|000000000000000000|,"Duplicate all cells except cells that have all black in each of the 9 cells surrounding them. Then, using the vertical red cells as the middle of each figure, use the color of the corresponding ""lone"" cell to mirror each side of the red line with the other side","Duplicate all cells except cells that have all black in each of the 9 cells surrounding them. Then, using the vertical red cells as the middle of each figure, use the color of the corresponding ""lone"" cell to mirror each side of the red line with the other side",true,2.264423
expv6_4,evaluation,8774b97b624a2f8efe72e5e1dbe6e8a3,8774b97b624a2f8efe72e5e1dbe6e8a3_42918530.json,42918530.json,1,1,341,true,|0000000000000000000000000|0111110888880333330777770|0100010800080300330707070|0100010888080303030707070|0100010808080330030707070|0111110888880333330777770|0000000000000000000000000|0666660222220111110222220|0606060202020100010202020|0606660222020100010222020|0600060202020100010202020|0666660222220111110222220|0000000000000000000000000|0888880444440333330222220|0800080400040300330202020|0888080400040303030222020|0808080400040330030202020|0888880444440333330222220|0000000000000000000000000|0222220888880222220666660|0202020800080202020606060|0222020888080222020606660|0202020808080202020600060|0222220888880222220666660|0000000000000000000000000|,"I thought the rule was to fill any boxes of the same color with the same symbol as any other boxes with the same color, and leave any colored boxes without any example symbols empty. ","I thought the rule was to fill any boxes of the same color with the same symbol as any other boxes with the same color, and leave any colored boxes without any example symbols empty. ",true,3.100000
expv6_4,evaluation,8774b97b624a2f8efe72e5e1dbe6e8a3,8774b97b624a2f8efe72e5e1dbe6e8a3_bf32578f.json,bf32578f.json,3,1,60,true,|00000000|00000000|00011000|01111110|01111110|00011000|00000000|00000000|,"Mirror the original image so it creates a closed shape, then fill the inside of the enclosed shape, then remove the original image and its mirrored half. The input and its mirror serve as the ""outline"" of the resulting output. ","Mirror the original image so it creates a closed shape, then fill the inside of the enclosed shape, then remove the original image and its mirrored half. The input and its mirror serve as the ""outline"" of the resulting output. ",true,1.578947
expv6_4,evaluation,db42f55edd1506194541fdfdecc42022,db42f55edd1506194541fdfdecc42022_3b4c2228.json,3b4c2228.json,5,1,15,true,|100|010|000|,Place blue squares going diagonal from top left to bottom right based upon how many green squares consisting of four blocks there are.,Place blue squares going diagonal from top left to bottom right based upon how many green squares consisting of four blocks there are.,true,1.640625
expv6_4,evaluation,97998c4b433d7b10d97e4fe20168e995,97998c4b433d7b10d97e4fe20168e995_a406ac07.json,a406ac07.json,3,1,83,true,|3300000003|3300000003|3300000003|0040000004|0040000004|0006660006|0006660006|0000009909|0000000077|3346669977|,shadow,shadow,true,1.676768
expv6_4,evaluation,c87a16f4d930198dace3602d82d35174,c87a16f4d930198dace3602d82d35174_3a301edc.json,3a301edc.json,3,1,118,true,|000000000000000000000|000000000000000000000|088888888888888000000|088888888888888000000|088888888888888000000|088888888888888000000|088883333338888000000|088883888838888000000|088883888838888000000|088883888838888000000|088883888838888000000|088883333338888000000|088888888888888000000|088888888888888000000|088888888888888000000|088888888888888000000|000000000000000000000|000000000000000000000|000000000000000000000|000000000000000000000|000000000000000000000|,Add a border to the box reproducing the color and width of the internal box.,Add a border to the box reproducing the color and width of the internal box.,true,1.838961
expv6_4,evaluation,e90eee3ddb4aec5086322a82335e7f6a,e90eee3ddb4aec5086322a82335e7f6a_4cd1b7b2.json,4cd1b7b2.json,4,1,37,true,|4123|2314|3241|1432|,"The black squares are replaced by colors so that each column and row has a green, yellow, blue, and red block. ","The black squares are replaced by colors so that each column and row has a green, yellow, blue, and red block. ",true,1.594828
expv6_4,evaluation,aecc2e37e95ebf4759e194e425b3be4a,aecc2e37e95ebf4759e194e425b3be4a_c64f1187.json,c64f1187.json,2,1,101,true,|22022022088|20020020088|00000000000|00033033000|00003003000|00000000000|04033000000|44003000000|00000000000|04000000088|44000000088|,The blue shapes dictate the shape while the gray squares show the location.,The blue shapes dictate the shape while the gray squares show the location.,true,1.777126
expv6_4,evaluation,81e62353775aac84b1dcca7379844456,81e62353775aac84b1dcca7379844456_7039b2d7.json,7039b2d7.json,3,1,21,true,|11111|11111|11111|,Make a grid with the background color that is the size of the sample lines as vertices.,Make a grid with the background color that is the size of the sample lines as vertices.,true,1.774648
expv6_4,evaluation,4c941893b4d29b78532bba9e472fe3f7,4c941893b4d29b78532bba9e472fe3f7_27a77e38.json,27a77e38.json,3,1,66,true,|912849821|443127679|216978436|986342917|555555555|000000000|000000000|000000000|000090000|,You are given a bunch of colors and a black half. On the output you put the same exact thing with the color (not black or gray) that is shown the most in the bottom black row in the middle.,You are given a bunch of colors and a black half. On the output you put the same exact thing with the color (not black or gray) that is shown the most in the bottom black row in the middle.,true,4.162162
expv6_4,evaluation,f9927e661916935c68f2884dd5accefe,f9927e661916935c68f2884dd5accefe_73182012.json,73182012.json,1,1,66,true,|1005|0538|0328|5886|,Place the upper left 5x5 portion of the test input into the test output.,Place the upper left 5x5 portion of the test input into the test output.,true,2.158038
expv6_4,evaluation,44ffe391e2224bb0463f064bf2f27349,44ffe391e2224bb0463f064bf2f27349_8597cfd7.json,8597cfd7.json,5,1,54,true,|44|44|,"If the same number of squares are colored by both colors on one side, than the color that has less squares colored on the other side gets put into a 2x2 grid of that same color. ","If the same number of squares are colored by both colors on one side, than the color that has less squares colored on the other side gets put into a 2x2 grid of that same color. ",true,2.103896
expv6_4,evaluation,ef3ae2d9b3cce05442698962a0a96f2b,ef3ae2d9b3cce05442698962a0a96f2b_2546ccf6.json,2546ccf6.json,3,1,315,true,|00000800000800000800000|00000800000800000800000|00200800200800000800000|00222822200800000800000|00020802000800000800000|88888888888888888888888|00020802000800000800000|00222822200800000800000|00200800200800110801100|00000800000800101810100|00000800000800010801000|88888888888888888888888|00000800000800010801000|00000800000800101810100|00000800000800110801100|00444844400800000800000|00040804000800000800000|88888888888888888888888|00040804000800000800000|00444844400800000800000|00000800000800000800000|00000800000800000800000|00000800000800000800000|88888888888888888888888|00000800000800000800000|00000800000800000800000|,Complete the existing pattern by continuing the existing pattern missing from one of four empty quadrants.  ,Complete the existing pattern by continuing the existing pattern missing from one of four empty quadrants.  ,true,3.392308
expv6_4,evaluation,6420cc775271a5cf010b961e32c8f7d6,6420cc775271a5cf010b961e32c8f7d6_7d1f7ee8.json,7d1f7ee8.json,4,1,126,true,|0000000000000000000000000000|0044444444444444444444400000|0040000000000000000000400000|0040044444444444444440400000|0040040000000000000040400000|0040040000444444444040400000|0040040000400000004040400000|0040040000404400004040400000|0040040000404400004040400000|0040040000400000004040400000|0040040000400000004040400000|0040040000444444444040400600|0040040000000000000040400600|0040044444444444444440400000|0040000000000000000000400000|0044444444444444444444400000|0000000000000000000000000000|0000000000000000000000000000|0011111111111110888888888000|0010000000000010800000008000|0010111111110010800888008000|0010100000010010800808008000|0010100011010010800888008000|0010100011010010800000008000|0010100000010010888888888000|0010111111110010000000000000|0010000000000010000000000000|0011111111111110000000000000|0000000000000000000000000000|,The color of the outermost square in the input grid determines the color of the colored squares embedded in those outermost squares.,The color of the outermost square in the input grid determines the color of the colored squares embedded in those outermost squares.,true,1.661538
expv6_4,evaluation,f77f4979d4ea8dab6ae57292c0062034,f77f4979d4ea8dab6ae57292c0062034_3391f8c0.json,3391f8c0.json,2,1,82,true,|00000000000000|00666006660000|00606006060000|00006000060000|00000000000000|00505006660000|00050006060000|00555000060000|00000000000000|00000000000000|00000000000000|,swapped the location of the different shapes.  The three gray shapes are replaced by 3 pink of the other shape.  And the gray shape is replaced by one of the pink.  A swap.  ,swapped the location of the different shapes.  The three gray shapes are replaced by 3 pink of the other shape.  And the gray shape is replaced by one of the pink.  A swap.  ,true,1.680328
expv6_4,evaluation,f511c316a739a56f82ae31aea9d0036e,f511c316a739a56f82ae31aea9d0036e_e872b94a.json,e872b94a.json,1,1,10,true,|0|0|0|,"If there were 2 gray sets of blocks surrounded by black, it would need to be transformed into solid black of 1 column by 3 rows.","If there were 2 gray sets of blocks surrounded by black, it would need to be transformed into solid black of 1 column by 3 rows.",true,1.538462
expv6_4,evaluation,604903f6e9852a1115ab3017f61e3a98,604903f6e9852a1115ab3017f61e3a98_e88171ec.json,e88171ec.json,2,1,181,true,|770007770007007707077|707770000777777007700|777770700777770077770|700707770070000700770|777707707077770777777|770777707777707777777|077700777700700777777|700700777707077770777|777070777077777770007|777077770707777707777|077070700777770700077|777777777070777777000|770007707700000007077|077007007708888077007|777077077708888007070|707707070708888077700|777777007700000077077|007707007700077007007|707777077777707000000|077007707000070777777|077077700770077077077|,A blue rectangle appears in the large black area keeping a frame around the blue color.,A blue rectangle appears in the large black area keeping a frame around the blue color.,true,2.046850
expv6_4,evaluation,79a2fe714f7a69290a38a4a4fd6fb006,79a2fe714f7a69290a38a4a4fd6fb006_1da012fc.json,1da012fc.json,1,1,144,true,|0000000000000000000000000|0003300004440000000000000|0033330040404000000000000|0003300000400000000000000|0000000000000000000000000|0000000000000000000000000|0000000000000000000000000|0000008880000000000000000|0000088088000000000000000|0000008880000000555555550|0000000000000000535554550|0000000000000000555555550|0000000000000000555555550|0001000000600600555855550|0011100006666660555555550|0001000000066000555555550|0000000000000000515556550|0000000000000000555555550|0000000000000000555555550|,The colors in the box represent the colors I need to use in the output. The shapes remain unchanged.,The colors in the box represent the colors I need to use in the output. The shapes remain unchanged.,true,2.333874
expv6_4,evaluation,604903f6e9852a1115ab3017f61e3a98,604903f6e9852a1115ab3017f61e3a98_e7b06bea.json,e7b06bea.json,4,1,47,true,|500004000|500004000|000008000|000008000|000003000|000003000|000004000|000004000|000008000|,"The pattern is begun in the space to the left of the original pattern and repeated starting with two of the first color, then two of the next, and then two of the final.","The pattern is begun in the space to the left of the original pattern and repeated starting with two of the first color, then two of the next, and then two of the final.",true,1.579832
expv6_4,evaluation,76245f5e1d964880333ffc64f2be1770,76245f5e1d964880333ffc64f2be1770_7bb29440.json,7bb29440.json,1,1,93,true,|1111|1111|1141|1111|1611|1111|,Copy the set with the fewest number of yellow and pink blocks to the ouput.,Copy the set with the fewest number of yellow and pink blocks to the ouput.,true,1.885135
expv6_4,evaluation,76245f5e1d964880333ffc64f2be1770,76245f5e1d964880333ffc64f2be1770_e760a62e.json,e760a62e.json,4,1,150,true,|0000800008333380000800008000|0000800008333380000800008000|0000800008333380000800008000|0000800008333380000800008000|8888888888888888888888888888|2222822228666682222822228000|2222822228666682222822228000|2222822228666682222822228000|2222822228666682222822228000|8888888888888888888888888888|2222800008333380000800008000|2222800008333380000800008000|2222800008333380000800008000|2222800008333380000800008000|8888888888888888888888888888|2222800008333380000800008000|2222800008333380000800008000|2222800008333380000800008000|2222800008333380000800008000|8888888888888888888888888888|0000800008333380000800008000|0000800008333380000800008000|0000800008333380000800008000|0000800008333380000800008000|8888888888888888888888888888|0000800008000080000800008000|0000800008000080000800008000|0000800008000080000800008000|,"For each color block that is not black or blue, check if there is another color block of the same color in a direct line. If there is, fill all of the grid blocks between these two color blocks, including the grid blocks where the color blocks reside. If any line of connected grid blocks intersects with another, the intersection is filled with pink.","For each color block that is not black or blue, check if there is another color block of the same color in a direct line. If there is, fill all of the grid blocks between these two color blocks, including the grid blocks where the color blocks reside. If any line of connected grid blocks intersects with another, the intersection is filled with pink.",true,2.075099
expv6_4,evaluation,81cdf1633c4d2b464f12a2ad628ffaeb,81cdf1633c4d2b464f12a2ad628ffaeb_1a2e2828.json,1a2e2828.json,4,1,18,true,|7|,the output should be just one cell in the color of whichever color is shown in the test input as an uninterrupted line of color (doesn't change color when it crosses paths with another color). ,the output should be just one cell in the color of whichever color is shown in the test input as an uninterrupted line of color (doesn't change color when it crosses paths with another color). ,true,1.730769
expv6_5,evaluation,8825a829d0317be399b73e9d0983603d,8825a829d0317be399b73e9d0983603d_695367ec.json,695367ec.json,5,1,71,true,|000004000004000|000004000004000|000004000004000|000004000004000|000004000004000|444444444444444|000004000004000|000004000004000|000004000004000|000004000004000|000004000004000|444444444444444|000004000004000|000004000004000|000004000004000|,"beginning in upper left corner, make a black grid block the size of the test input, duplicate that black grid block above and below the first grid block separated by one horazontal and vertical row in the test input color, repeat until all blocks have been converted into the pattern","beginning in upper left corner, make a black grid block the size of the test input, duplicate that black grid block above and below the first grid block separated by one horazontal and vertical row in the test input color, repeat until all blocks have been converted into the pattern",true,1.721212
expv6_5,evaluation,e10ed4f8ff16934a275c3b058dcafc67,e10ed4f8ff16934a275c3b058dcafc67_963f59bc.json,963f59bc.json,1,1,37,true,|0000000000000000|0001000000030000|0011000000033000|1101000000030330|0010000000003000|0000000000000000|0000000000000000|0000000000000000|0060000000000000|6606000000000000|0066000000000000|0006000000000000|0000000000000000|0000000000000000|,"The blue shape retains itself, while the other colors mirror the blue shape.","The blue shape retains itself, while the other colors mirror the blue shape.",true,1.520548
expv6_5,evaluation,e10ed4f8ff16934a275c3b058dcafc67,e10ed4f8ff16934a275c3b058dcafc67_759f3fd3.json,759f3fd3.json,3,1,99,true,|444444344444|000000300000|444444344444|400000300000|404444344440|404000300040|404044344040|404040304040|333333333333|404040304040|404044344040|404000300040|,The green lines indicate the center for the output's target. Yellow lines are added in concentric circles radiating out.,The green lines indicate the center for the output's target. Yellow lines are added in concentric circles radiating out.,true,1.527778
expv6_5,evaluation,e10ed4f8ff16934a275c3b058dcafc67,e10ed4f8ff16934a275c3b058dcafc67_fafd9572.json,fafd9572.json,5,1,76,true,|020000000000|474000000000|303000200000|000002220000|000002020000|000000000000|004000700040|044407770444|040407070404|000000000000|003000000030|033300000333|030300000303|000000000000|,The blue shapes take the color pattern of the pre-colored shape in the input.,The blue shapes take the color pattern of the pre-colored shape in the input.,true,1.554545
expv6_5,evaluation,b069bab927600ce6bbbf1a934ce82f28,b069bab927600ce6bbbf1a934ce82f28_6ea4a07e.json,6ea4a07e.json,4,1,16,true,|011|000|110|,if the squares are green to turn the black squares blue,if the squares are green to turn the black squares blue,true,1.534247
expv6_5,evaluation,01b14747ad84d6e0dfa8995f26d9c3c8,01b14747ad84d6e0dfa8995f26d9c3c8_3979b1a8.json,3979b1a8.json,2,1,263,true,|5111559159|1191159159|1999159159|1191159159|5111559159|5555599159|9999991159|1111111559|5555555599|9999999991|,follow rows of colors as if making concentric circles,follow rows of colors as if making concentric circles,true,1.925329
expv6_5,evaluation,f81b7762601877a04aebe625b5d5d411,f81b7762601877a04aebe625b5d5d411_20818e16.json,20818e16.json,4,1,78,true,|6683222222|8883222222|3333222222|3333222222|2222222222|2222222222|,You fit the smallest inside the bigger squares,You fit the smallest inside the bigger squares,true,1.723757
expv6_5,evaluation,df6bfc26960d17d92e844f76241c38fa,df6bfc26960d17d92e844f76241c38fa_a934301b.json,a934301b.json,4,1,105,true,|000000000000|111000000000|811000000000|111000000000|000000000000|000000000000|000000001111|000000001181|000000001111|000000001111|000000000000|000000001110|000000001110|,To copy only the blue boxes that have 1 or no light blue box,To copy only the blue boxes that have 1 or no light blue box,true,1.881720
expv6_5,evaluation,3c77da5dce8dbede95574782508fe334,3c77da5dce8dbede95574782508fe334_68b67ca3.json,68b67ca3.json,5,1,36,true,|334|701|701|,"Shrink all empty squares, but keep vertical alignment. ","Shrink all empty squares, but keep vertical alignment. ",true,1.826087
expv6_5,evaluation,b1c73d948746d5ebf85e18e23fcdfc3c,b1c73d948746d5ebf85e18e23fcdfc3c_7c8af763.json,7c8af763.json,2,1,128,true,|5155555515|1151151111|1151111111|5555155215|2222222222|2252252222|2555255125|2212221111|2252251111|5255551551|,"I copied the gray grid over the test input grid and then added the red or blue colors on topof the gray.  The rule I used was if a red or blue square touched the black square it filled in all the black squares in the bordered gray.  If both blue and red touch it, which ever color has moresquares touching the black squares, thats the dominate color","I copied the gray grid over the test input grid and then added the red or blue colors on topof the gray.  The rule I used was if a red or blue square touched the black square it filled in all the black squares in the bordered gray.  If both blue and red touch it, which ever color has moresquares touching the black squares, thats the dominate color",true,2.199313
expv6_5,evaluation,dce18448933f1329d93fcc2615dbd189,dce18448933f1329d93fcc2615dbd189_642248e4.json,642248e4.json,2,1,73,true,|200000000000000188|221000000018000008|200000000000000008|200210000000000008|200000000000000008|200000000001800008|200002100000000008|200000000000000008|200000021000000008|200000000000000008|200210000000000008|200000000000001808|200000000018000008|200000000000000008|202100000000000188|200000000000000008|,"Create a 16x18 box. Align both ends with red and light blue blocks, respectively. Place dark blue boxes in the same spots as the test input. Then, place one red box next to the dark blue boxes on the left half of the grid and one light blue box next to each dark blue box on the right half of the grid.","Create a 16x18 box. Align both ends with red and light blue blocks, respectively. Place dark blue boxes in the same spots as the test input. Then, place one red box next to the dark blue boxes on the left half of the grid and one light blue box next to each dark blue box on the right half of the grid.",true,1.805654
expv6_5,evaluation,ddbb5541fe47fbe6167f4209a2a5a9ec,ddbb5541fe47fbe6167f4209a2a5a9ec_aa300dc3.json,aa300dc3.json,1,1,81,true,|5555555555|5550000855|5500008055|5550080005|5000800555|5008005555|5080000005|5805500505|5555555505|5555555555|,create a diagonal line across the board while staying within the black squares,create a diagonal line across the board while staying within the black squares,true,2.000000
expv6_5,evaluation,ddbb5541fe47fbe6167f4209a2a5a9ec,ddbb5541fe47fbe6167f4209a2a5a9ec_992798f6.json,992798f6.json,2,1,33,true,|0000000000000000|0000100000000000|0000030000000000|0000003000000000|0000000300000000|0000000030000000|0000000003000000|0000000000300000|0000000000030000|0000000000030000|0000000000030000|0000000000030000|0000000000030000|0000000000002000|0000000000000000|0000000000000000|,create a solid green line from the red square leading to the blue square until you can form diagonal line that will reach the blue square,create a solid green line from the red square leading to the blue square until you can form diagonal line that will reach the blue square,true,1.527778
expv6_5,evaluation,4b9ff461bcb8a879552b1f91fafae97c,4b9ff461bcb8a879552b1f91fafae97c_0607ce86.json,0607ce86.json,3,1,340,true,|0000000000000000000000|0228220228220228220000|0338330338330338330000|0338330338330338330000|0888880888880888880000|0888880888880888880000|0000000000000000000000|0000000000000000000000|0228220228220228220000|0338330338330338330000|0338330338330338330000|0888880888880888880000|0888880888880888880000|0000000000000000000000|0000000000000000000000|0228220228220228220000|0338330338330338330000|0338330338330338330000|0888880888880888880000|0888880888880888880000|0000000000000000000000|0000000000000000000000|0000000000000000000000|0000000000000000000000|,Identify the block that has the most uniform and even pattern make nine blocks matching that one pattern with no loose cubes,Identify the block that has the most uniform and even pattern make nine blocks matching that one pattern with no loose cubes,true,2.198276
expv6_6,evaluation,edb03278d652246aa74a5c40cb565499,edb03278d652246aa74a5c40cb565499_bd14c3bf.json,bd14c3bf.json,3,1,138,true,|2222200000000000000|2020200011100001010|2222200010100001010|0000000011100001110|0000000000000001010|0111100000000000000|0000100000000000000|0000100222001111000|0111100202000001000|0000000222001111000|0000000202000000000|0000000222000000000|0000000000000000000|0000000011102222200|0222220010102000200|0202020010102222200|0202020011102000200|0222220000002222200|0000000000000000000|,All patterns in the input that start in the top left corner and share the same pattern become red in the output.,All patterns in the input that start in the top left corner and share the same pattern become red in the output.,true,2.041420
expv6_6,evaluation,220b6df09c1946d97c745853a58fef5a,220b6df09c1946d97c745853a58fef5a_45737921.json,45737921.json,2,1,66,true,|000000000|023300000|022300000|023300000|000001110|000006660|000006110|000000000|,Enter the opposite color - turn red areas green and green areas red. Turn blue areas pink and pink areas blue.,Enter the opposite color - turn red areas green and green areas red. Turn blue areas pink and pink areas blue.,true,1.624615
expv6_6,evaluation,220b6df09c1946d97c745853a58fef5a,220b6df09c1946d97c745853a58fef5a_a04b2602.json,a04b2602.json,4,1,397,true,|000002000000111121333333300|000000000000121111113333300|000333333111111111213333300|000333111121031121113333302|001113121111231211333333300|001213111330031113333333300|001111113330033333333333300|000331213330031113333331110|000311113330031213333331210|000312213330031113333331110|000311113330000000220000000|000000000000000000200000000|000000000000033331111100000|020000000000033331212100000|000000000200111111111100000|000200000002121221333300020|,Add blue circles around the red areas that are inside the green areas.,Add blue circles around the red areas that are inside the green areas.,true,2.391566
expv6_6,evaluation,dee44429d3c4fc0960895b08e8401f49,dee44429d3c4fc0960895b08e8401f49_42a15761.json,42a15761.json,5,1,198,true,|2220222022202220222|2220222020202020202|2220222022202220222|2220222022202220202|2220222022202220222|2220202020202020202|2220222022202220222|2020222020202020202|2220222022202220222|2220202022202020202|2220222022202220222|,"The shapes contained a certain number of black colors. In the test output, from left to right, the number of black colors in the shapes increased.","The shapes contained a certain number of black colors. In the test output, from left to right, the number of black colors in the shapes increased.",true,1.808219
expv6_6,evaluation,a298b60a185605105b223c1b5fe11f6b,a298b60a185605105b223c1b5fe11f6b_712bf12e.json,712bf12e.json,4,1,102,true,|0005250000055|0000250505550|0000205000000|5050205500005|0055250000005|0000200050502|0055250500002|5000255050002|0500200025502|0505200525052|0502200225522|5052505202220|0002000202550|,fill the red as high as u can and go to the right if you need to ,fill the red as high as u can and go to the right if you need to ,true,1.497248
expv0,training,a404e9216c9c854585bb2547aadea12b,a404e9216c9c854585bb2547aadea12b_6e82a1ae.json,6e82a1ae.json,5,1,57,true,|0000000001|0000000001|0011022001|0110002001|0000000000|0000000000|2000000000|2003300300|2000000300|0000000000|,"Based on the examples I made a guess that each color corresponded to a number of squares, ie 4 square congfigurations are blue, 3 square are red.","Based on the examples I made a guess that each color corresponded to a number of squares, ie 4 square congfigurations are blue, 3 square are red.",true,1.588235
expv0,training,2c730cf378fa751e079a8582beab9ad7,2c730cf378fa751e079a8582beab9ad7_3af2c5a8.json,3af2c5a8.json,1,1,49,true,|40000004|00044000|44000044|44000044|00044000|40000004|,Pattern is repeated in each quadrant but orientated in each quadrant according to create symmetry.,Pattern is repeated in each quadrant but orientated in each quadrant according to create symmetry such that neighboring quadrants are mirror images of each other.,true,1.721311
expv0,training,f4ab1e6fed6e484ab6825cd85fb381a7,f4ab1e6fed6e484ab6825cd85fb381a7_1f876c06.json,1f876c06.json,1,1,86,true,|0000003009|7000030090|0700300900|0073009000|6007000000|0600700004|0060070040|0006007400|0000004000|0000040000|,I tried to follow the pattern that I saw on the left side where it does not show any of the colors crossing.,I tried to follow the pattern that I saw on the left side where it does not show any of the colors crossing.,true,2.440409
expv0,training,a0f38b9a45451557246895e3d404e584,a0f38b9a45451557246895e3d404e584_1caeab9d.json,1caeab9d.json,6,1,46,true,|0000000000|0000000000|0110440022|0110440022|1004000200|0000000000|0000000000|0000000000|0000000000|0000000000|,Keep the blue pattern where it's at and then move the yellow and red pattern to the same level as the blue one so they are all lined up horizontally.,Keep the blue pattern where it's at and then move the yellow and red pattern to the same level as the blue one so they are all lined up horizontally.,true,1.505728
expv6_1,evaluation,9165e3cce394795ff2fba346a28d63f0,9165e3cce394795ff2fba346a28d63f0_e1d2900e.json,e1d2900e.json,3,1,79,true,|000000000000000000000000000000|000000000000001000000000000000|000000000000000000000000010000|000000000000000000000000000000|000001000000000000000000000000|000002200000000000000000000000|000002210000000000000000000000|000001000000000000000000000000|000000000000000000000000000000|000000000000000000000000000100|000000000000000000000000000000|000000000000000000000000000000|000000000000000000000000000000|000000000000000000000000000000|000000000000000000000000000000|000000000100000000100000000000|000000000220000012200000000000|000000001221000002210000000000|000000000000000000000000000000|000000000000000000000000000000|000000000000000000000000000010|000000000000000000000000000000|000000000000000000000000000000|000000000000000000000000000000|000000000000000000000000000000|000000000000000000000022000000|000000000000000000000122000000|010000000000000000000000000000|000000000000000000000000000000|000000000000000000000000000000|,"For all blue blocks that have a direct line to a red square, bring it up flush to whichever red box is closest. If it does not have a direct line, leave the blue box where it is. ","For all blue blocks that have a direct line to a red square, bring it up flush to whichever red box is closest. If it does not have a direct line, leave the blue box where it is. ",true,1.575499
expv6_1,evaluation,0489e0eb67afbec67923afd52d99197f,0489e0eb67afbec67923afd52d99197f_55059096.json,55059096.json,2,1,52,true,|0030000000000|0333000000000|0032000000000|0000200000000|0000020000000|0000002000000|0000000230000|0000000333000|0000000230000|0000002000000|0000320000000|0003330000000|0000300000000|0000000000300|0000000003330|0000000000300|0000000000000|,"If the green stars can connect by an inner corner by red blocks, they shall be.","If the green stars can connect by an inner corner by red blocks, they shall be.",true,2.512077
expv6_1,evaluation,0489e0eb67afbec67923afd52d99197f,0489e0eb67afbec67923afd52d99197f_5783df64.json,5783df64.json,5,1,55,true,|569|418|327|,"The first or closest color shall go first, second etc.","The first or closest color shall go first, second etc.",true,1.964286
expv6_1,evaluation,c069ed6e828dd77713eacec70e5725b6,c069ed6e828dd77713eacec70e5725b6_dc2e9a9d.json,dc2e9a9d.json,5,1,161,true,|00000000000000000000000300000|00000000000000000000003330000|00000000000000000000003030000|00000000000000000000003330000|00033333301111110000000000000|00030000301000010000008880000|00330000301000011000008080000|00030000301000010000008880000|00033333301111110000000800000|00000000000000000000000000000|00000000000000000000000000000|00000000000001111033330000000|00000000000001001030030000000|00000000000011001030033000000|00000000000001001030030000000|00000000000001111033330000000|00000008000000000000000000000|00000888880000000000000000000|00000800080000000000000000000|00000800080000000000000000000|00000888880000000000000000000|00000000000000000000000000000|00000333330000000000000000000|00000300030000000000000000000|00000300030000000000000000000|00000333330000000000000000000|00000003000000000000000000000|00000000000000000000000000000|,"Mirror the first images and if they are pointing left or right, they are dark blue, if they point up or down, they are light blue","Mirror the first images and if they are pointing left or right, they are dark blue, if they point up or down, they are light blue",true,1.691176
expv6_1,evaluation,b4326527b5a249d8039e0e4ec3d2eb85,b4326527b5a249d8039e0e4ec3d2eb85_770cc55f.json,770cc55f.json,4,1,53,true,|77777|04400|04400|04400|04400|22222|00000|00000|00000|00000|07700|,Fill the area of the black squares that both the bottom and top sides share.  Only on the larger side and with the color yellow.,Fill the area of the black squares that both the bottom and top sides share.  Only on the larger side and with the color yellow.,true,2.092105
expv6_1,evaluation,29e1dedb43ad72cdf251c740bf2779ad,29e1dedb43ad72cdf251c740bf2779ad_6df30ad6.json,6df30ad6.json,4,1,56,true,|0000000000|0000000000|0000220000|0002222000|0002222000|0000220000|0000000000|0000000000|0000000000|0000000000|,The rule was to change the middle shape to the color of the single square that is nearest to the shape in the input.  Then black out all the other squares.,The rule was to change the middle shape to the color of the single square that is nearest to the shape in the input.  Then black out all the other squares.,true,2.036364
expv6_1,evaluation,22fabcb92d8909e75c71f892ca2a586f,22fabcb92d8909e75c71f892ca2a586f_5af49b42.json,5af49b42.json,2,1,98,true,|953400000000000000|000000002138000000|000000000000000000|000953400000000000|000000000000000000|000000000004567000|000000000000000000|000000000000000000|000000000000000000|000000213800000000|000000000000000000|000000000000021380|000000000000000000|045670000000000000|000000000000000000|000000000000000000|213800000000004567|,"Match the top and bottom rows exactly. Then, match the solid colors inside the squares to the patterns that are featured on the top and bottom rows of colors.","Match the top and bottom rows exactly. Then, match the solid colors inside the squares to the patterns that are featured on the top and bottom rows of colors.",true,1.576408
expv6_1,evaluation,22fabcb92d8909e75c71f892ca2a586f,22fabcb92d8909e75c71f892ca2a586f_4e45f183.json,4e45f183.json,3,1,466,true,|0000000000000000000|0114440411140444110|0144440441440444410|0444440444440444440|0444440444440444440|0444440444440444440|0000000000000000000|0444440114110444440|0144440144410444410|0114440444440444110|0144440144410444410|0444440114110444440|0000000000000000000|0444440444440444440|0444440444440444440|0444440444440444440|0144440441440444410|0114440411140444110|0000000000000000000|,Move the most complete pattern square the middle. Then move the other pieces to the corresponding edges of the larger square,Move the most complete pattern square the middle. Then move the other pieces to the corresponding edges of the larger square,true,2.941919
expv6_1,evaluation,9165e3cce394795ff2fba346a28d63f0,9165e3cce394795ff2fba346a28d63f0_67636eac.json,67636eac.json,1,1,74,true,|404202303101|444222333111|404202303101|,Narrow the field view to the colorful objects. Align them side by side if the flow of objects is horizontal or top to bottom if the flow is vertical. Leave no space between the objects. ,Narrow the field view to the colorful objects. Align them side by side if the flow of objects is horizontal or top to bottom if the flow is vertical. Leave no space between the objects. ,true,1.743041
expv6_1,evaluation,09cc6e2091fc9c89a65e741709bbd091,09cc6e2091fc9c89a65e741709bbd091_66e6c45b.json,66e6c45b.json,2,1,30,true,|2003|0000|0000|4009|,The blocks move from the four center spaces to the four corner spaces.,The blocks move from the four center spaces to the four corner spaces.,true,1.538462
expv6_1,evaluation,b9038fbf53e1925bee0bc00b49663527,b9038fbf53e1925bee0bc00b49663527_f823c43c.json,f823c43c.json,4,1,241,true,|3333333333333333|3113113113113113|3113113113113113|3333333333333333|3113113113113113|3113113113113113|3333333333333333|3113113113113113|3113113113113113|3333333333333333|3113113113113113|3113113113113113|3333333333333333|3113113113113113|3113113113113113|3333333333333333|,The rule was to fill four squares with the same color blue and the rest green.,The rule was to fill four squares with the same color blue and the rest green.,true,1.652571
expv6_1,evaluation,9fdf8e92217169071740b2e6c0de9f24,9fdf8e92217169071740b2e6c0de9f24_0a1d4ef5.json,0a1d4ef5.json,4,1,45,true,|233|471|137|462|,"If there is a set of colors that is a perfect square or rectangle, then transcribe that color as 1 square onto the output.","If there is a set of colors that is a perfect square or rectangle, then transcribe that color as 1 square onto the output.",true,1.525424
expv6_1,evaluation,14dc4a39305577979a1f8da6d1ea5d82,14dc4a39305577979a1f8da6d1ea5d82_1c02dbbe.json,1c02dbbe.json,5,1,105,true,|000000000000000|066665511111110|066665511111110|066665511111110|066665511111110|066665511111110|066665555555550|066665555555550|055555555553330|055555555553330|077777777553330|077777777553330|077777777553330|077777777553330|000000000000000|,Use the colored little squares as pointers to create big rectangles of the same color. Then remove the pointers by turning them black.,Use the colored little squares as pointers to create big rectangles of the same color. Then remove the pointers by turning them black.,true,1.653543
expv6_1,evaluation,561824733a37b0d0bfccd5cfbdb43485,561824733a37b0d0bfccd5cfbdb43485_cad67732.json,cad67732.json,1,1,216,true,|00000000000000000066|00000000000000000486|00000000000000006640|00000000000000048600|00000000000000664000|00000000000004860000|00000000000066400000|00000000000486000000|00000000006640000000|00000000048600000000|00000000664000000000|00000004860000000000|00000066400000000000|00000486000000000000|00006640000000000000|00048600000000000000|00664000000000000000|04860000000000000000|66400000000000000000|86000000000000000000|,Repeat the same pattern but extend it to a grid twice the size of the input,Repeat the same pattern but extend it to a grid twice the size of the input,true,1.800000
expv6_1,evaluation,bc161afc811daae14682622634baf3cc,bc161afc811daae14682622634baf3cc_551d5bf1.json,551d5bf1.json,2,1,181,true,|00000000000000000008000000|00000000000000000008000000|00111111111000000008000000|00188888881000001118111110|00188888881000001888888810|00188888881000001888888810|00188888881000001888888810|00111111111000001888888810|00000000000000001888888810|00000011111111001888888810|00000018888881001111111110|88888888888881000000000000|00000018888881000000000000|00000018888881001111111000|00000011111111001888881000|00000000000000001888881000|00000000000000001888881000|00011111111000001888881000|00018888881000001888881000|88888888881000001111811000|00018888881000000000800000|00018888881000000000800000|00011111111000111110800000|00000000000000188810800000|00000000000000118110800000|00000000000000008000800000|,EASY ,EASY ,true,2.268802
expv6_1,evaluation,bc161afc811daae14682622634baf3cc,bc161afc811daae14682622634baf3cc_55059096.json,55059096.json,3,1,40,true,|0030000000000|0333000000000|0032000000000|0000200000000|0000020000000|0000002000000|0000000230000|0000000333000|0000000230000|0000002000000|0000320000000|0003330000000|0000300000000|0000000000300|0000000003330|0000000000300|0000000000000|,EASY AND FOCUS ON THE COLOR,EASY AND FOCUS ON THE COLOR,true,1.932367
expv6_1,evaluation,bc161afc811daae14682622634baf3cc,bc161afc811daae14682622634baf3cc_3a301edc.json,3a301edc.json,5,1,172,true,|000000000000000000000|000000000000000000000|088888888888888000000|088888888888888000000|088888888888888000000|088888888888888000000|088883333338888000000|088883888838888000000|088883888838888000000|088883888838888000000|088883888838888000000|088883333338888000000|088888888888888000000|088888888888888000000|088888888888888000000|088888888888888000000|000000000000000000000|000000000000000000000|000000000000000000000|000000000000000000000|000000000000000000000|,VERY CLEAR,VERY CLEAR,true,2.680519
expv6_1,evaluation,fa6841f92f1803eb9ce6045e0eedf4e1,fa6841f92f1803eb9ce6045e0eedf4e1_2c737e39.json,2c737e39.json,3,1,59,true,|0000000000|0000000000|0000000000|0000223300|0000103388|0000000000|0000000000|0000000000|0005000000|0223300000|0103388000|,Repeat the input pattern exactly and use the grey square as a point of orientation. Remove the gray square at the end by filling it with the background color. ,Repeat the input pattern exactly and use the grey square as a point of orientation. Remove the gray square at the end by filling it with the background color. ,true,1.868778
expv6_1,evaluation,87708810d586bab5bd100e59acea26b3,87708810d586bab5bd100e59acea26b3_b7fb29bc.json,b7fb29bc.json,3,1,115,true,|000000000000000|000000000000000|000333333333000|000322242423000|000344242423000|000334242423000|000344242423000|000322242423000|000344442423000|000322222423000|000333333333000|000000000000000|000000000000000|000000000000000|000000000000000|,Concentric colors starting with green.,Concentric colors starting with green.,true,1.610000
expv6_1,evaluation,68b7c676b543075b33204ff40ae76985,68b7c676b543075b33204ff40ae76985_aa300dc3.json,aa300dc3.json,1,1,97,true,|5555555555|5550000855|5500008055|5550080005|5000800555|5008005555|5080000005|5805500505|5555555505|5555555555|,Find a path where a diagonal line can be drawn from one corner to the opposite corner. This line is colored blue.,Find a path where a diagonal line can be drawn from one corner to the opposite corner. This line is colored blue.,true,2.395062
expv6_1,evaluation,95f395373062c6d5bf2c4eb15b3235f1,95f395373062c6d5bf2c4eb15b3235f1_c658a4bd.json,c658a4bd.json,2,1,184,true,|6666666666|6333333336|6388888836|6384444836|6384224836|6384224836|6384444836|6388888836|6333333336|6666666666|,"Take the colored boxes in the original image and arrange them in order of size, to as large a field as the largest box in the original image. No transformation of color.","Take the colored boxes in the original image and arrange them in order of size, to as large a field as the largest box in the original image. No transformation of color.",true,2.033149
expv6_1,evaluation,95f395373062c6d5bf2c4eb15b3235f1,95f395373062c6d5bf2c4eb15b3235f1_929ab4e9.json,929ab4e9.json,4,1,356,true,|588661369644446963166885|815855666336633666558518|856585969544445969585658|685168635954459536861586|658631434556655434136856|155816464463364464618551|369644858356653858446963|666336555815518555633666|969544855856658558445969|635954388131131883459536|434556515318813515655434|464463656188881656364464|464463656188881656364464|434556515318813515655434|635954388131131883459536|969544855856658558445969|666336555815518555633666|369644858356653858446963|155816464463364464618551|658631434556655434136856|685168635954459536861586|856585969544445969585658|815855666336633666558518|588661369644446963166885|,Remove the red blocks from the input and complete the pattern.,Remove the red blocks from the input and complete the pattern.,true,1.667447
expv6_1,evaluation,17d6ce7949b7bef3d02e19b0d67d5827,17d6ce7949b7bef3d02e19b0d67d5827_f21745ec.json,f21745ec.json,1,1,147,true,|0000000000000000000000|0000000000000000000000|0055555555000000000000|0050550055000000000000|0055505555000000000000|0050555005000000000000|0055555555000000000000|0000000000000000000000|0000000000011111111000|0000000000010110011000|0000000000011101111000|0000000000010111001000|0777777770011111111000|0707700770000000000000|0777077770000000000000|0707770070000000000000|0777777770000000000000|0000000000000000000000|0000000000000000000000|0000000000000000000000|0000000000000000000000|0000000000000000000000|0000000000000000000000|,Copy grid that are the same size with pattern. Remove grids that are different size,Copy grid that are the same size with pattern. Remove grids that are different size,true,1.768717
expv6_1,evaluation,b337b83dfbdae11b21a2dd92c0dbd7e6,b337b83dfbdae11b21a2dd92c0dbd7e6_2072aba6.json,2072aba6.json,1,1,46,true,|000000|000000|001200|002100|121212|212121|,By keeping the black areas black and expanding the output to a 6 by 6 grid and changing the gray areas to a checkered base pattern.,By keeping the black areas black and expanding the output to a 6 by 6 grid and changing the gray areas to a checkered base pattern.,true,1.642857
expv6_1,evaluation,3153c72d7fb5e86d9e60a9809df58492,3153c72d7fb5e86d9e60a9809df58492_b20f7c8b.json,b20f7c8b.json,5,1,254,true,|0000000000000000888888|0333330022222000883838|0333330022122000883338|0333330021112000883838|0333330022122000888888|0333330022222000888888|0000000000000000844888|0000000000000000848488|0444440055555000844888|0444440055555000888868|0444440055555000888666|0444440055555000888868|0444440055555000888888|0000000000000000858588|0000000000000000885588|0000000000000000858588|0000000000000000888888|0000000000000000888888|,"The only remaining icon is the only item that should be in a ""red"" box, any that were in the input shown in red should be filled with their corresponding color.  I started by counting the grid, aligning the light blue box and icons, and filling in the square colors.  ","The only remaining icon is the only item that should be in a ""red"" box, any that were in the input shown in red should be filled with their corresponding color.  I started by counting the grid, aligning the light blue box and icons, and filling in the square colors.  ",true,1.835260
expv6_1,evaluation,6941f78fb5c5781aff81a1df88b778e4,6941f78fb5c5781aff81a1df88b778e4_7d18a6fb.json,7d18a6fb.json,1,1,66,true,|0200333|2200030|0020333|0000000|0880066|8880660|0080066|,Expand the pixel in the selected area to the shape of the same color elsewhere in the input.,Expand the pixel in the selected area to the shape of the same color elsewhere in the input.,true,1.575179
expv6_1,evaluation,6941f78fb5c5781aff81a1df88b778e4,6941f78fb5c5781aff81a1df88b778e4_1e81d6f9.json,1e81d6f9.json,5,1,55,true,|000500000000000|010500000000000|000503000080007|555500600000000|000000000400620|000000900030000|000008700000030|000070072000000|000004000066000|000000008000000|000000000009000|000000009000000|000000000400020|000000000000000|000090000007000|,Remove all squares of the color separated from the other squares in the input.,Remove all squares of the color separated from the other squares in the input.,true,1.496599
expv6_1,evaluation,41c0cc594aeffc50a287e810ffcb237d,41c0cc594aeffc50a287e810ffcb237d_3f23242b.json,3f23242b.json,1,1,298,true,|0000000000000000000|0055555000000000000|0020502000000000000|0020302000000000000|0020002000000000000|2288888222222222222|0000000005555500000|0000000002050200000|0000000002030200000|0000000002000200000|2222222228888822222|0000555550000000000|0000205020000000000|0000203020000000000|0000200020000000000|2222888882222222222|0000000000000000000|,Build a structure around the green square consisting of a gray square directly ontop of green and 5 grays centered on top of the first gray. 3 reds will desend from each edge of the grays. The bottom row under the grey will be 5 light blues. Reds will run the full row on both sides of the light blue.,Build a structure around the green square consisting of a gray square directly ontop of green and 5 grays centered on top of the first gray. 3 reds will desend from each edge of the grays. The bottom row under the grey will be 5 light blues. Reds will run the full row on both sides of the light blue.,true,1.669468
expv6_1,evaluation,226d2c2d63e98111e3bdd51f507595fd,226d2c2d63e98111e3bdd51f507595fd_48131b3c.json,48131b3c.json,3,1,97,true,|10101010|01100110|11011101|01110111|10101010|01100110|11011101|01110111|,Double the size of the grid. Make each square opposite color of the input and repeat both horizontally and vertically.,Double the size of the grid. Make each square opposite color of the input and repeat both horizontally and vertically.,true,1.590164
expv6_2,evaluation,f3d1a35fae91222c18b6430ecf049def,f3d1a35fae91222c18b6430ecf049def_762cd429.json,762cd429.json,3,1,371,true,|000000000000001111111111111111|000000000000001111111111111111|000000000000001111111111111111|000000000000001111111111111111|000000111111111111111111111111|000000111111111111111111111111|001111111111111111111111111111|111111111111111111111111111111|888888888888888888888888888888|008888888888888888888888888888|000000888888888888888888888888|000000888888888888888888888888|000000000000008888888888888888|000000000000008888888888888888|000000000000008888888888888888|000000000000008888888888888888|,"Starting with the colors at the beginning, they expand into connected 2 by 4 rectangles, then 4 by 8 rectangles, and then 8 by 16 rectangles. In the examples, this would be 4 colors, but the test input only used 2 colors.","Starting with the colors at the beginning, they expand into connected 2 by 4 rectangles, then 4 by 8 rectangles, and then 8 by 16 rectangles. In the examples, this would be 4 colors, but the test input only used 2 colors.",true,2.607430
expv6_2,evaluation,e52833ab792652738202fffdd2113fb0,e52833ab792652738202fffdd2113fb0_21f83797.json,21f83797.json,4,1,135,true,|0000200002000|2222222222222|0000211112000|0000211112000|0000211112000|0000211112000|0000211112000|0000211112000|0000211112000|0000211112000|2222222222222|0000200002000|0000200002000|,Extend the orange square edge to edge and fill the center with blue.,Extend the orange square edge to edge and fill the center with blue.,true,1.816958
expv6_2,evaluation,3bc6d89ec6740f74be3e58972296297b,3bc6d89ec6740f74be3e58972296297b_642248e4.json,642248e4.json,1,1,62,true,|200000000000000188|221000000018000008|200000000000000008|200210000000000008|200000000000000008|200000000001800008|200002100000000008|200000000000000008|200000021000000008|200000000000000008|200210000000000008|200000000000001808|200000000018000008|200000000000000008|202100000000000188|200000000000000008|,Add whatever color is closest to the edge on to the edge of the blue square for one grid box that is closest to that color from the midpoint to that side. ,Add whatever color is closest to the edge on to the edge of the blue square for one grid box that is closest to that color from the midpoint to that side. ,true,1.533569
expv6_2,evaluation,d7974c237593aa05a1ef4e4959984d0a,d7974c237593aa05a1ef4e4959984d0a_33b52de3.json,33b52de3.json,1,1,250,true,|00000000000000000000000|00000002220111022202220|02122002020101020202020|08144002020101020202020|03144000000000000000000|08131008880111044404440|08111008080101040404040|00000008080101040404040|00000000000000000000000|00000003330111044404440|00000003030101040404040|00000003030101040404040|00000000000000000000000|00000008880111033301110|00000008080101030301010|00000008080101030301010|00000000000000000000000|00000008880111011101110|00000008080101010101010|00000008080101010101010|00000000000000000000000|00000000000000000000000|00000000000000000000000|,Copying the test input to the test output and then coloring in the proper boxes with the correct color.,Copying the test input to the test output and then coloring in the proper boxes with the correct color.,true,1.716738
expv6_1,evaluation,4d3abff8640f887167e48b2002ebc833,4d3abff8640f887167e48b2002ebc833_d304284e.json,d304284e.json,3,1,165,true,|0000000000000000000000000000|0000000000000000000000000000|0000000000000000000000000000|0000000000000000000000000000|0000000000000000000000000000|0000000000000000000000000000|0000000000000000000000000000|0007000700060007000700060007|0007000700060007000700060007|0070707070606070707070606070|0007000700060007000700060007|0007000700060007000700060007|0000000000000000000000000000|0000000000060000000000060000|0000000000060000000000060000|0000000000606000000000606000|0000000000060000000000060000|0000000000060000000000060000|0000000000000000000000000000|0000000000060000000000060000|0000000000060000000000060000|0000000000606000000000606000|0000000000060000000000060000|,"I thought the rule was to do two orange then purple and bring it down, then two orange, then purple and bring it down, then finish with orange at the end. ","I thought the rule was to do two orange then purple and bring it down, then two orange, then purple and bring it down, then finish with orange at the end. ",true,1.627219
expv6_2,evaluation,b04640fdc8f11340e6bd6be7633e56e9,b04640fdc8f11340e6bd6be7633e56e9_a59b95c0.json,a59b95c0.json,1,1,166,true,|432432432432|214214214214|312312312312|432432432432|214214214214|312312312312|432432432432|214214214214|312312312312|432432432432|214214214214|312312312312|,Create a checkerboard pattern by alternating between the four colors in each row. ,Create a checkerboard pattern by alternating between the four colors in each row. ,true,2.092437
expv6_2,evaluation,b307b18350144a13c42b141bf4fc06f2,b307b18350144a13c42b141bf4fc06f2_903d1b4a.json,903d1b4a.json,1,1,315,true,|1828979779798281|8811791111971188|2112919999192112|8128719999178218|9797868668687979|7911646886461197|9199866666689919|7199686886869917|7199686886869917|9199866666689919|7911646886461197|9797868668687979|8128719999178218|2112919999192112|8811791111971188|1828979779798281|,The example input had the imperfection of the green squares. The example output kept the same pattern but no green squares. I tried to do the same with the test input I was given. ,The example input had the imperfection of the green squares. The example output kept the same pattern but no green squares. I tried to do the same with the test input I was given. ,true,4.701493
expv6_2,evaluation,57734e50c1f5ca6bdd9804c4a1029210,57734e50c1f5ca6bdd9804c4a1029210_292dd178.json,292dd178.json,2,1,108,true,|442444444444444|442444441111444|412114441222222|412214441221444|412214441111444|411114444444444|444444411114444|444444412214444|444444412214444|444444412114444|444444442444444|,The bright red color follows a straight line from the nearest edge toward the open space in each square and fills the interior of the square.,The bright red color follows a straight line from the nearest edge toward the open space in each square and fills the interior of the square.,true,1.600000
expv6_2,evaluation,061f06908316d683089d3a04d5004fbf,061f06908316d683089d3a04d5004fbf_3ee1011a.json,3ee1011a.json,1,1,302,true,|8888888|8666668|8677768|8673768|8677768|8666668|8888888|,The colors and the number of blocks tell me the length needed and also the pattern.,The colors and the number of blocks tell me the length needed and also the pattern.,true,3.258993
expv6_2,evaluation,3e17c4202c51be7155b477219e81c201,3e17c4202c51be7155b477219e81c201_782b5218.json,782b5218.json,2,1,48,true,|0000000000|0000000000|0000000000|0000000000|0222022202|2292229222|9999999999|9999999999|9999999999|9999999999|,"The red squares are the same as the input.  All squares above the red are black, and all squares below the red are the other color.","The red squares are the same as the input.  All squares above the red are black, and all squares below the red are the other color.",true,1.764706
expv6_2,evaluation,2c9115bb589184a6174bd6fd07d62ee4,2c9115bb589184a6174bd6fd07d62ee4_9ddd00f0.json,9ddd00f0.json,2,1,302,true,|0111010110110101110|1111011110111101111|1111011110111101111|1111011110111101111|0000000000000000000|1111011110111101111|0111010110110101110|1111011110111101111|1111011110111101111|0000000000000000000|1111011110111101111|1111011110111101111|0111010110110101110|1111011110111101111|0000000000000000000|1111011110111101111|1111011110111101111|1111011110111101111|0111010110110101110|,I took the input and reproduced all of the shapes in the output to go all around the bigger box.,I took the input and reproduced all of the shapes in the output to go all around the bigger box.,true,1.741889
expv6_2,evaluation,2bcb8cb9bd6673f397cbe0857b4b625d,2bcb8cb9bd6673f397cbe0857b4b625d_d37a1ef5.json,d37a1ef5.json,3,1,53,true,|000000000000|002222222220|002222222220|002250002220|002200052220|002200502220|002205002220|002222222220|002222222220|002222222220|000000000000|000000000000|000000000000|,Copy the pattern from the test input. Fill the area around the inner boxes with the edge color until you get to the gray squares. There should be a box in the middle with gray and black squares.,Copy the pattern from the test input. Fill the area around the inner boxes with the edge color until you get to the gray squares. There should be a box in the middle with gray and black squares.,true,1.590000
expv6_2,evaluation,5efbc9e8e092a37c76d496f19bb9cc1e,5efbc9e8e092a37c76d496f19bb9cc1e_25094a63.json,25094a63.json,3,1,149,true,|683338183881631231113122682386|166881336388211368831218238882|883631683863128182132444441836|131281822213183631131444441263|812386444444444413811444448368|613186444444444411316444446283|333383444444444413116288888813|331321444444444481132632188828|183283444444444468882831336131|812316444444444438661383328881|331128444444444438181862811163|611216832281638263213361286222|132812881322223338321166383316|812631328133818366831813323363|881328112121811333888333186113|683281311311838833363331363286|381182332816166863183888116331|881236331883368181223838826861|318233633631131181318281121338|888128831133336444444138288128|683812838318331444444828883311|816312881138238444444383833131|212218631388822444444881311326|113663228263862444444311338333|136183213313838444444383833812|883882222886833444444221618686|331118833328233333688228112188|663336338888136833811161262638|128321333313866181621633383818|862638288311611218121318363338|,"Color any large blocks of the same color to yellow, making them either squares or rectangles.","Color any large blocks of the same color to yellow, making them either squares or rectangles.",true,2.304124
expv6_2,evaluation,4f0df0d61f1c8751cf66ef4fc8c5d98c,4f0df0d61f1c8751cf66ef4fc8c5d98c_62ab2642.json,62ab2642.json,1,1,47,true,|758888850050|758885550550|555885055500|005555050550|000500050050|,"The smallest number of cells together is orange, and the largest number of cells together is light blue. ","The smallest number of cells together is orange, and the largest number of cells together is light blue. ",true,2.136364
expv6_2,evaluation,6f56a4b8b2038318a5bdfe2e306fe5c6,6f56a4b8b2038318a5bdfe2e306fe5c6_256b0a75.json,256b0a75.json,3,1,285,true,|70000026967646630000000000|00000026667646602000000060|00000026667646600000000000|00009026667646600000000000|00000026667646600000010000|00000026667646600000000000|00000026667666600000000000|00000026667666600000000000|00000066667666609000000000|66666688888888866666666666|66666686666666866699999999|33336686666666866667777777|66666686666666866666666666|66666686666666866666666666|66666686666666866666666666|66666688888888866666666666|00000066646666600000000000|00000066646666600000000000|00000066646666600000000000|00000066646666620000000000|00100065646666600000000000|00000065646666600700000000|00000065646666600000009000|00000065646666600000000000|00000065646666600000000000|,Take the edges of the square and expand and invert the colors.,Take the edges of the square and expand and invert the colors.,true,1.571691
expv6_2,evaluation,f8902ebc197cfdf036d9b50ea40e03b4,f8902ebc197cfdf036d9b50ea40e03b4_73ccf9c2.json,73ccf9c2.json,2,1,64,true,|00808|88888|00808|08880|80808|88888|08880|,I think the rule was that the shape was increasing by size.,I think the rule was that the shape was increasing by size.,true,1.548387
expv6_2,evaluation,a31308c93f327e82cbbfc4a8d3ba802b,a31308c93f327e82cbbfc4a8d3ba802b_7ee1c6ea.json,7ee1c6ea.json,4,1,94,true,|7011700777|1555555557|1500707157|0517107151|7511071751|7507101151|1511777750|0571111057|0555555550|0171070077|,i copied the outer edges of the box completely then everything in the gray box was reversed. ,i copied the outer edges of the box completely then everything in the gray box was reversed. ,true,1.549451
expv6_2,evaluation,0091198689f23fa8719bcf996801e8c7,0091198689f23fa8719bcf996801e8c7_93b4f4b3.json,93b4f4b3.json,5,1,116,true,|88888|83338|88388|83338|88888|82228|88828|88828|88888|84848|84848|84448|88888|88778|87778|87788|88888|,"The way I conceptualized this rule is as follows:

1.) Keep the left side of the test input.  (the left side begins with colored boxes and ends where the right side begins with black boxes).

2.) Change the black boxes of the test input into the colors of the corresponding shapes on the right side of the test input.

","The way I conceptualized this rule is as follows:

1.) Keep the left side of the test input.  (the left side begins with colored boxes and ends where the right side begins with black boxes).

2.) Change the black boxes of the test input into the colors of the corresponding shapes on the right side of the test input.

",true,2.263415
expv6_2,evaluation,e7159a71a398e55ebc03d1099f6fa212,e7159a71a398e55ebc03d1099f6fa212_5a5a2103.json,5a5a2103.json,5,1,491,true,|002050020500205002050020|222252222522225222252222|022050220502205022050220|002050020500205002050020|555555555555555555555555|003050030500305003050030|333353333533335333353333|033050330503305033050330|003050030500305003050030|555555555555555555555555|004050040500405004050040|444454444544445444454444|044050440504405044050440|004050040500405004050040|555555555555555555555555|006050060500605006050060|666656666566665666656666|066050660506605066050660|006050060500605006050060|555555555555555555555555|007050070500705007050070|777757777577775777757777|077050770507705077050770|007050070500705007050070|,Copy image and repeat with matching colors,Copy image and repeat with matching colors,true,1.826977
expv6_2,evaluation,00136a0f6142ddb48fd80ea8ff22f12d,00136a0f6142ddb48fd80ea8ff22f12d_a680ac02.json,a680ac02.json,5,1,100,true,|3333|3003|3003|3333|2222|2002|2002|2222|1111|1001|1001|1111|,I thought the rule to transform input to output was to select the colored squares with black inside and create a larger grid pattern of those adjacent colors as per the output examples.,I thought the rule to transform input to output was to select the colored squares with black inside and create a larger grid pattern of those adjacent colors as per the output examples.,true,1.616162
expv6_2,evaluation,70bede4f0e30b81edc263f0bf579823c,70bede4f0e30b81edc263f0bf579823c_e5c44e8f.json,e5c44e8f.json,3,1,29,true,|00000000002|02000020000|00000000000|02000033300|00000030300|00020030200|00000000000|00000000000|20000000000|02000000002|00000020000|,The green blocks curled until they hit a red one,The green blocks curled until they hit a red one,true,1.666667
expv6_2,evaluation,7f97df6135ce00ab31f79a95d15cf975,7f97df6135ce00ab31f79a95d15cf975_16b78196.json,16b78196.json,3,1,277,true,|000000000333333300000000000000|000068888333333300000000000000|000066888833333000000000000000|000066688883333300000000000000|000066668333333300000000000000|000000000333333300000000000000|000000000033333300000000000000|000000000333333300000000000000|000000000333333300000000000000|000000000333333300000000000000|000000000333333300000000000000|000000000333333000000000000000|000000000333333000000000000000|000000000033333000000000000000|000000000033333300000000000000|000000000333333300000000000000|000000000333333322444410000000|000000000333333222241110000000|000000000033333224441110000000|000000000003333322444410000000|000000000033333300000000000000|000000000333333300000000000000|000000000333333300000000000000|000000000333333300000000000000|000000000033333300000000000000|000000000333333300000000000000|000000000333333300000000000000|000000000333333000000000000000|000000000333333300000000000000|000000000333333300000000000000|,The rule is to combine the shapes and to fill them where they fit in the grids. ,The rule is to combine the shapes and to fill them where they fit in the grids. ,true,1.712519
expv6_2,evaluation,c91deae33e83c5853cfb1a4b1376ce42,c91deae33e83c5853cfb1a4b1376ce42_e88171ec.json,e88171ec.json,2,1,332,true,|770007770007007707077|707770000777777007700|777770700777770077770|700707770070000700770|777707707077770777777|770777707777707777777|077700777700700777777|700700777707077770777|777070777077777770007|777077770707777707777|077070700777770700077|777777777070777777000|770007707700000007077|077007007708888077007|777077077708888007070|707707070708888077700|777777007700000077077|007707007700077007007|707777077777707000000|077007707000070777777|077077700770077077077|,The input and output colors are same but any area of output that is completely surrounded by black boxes would be colored light blue,The input and output colors are same but any area of output that is completely surrounded by black boxes would be colored light blue,true,3.754443
expv6_2,evaluation,f5a0ec470968780ed12c3da6cb1ce9a0,f5a0ec470968780ed12c3da6cb1ce9a0_58743b76.json,58743b76.json,2,1,88,true,|03000000000088|00030001010088|30030000000088|00000000001088|00000000100088|00003000000088|07000000000088|70000700400088|00000000000088|00007000004088|00000004400088|07000000000088|88888888888831|88888888888874|,"Retain the blue border and the bottom four color square.  Break the remaining blocks into quarters and follow the pattern of the color square, replacing the input blocks with the corresponding pattern.","Retain the blue border and the bottom four color square.  Break the remaining blocks into quarters and follow the pattern of the color square, replacing the input blocks with the corresponding pattern.",true,2.357143
expv6_2,evaluation,9c42c9d1a98ae2b661286f6ce1e9dcf1,9c42c9d1a98ae2b661286f6ce1e9dcf1_a680ac02.json,a680ac02.json,1,1,115,true,|3333|3003|3003|3333|2222|2002|2002|2222|1111|1001|1001|1111|,"Colors aligned from left to right by their placement, from left to right, on the test input. Output includes only those squares hollowed in the center.","Colors aligned from left to right by their placement, from left to right, on the test input. Output includes only those squares hollowed in the center.",true,1.858586
expv0,training,2e7d5ca3f138d5b3a952654f0b3e405c,2e7d5ca3f138d5b3a952654f0b3e405c_f9012d9b.json,f9012d9b.json,5,1,32,true,|188|881|818|,Fill in the pattern in the black space provided.,Fill in the pattern in the black space provided.,true,1.613445
