participant_id,total_off_path_steps,n_tasks_solved,avg_off_path_per_task,mean_dist_to_target,mean_rand_baseline_dist,mean_dist_delta,mean_color_relevance,mean_rand_baseline_color,mean_color_delta,mean_frac_wrong_color,mean_frac_wrong_coord
95f395373062c6d5bf2c4eb15b3235f1,251,5,50.2,3.372514619883041,4.729833333333333,1.3573187134502922,0.7789473684210527,0.5185185185185185,0.26042884990253407,1.0,0.0
061f06908316d683089d3a04d5004fbf,191,3,63.666666666666664,4.637566137566138,5.892250000000001,1.2546838624338628,0.9973544973544973,0.3333333333333333,0.664021164021164,1.0,0.0
b26c49180b83bf949a81df13cdfe602a,131,4,32.75,3.8203125,3.9705,0.15018749999999992,0.0,0.1111111111111111,-0.1111111111111111,1.0,0.0
0954867f72ce85860194b72a05f5d048,112,5,22.4,0.7125,7.58875,6.87625,0.9625,0.3333333333333333,0.6291666666666667,1.0,0.0
23609d6e8ff2ec858b2e02d424674908,110,5,22.0,0.716765873015873,5.97975,5.2629841269841275,1.0,0.3333333333333333,0.6666666666666667,1.0,0.0
c0841ccd8b2c5b64b36888e79697cb1a,105,9,11.666666666666666,5.570016949763786,4.706,-0.8640169497637852,0.4580403187998125,0.2962962962962963,0.16174402250351616,0.9662447257383966,0.03375527426160337
b9038fbf53e1925bee0bc00b49663527,95,4,23.75,0.7765957446808511,1.84725,1.070654255319149,0.9946808510638299,0.2222222222222222,0.7724586288416075,1.0,0.0
22fabcb92d8909e75c71f892ca2a586f,94,4,23.5,2.5492610837438425,2.3512500000000003,-0.19801108374384224,0.9712643678160919,0.5555555555555556,0.4157088122605364,1.0,0.0
70d343789ca526b9c3a5cdfa731999cf,87,5,17.4,1.2629708599857852,4.718,3.4550291400142146,1.0,0.5925925925925926,0.40740740740740744,1.0,0.0
7ed9ec4ca6d7e3c4e2289d79a830eed3,81,5,16.2,0.5555555555555555,0.7824999999999999,0.2269444444444444,0.9696969696969697,0.3703703703703703,0.5993265993265994,1.0,0.0
4b9ff461bcb8a879552b1f91fafae97c,78,4,19.5,1.4407894736842106,2.48825,1.0474605263157897,0.5855263157894737,0.2222222222222222,0.36330409356725146,1.0,0.0
e2de7b05ed553c5462622523721ef0fc,73,4,18.25,0.880281690140845,1.84725,0.966968309859155,0.9929577464788732,0.2222222222222222,0.770735524256651,1.0,0.0
048022a60c2cf8ae0032596f4a1a1623,70,2,35.0,0.22125723738626962,2.294,2.0727427626137302,0.3945409429280397,0.3333333333333333,0.06120760959470638,1.0,0.0
4d3abff8640f887167e48b2002ebc833,66,3,22.0,3.3636363636363638,3.7615,0.3978636363636361,1.0,0.2222222222222222,0.7777777777777778,1.0,0.0
8d7c56529be9303b05e8788777d6c7cd,65,6,10.833333333333334,0.6055646481178396,6.7625,6.156935351882161,1.0,0.38888888888888884,0.6111111111111112,1.0,0.0
2a9f88a280e5a494865b11e466663ff0,65,8,8.125,2.508888888888889,1.7604999999999997,-0.7483888888888887,0.08074074074074074,0.1851851851851852,-0.10444444444444445,1.0,0.0
7426449648c92ad3972bf2c82e51c530,64,5,12.8,1.176510989010989,2.108875,0.9323640109890109,0.6208791208791209,0.3055555555555556,0.31532356532356537,1.0,0.0
16cc2e4ab0e117ad863ecadbc77288f6,64,5,12.8,0.73,4.4785,3.7485,1.0,0.2777777777777778,0.7222222222222222,1.0,0.0
1337f45837efc2348db7048836e9c2c7,61,4,15.25,6.9491525423728815,5.3635,-1.5856525423728813,1.0,0.2222222222222222,0.7777777777777778,1.0,0.0
e709577bc7380f4fd83534d7542c58f7,60,5,12.0,0.5,0.5804999999999999,0.08049999999999996,1.0,0.3888888888888889,0.6111111111111112,1.0,0.0
f889172bfc0984049bf129f81c9c9782,58,5,11.6,0.0,0.001,0.001,1.0,0.5555555555555556,0.4444444444444444,1.0,0.0
9a2397cc1d145b1aff7a69a7fb51e3ff,58,4,14.5,0.6453900709219859,2.4676666666666667,1.822276595744681,0.3687943262411348,0.40740740740740744,-0.038613081166272635,1.0,0.0
16780d6eac2d3a612f930fa627cd41eb,57,5,11.4,0.16666666666666666,7.374666666666667,7.208000000000001,1.0,0.4444444444444444,0.5555555555555556,1.0,0.0
069b5bcb5260e313c6c0ca720699b803,56,10,5.6,0.6285714285714286,2.7316000000000003,2.1030285714285717,0.8,0.2666666666666667,0.5333333333333333,1.0,0.0
0bec935fe961c9d91094854eae249ec5,51,4,12.75,2.125220458553792,4.203166666666666,2.077946208112875,1.0,0.22222222222222224,0.7777777777777778,1.0,0.0
2f9e6693f652735a1a8a67c1237623bf,51,5,10.2,0.0,0.6015,0.6015,0.0,0.2222222222222222,-0.2222222222222222,1.0,0.0
aba28253771a798ffe0b943a41c5f2dd,51,4,12.75,2.467073170731707,3.5825,1.1154268292682927,0.9878048780487805,0.2222222222222222,0.7655826558265583,1.0,0.0
e5668c80c36691fee6f46ee5f8ce2061,50,4,12.5,8.142857142857142,9.3965,1.2536428571428573,1.0,0.16666666666666666,0.8333333333333333,1.0,0.0
3ebdc1cb74e9f8f6017a9114d8d7a535,50,4,12.5,0.6914893617021276,6.234500000000001,5.543010638297872,0.09574468085106383,0.16666666666666666,-0.07092198581560283,1.0,0.0
ee67360c387825a516bd0dfd39034357,50,5,10.0,2.8444444444444446,3.0555,0.21105555555555555,1.0,0.5555555555555556,0.4444444444444444,1.0,0.0
83bed31e4c57ed16bc89e8a1091f57f5,49,5,9.8,2.282608695652174,3.0205,0.7378913043478261,0.1956521739130435,0.2222222222222222,-0.026570048309178723,1.0,0.0
6f56a4b8b2038318a5bdfe2e306fe5c6,49,4,12.25,0.5208333333333334,3.358,2.8371666666666666,1.0,0.7222222222222222,0.2777777777777778,1.0,0.0
561824733a37b0d0bfccd5cfbdb43485,49,5,9.8,0.0,0.3965,0.3965,1.0,0.4444444444444444,0.5555555555555556,1.0,0.0
76245f5e1d964880333ffc64f2be1770,49,4,12.25,2.4573643410852712,9.76,7.302635658914728,0.6666666666666666,0.3333333333333333,0.33333333333333337,1.0,0.0
5ce2b56ad88ba85e1d3ec99b46ebf978,47,5,9.4,0.25,1.1112499999999998,0.8612499999999998,1.0,0.4444444444444444,0.5555555555555556,1.0,0.0
b0b982ac561dc98e1a63662e48e1f5ff,47,5,9.4,0.24444444444444444,9.937249999999999,9.692805555555555,0.8444444444444444,0.2777777777777778,0.5666666666666667,1.0,0.0
b0f00a4158dcae3b1ce52bd4a2f1053e,47,3,15.666666666666666,1.0760869565217392,4.1555,3.0794130434782607,1.0,0.3333333333333333,0.6666666666666667,1.0,0.0
a404e9216c9c854585bb2547aadea12b,47,4,11.75,1.3513348588863465,1.6046666666666667,0.2533318077803202,0.7971014492753623,0.4074074074074074,0.3896940418679549,1.0,0.0
6026d2563d049de8566b85ce9dd27830,47,5,9.4,8.977272727272727,5.3635,-3.6137727272727265,1.0,0.2222222222222222,0.7777777777777778,1.0,0.0
81cdf1633c4d2b464f12a2ad628ffaeb,47,5,9.4,0.8611111111111112,5.351500000000001,4.490388888888889,0.9047619047619048,0.3333333333333333,0.5714285714285715,1.0,0.0
d104d6afb3686f3e943cfb5374ff00e2,46,5,9.2,1.0694444444444444,3.93025,2.860805555555556,1.0,0.4722222222222222,0.5277777777777778,1.0,0.0
0727096a7fe1e756721b3b85b6e19e11,45,7,6.428571428571429,0.3111111111111111,14.615,14.303888888888888,1.0,0.4444444444444444,0.5555555555555556,1.0,0.0
a50081e2168f81433676d6d4a60c1ed2,45,5,9.0,0.4481981981981982,1.4418333333333333,0.993635135135135,0.8108108108108109,0.3333333333333333,0.4774774774774775,1.0,0.0
2f07d9a1ef1a816d50ac96243e3ee254,45,5,9.0,1.2727272727272727,1.9715,0.6987727272727273,0.5681818181818181,0.1111111111111111,0.45707070707070707,1.0,0.0
7cdd9795e41b26aa463e746e59eee005,45,4,11.25,0.4166666666666667,0.7593333333333332,0.3426666666666666,0.8333333333333334,0.25925925925925924,0.5740740740740741,1.0,0.0
e20942a7d663d1095023069cd46105ee,44,4,11.0,1.0526315789473686,1.18075,0.1281184210526315,1.0,0.16666666666666666,0.8333333333333333,1.0,0.0
2f168c5350aa8656a307ab6ff4e89714,44,5,8.8,0.34959349593495936,2.6243333333333334,2.274739837398374,0.34959349593495936,0.3703703703703704,-0.020776874435411003,1.0,0.0
b565b9251253827e0545d5fcc99a160f,43,3,14.333333333333334,0.38095238095238093,1.0596666666666665,0.6787142857142857,1.0,0.5185185185185185,0.48148148148148157,1.0,0.0
eae4bd2fe6982ce0269fdb9aacd93dea,43,5,8.6,0.6756756756756757,5.656,4.980324324324324,0.75,0.3333333333333333,0.4166666666666667,1.0,0.0
9b9ad9980557f3ac1615205f66d32c0a,42,5,8.4,0.5277777777777778,1.66525,1.1374722222222222,0.7916666666666667,0.3333333333333333,0.45833333333333337,1.0,0.0
00136a0f6142ddb48fd80ea8ff22f12d,42,2,21.0,4.375,10.198,5.823,0.925,0.3333333333333333,0.5916666666666668,1.0,0.0
f680d67c21e6e051dc9f185a91c5be7b,42,5,8.4,0.7083333333333334,4.996666666666667,4.288333333333333,1.0,0.3333333333333333,0.6666666666666666,1.0,0.0
ab95782d4e9410ef7f416a3137924b90,42,7,6.0,0.10833333333333334,7.096875000000001,6.988541666666666,1.0,0.4444444444444444,0.5555555555555556,1.0,0.0
3ca04e43aa86e5b396ddf834922d23ba,40,5,8.0,0.3635555555555555,7.2657,6.902144444444444,0.7555555555555555,0.5777777777777777,0.17777777777777776,1.0,0.0
faad81dd4a698db576d23febbfe9812b,40,4,10.0,1.435897435897436,1.6420000000000001,0.20610256410256417,1.0,0.1111111111111111,0.8888888888888888,1.0,0.0
996647c2a8d40c357fecec3ef398ad12,40,4,10.0,0.7307692307692308,0.8538333333333333,0.12306410256410254,1.0,0.3703703703703704,0.6296296296296297,1.0,0.0
548447017f10dfcdb83e4d3b13daf553,39,4,9.75,0.4666666666666666,2.2365,1.7698333333333334,0.3333333333333333,0.40740740740740744,-0.07407407407407408,1.0,0.0
2049195aadec03fb126c94e51a205503,39,5,7.8,0.28205128205128205,0.188,-0.09405128205128205,1.0,0.2222222222222222,0.7777777777777778,1.0,0.0
f9eb47fca19ae78a88df6da565d18061,39,5,7.8,0.9616161616161616,5.704833333333333,4.743217171717172,0.8060606060606061,0.2962962962962963,0.5097643097643098,1.0,0.0
a3dc092b574335d47777574994159231,37,5,7.4,0.8447619047619048,3.9953000000000003,3.1505380952380952,1.0,0.24444444444444446,0.7555555555555555,1.0,0.0
eba2a92544ddf47684572e689664bec9,37,10,3.7,4.019607843137255,4.653,0.6333921568627449,0.6666666666666666,0.1851851851851852,0.48148148148148145,1.0,0.0
23d102b56921182b4221066a6b64684a,37,3,12.333333333333334,1.5480769230769231,3.233,1.684923076923077,0.5881410256410257,0.2777777777777778,0.31036324786324787,1.0,0.0
37289334396727fffe878187ca738a35,37,4,9.25,0.972972972972973,1.6995,0.726527027027027,0.13513513513513514,0.2222222222222222,-0.08708708708708707,1.0,0.0
ab5520cf0d69c5eeecebc9f8486aca42,36,4,9.0,0.7291666666666666,5.956499999999999,5.227333333333333,1.0,0.25925925925925924,0.7407407407407408,1.0,0.0
3b14d33521f80ad0e41cafb264b84b2a,36,4,9.0,0.5,13.56125,13.06125,0.21212121212121213,0.2777777777777778,-0.06565656565656564,1.0,0.0
bd9d0c37c7a80a023cf1703d4941c6aa,36,4,9.0,1.0606060606060606,7.88325,6.82264393939394,0.5,0.4444444444444444,0.05555555555555558,1.0,0.0
88b5ad44e2d6ad799720832dcc45d014,36,3,12.0,0.5833333333333334,7.246,6.662666666666667,0.8541666666666667,0.2777777777777778,0.5763888888888888,1.0,0.0
a9fd2523f8aab42fab3d623ac7895165,35,9,3.888888888888889,0.0,9.668333333333335,9.668333333333335,0.6666666666666666,0.3703703703703704,0.2962962962962963,1.0,0.0
b45f198d54804113935eee8d2ad37f76,35,6,5.833333333333333,1.6994047619047619,3.20725,1.5078452380952378,0.800595238095238,0.3333333333333333,0.46726190476190477,1.0,0.0
ff1070a18395ae11bf95c9aff9290279,34,5,6.8,0.7833333333333333,3.0676666666666663,2.284333333333333,0.7666666666666666,0.1851851851851852,0.5814814814814815,1.0,0.0
3153c72d7fb5e86d9e60a9809df58492,33,5,6.6,2.6999999999999997,5.2428333333333335,2.5428333333333333,0.7333333333333334,0.3703703703703704,0.362962962962963,1.0,0.0
3a84dd63123259557525a0f484b1f7e7,33,3,11.0,1.0609523809523809,1.6908333333333336,0.6298809523809524,0.7561904761904761,0.4444444444444444,0.3117460317460317,1.0,0.0
3c77da5dce8dbede95574782508fe334,33,5,6.6,0.953125,3.423,2.469875,0.8611111111111112,0.5,0.36111111111111116,1.0,0.0
2cfea483e869811b28c49099f8fbd450,33,5,6.6,1.5923076923076924,3.0069999999999997,1.4146923076923077,0.6538461538461539,0.16666666666666666,0.48717948717948717,1.0,0.0
f9e09165f1e1ff303e547946790fc10e,32,4,8.0,1.7023809523809526,1.74,0.037619047619047497,1.0,0.2222222222222222,0.7777777777777778,1.0,0.0
c4d476d58119fdac1ed7f099e9e1715f,32,9,3.5555555555555554,0.5958333333333333,2.0325,1.4366666666666665,0.3541666666666667,0.38888888888888884,-0.03472222222222222,1.0,0.0
0a3df29992c174b104e0fa0d0cd0783d,32,5,6.4,4.586206896551724,3.1465,-1.4397068965517241,0.5517241379310345,0.1111111111111111,0.44061302681992337,1.0,0.0
523c02237b24945a4b6507366f1bb6b9,32,2,16.0,0.0,0.8545,0.8545,0.0,0.3333333333333333,-0.3333333333333333,1.0,0.0
dbf5aed4e58be81e9bafd9c17fceb3ca,32,4,8.0,1.21875,2.250125,1.0313750000000002,0.96875,0.2777777777777778,0.6909722222222223,1.0,0.0
ef3ae2d9b3cce05442698962a0a96f2b,31,5,6.2,2.2533333333333334,4.431166666666667,2.1778333333333335,0.6666666666666666,0.25925925925925924,0.40740740740740744,1.0,0.0
220b6df09c1946d97c745853a58fef5a,31,5,6.2,0.696,6.259500000000001,5.5635,0.608,0.3555555555555555,0.25244444444444447,1.0,0.0
54f19912e09f367b26fe9463385f18f6,30,4,7.5,3.8333333333333335,3.2125,-0.6208333333333336,1.0,0.5555555555555556,0.4444444444444444,1.0,0.0
4a0123e5ed19ea211635267bfcc515ab,30,4,7.5,1.0517241379310345,3.8575,2.8057758620689652,1.0,0.33333333333333337,0.6666666666666666,1.0,0.0
e35023b755c14aa0551170f7f51573ea,30,5,6.0,0.3452380952380953,4.785166666666666,4.439928571428571,0.9761904761904763,0.5555555555555555,0.42063492063492064,1.0,0.0
e18332c0e4a97dc621c91b8fdac4efc1,30,5,6.0,0.30952380952380953,6.984500000000001,6.67497619047619,0.42857142857142855,0.5,-0.07142857142857145,1.0,0.0
7cb59d15000bddbae2eb1f359fd26640,30,3,10.0,2.2333333333333334,3.117,0.8836666666666666,0.16666666666666666,0.3333333333333333,-0.16666666666666666,1.0,0.0
642257002697dc4107e9c743af831722,30,5,6.0,0.0,0.0145,0.0145,1.0,0.4444444444444444,0.5555555555555556,1.0,0.0
9c42c9d1a98ae2b661286f6ce1e9dcf1,30,1,30.0,5.038461538461538,10.198,5.159538461538462,1.0,0.3333333333333333,0.6666666666666667,1.0,0.0
08ac042547937929f95d827a01c90ec2,29,10,2.9,0.7243589743589745,1.7185,0.9941410256410257,0.6666666666666666,0.22222222222222224,0.4444444444444444,1.0,0.0
268080a7f531f86316766fa95518974a,29,5,5.8,1.9325396825396826,1.56475,-0.36778968253968247,0.875,0.33333333333333337,0.5416666666666667,1.0,0.0
57734e50c1f5ca6bdd9804c4a1029210,29,5,5.8,0.8504385964912281,3.908,3.0575614035087724,0.763157894736842,0.5555555555555556,0.20760233918128654,1.0,0.0
a4085434c62979fad818d95c4e4bf236,29,5,5.8,0.7116161616161616,1.6557500000000003,0.9441338383838384,1.0,0.4722222222222222,0.5277777777777778,1.0,0.0
60961232d00d04a020d7581a31a45ae9,29,8,3.625,1.0285714285714285,1.9667,0.9381285714285713,1.0,0.37777777777777777,0.6222222222222221,1.0,0.0
63dcb241b88d5ac635590dddbb2fb733,28,10,2.8,0.6578947368421053,1.675875,1.0179802631578947,0.6973684210526316,0.25,0.4473684210526316,1.0,0.0
0f8005a82b8e363ee5f7144f2954c781,28,5,5.6,1.0,10.7555,9.7555,1.0,0.25925925925925924,0.7407407407407408,1.0,0.0
505088cc9bd01f04a622712d10467f48,28,3,9.333333333333334,0.68,1.1492499999999999,0.46924999999999983,0.5,0.3333333333333333,0.1666666666666667,1.0,0.0
7d72179853f04a28dd274d7b145b5525,28,2,14.0,3.4615384615384617,4.843999999999999,1.3824615384615382,1.0,0.33333333333333337,0.6666666666666666,1.0,0.0
17d6ce7949b7bef3d02e19b0d67d5827,28,5,5.6,1.0592592592592593,0.7824999999999999,-0.2767592592592593,0.9166666666666666,0.3703703703703703,0.5462962962962964,1.0,0.0
c5a2bbe7ee11b48e8c8019f9b0fa9032,28,3,9.333333333333334,1.6481481481481481,1.3105,-0.33764814814814814,1.0,0.2222222222222222,0.7777777777777778,1.0,0.0
c91deae33e83c5853cfb1a4b1376ce42,28,4,7.0,3.1871345029239766,5.85525,2.668115497076023,0.5,0.1111111111111111,0.38888888888888884,1.0,0.0
51ea0c62ad9d4e9b12f8f225b9c20bb0,27,5,5.4,3.75,5.80425,2.0542499999999997,0.5,0.2222222222222222,0.2777777777777778,1.0,0.0
03a36ced2e0df61cb2f93ced068e83a1,27,10,2.7,0.75,3.68525,2.93525,0.8125,0.36111111111111116,0.4513888888888889,1.0,0.0
bb1525feb89505067c56998f566ee15f,27,5,5.4,0.16666666666666666,3.6506666666666665,3.484,1.0,0.4074074074074074,0.5925925925925927,1.0,0.0
c069ed6e828dd77713eacec70e5725b6,27,5,5.4,2.4,3.81125,1.41125,0.5833333333333333,0.2222222222222222,0.3611111111111111,1.0,0.0
e7159a71a398e55ebc03d1099f6fa212,27,2,13.5,0.9629629629629629,1.031,0.06803703703703701,0.07407407407407407,0.5555555555555556,-0.4814814814814815,1.0,0.0
b18f26f0d6c59db36f7dc4be8f7d976d,27,5,5.4,0.7936507936507936,2.1175,1.3238492063492064,0.9682539682539683,0.6666666666666666,0.30158730158730157,1.0,0.0
3914f6c13e5d791ae74d9c3e12b20ef3,26,4,6.5,0.652046783625731,2.001666666666667,1.3496198830409358,0.7456140350877193,0.25925925925925924,0.48635477582846004,1.0,0.0
a1726e860b2b9ee81c63be858359d19e,26,10,2.6,1.1904761904761905,2.048833333333333,0.8583571428571428,1.0,0.5555555555555555,0.4444444444444445,1.0,0.0
2286a7f8bb4fecb0b65a7dfa146ba6ae,26,3,8.666666666666666,0.75,2.2581666666666664,1.5081666666666667,0.9333333333333332,0.2962962962962963,0.6370370370370371,1.0,0.0
b98d688d56c48105d76892212df9fa93,26,5,5.2,0.013888888888888888,3.2905,3.276611111111111,1.0,0.40740740740740744,0.5925925925925926,1.0,0.0
fc495ddcfe52a76a2f9afed55ca2dc99,26,2,13.0,0.045454545454545456,5.90975,5.864295454545454,1.0,0.5555555555555556,0.4444444444444445,1.0,0.0
da1b576b3e719bb309d7c2591a2fdded,25,8,3.125,1.5,2.812125,1.312125,0.8472222222222222,0.1111111111111111,0.736111111111111,1.0,0.0
8f42fd331f95d550ce7f9c1c56c0e6f8,25,4,6.25,0.0,0.39725,0.39725,1.0,0.5555555555555556,0.4444444444444445,1.0,0.0
940773f52b167e16c8bc19e18150ccf7,25,2,12.5,0.24,1.6715,1.4315,1.0,0.3333333333333333,0.6666666666666667,1.0,0.0
40436491ac6caed6ca37e8c9517b62f1,25,3,8.333333333333334,1.0,1.01,0.010000000000000009,1.0,0.5555555555555556,0.4444444444444444,0.7,0.3
ebad54cc60122331cb4f6e6c5e7f228b,25,4,6.25,0.49702380952380953,0.8649999999999999,0.36797619047619046,1.0,0.25925925925925924,0.7407407407407408,1.0,0.0
321b079c2d7b3969f2df7ee96c2a37e1,25,5,5.0,1.3666666666666667,3.690125,2.323458333333333,0.75,0.3611111111111111,0.38888888888888895,1.0,0.0
bd2a9c03930265f3c0e0111145fc8cd2,25,4,6.25,0.0,11.146,11.146,0.9583333333333334,0.4444444444444444,0.513888888888889,1.0,0.0
8668716ad0e431ad4d96ad428e3e7a43,25,3,8.333333333333334,1.1590909090909092,3.3125,2.1534090909090913,0.8863636363636364,0.16666666666666666,0.7196969696969697,1.0,0.0
ec0e37e76c3719bffce29af17c9f4725,24,5,4.8,0.7272727272727273,7.248749999999999,6.521477272727272,0.8076923076923077,0.8333333333333334,-0.02564102564102566,1.0,0.0
e569802c7fdacc3d9062ce40183bd6eb,24,5,4.8,0.33749999999999997,2.800333333333333,2.4628333333333337,1.0,0.6296296296296297,0.3703703703703704,1.0,0.0
949eaa38160b821a8f34d8eb4a7c1058,24,5,4.8,0.22549019607843138,0.25183333333333335,0.02634313725490196,1.0,0.2962962962962963,0.7037037037037038,1.0,0.0
b1c73d948746d5ebf85e18e23fcdfc3c,24,5,4.8,1.0,0.872,-0.128,0.42857142857142855,0.3333333333333333,0.09523809523809523,1.0,0.0
d38ecc91a9958a2f70288d914fa28416,24,3,8.0,0.5869565217391305,1.5242499999999999,0.9372934782608695,1.0,0.3888888888888889,0.6111111111111112,1.0,0.0
a96e59284dc0f9b89d10befaabab0731,24,4,6.0,0.4782608695652174,0.188,-0.2902608695652174,1.0,0.2222222222222222,0.7777777777777778,1.0,0.0
aa861c3ee8d0206590d74d4f83d20ce7,23,3,7.666666666666667,3.772727272727273,4.5345,0.7617727272727275,1.0,0.5555555555555556,0.4444444444444444,1.0,0.0
f7217d2a68babc06d246b9413cd9f08a,23,10,2.3,0.5666666666666667,4.014333333333333,3.4476666666666667,1.0,0.3703703703703704,0.6296296296296297,1.0,0.0
1b4e4dceb7c4085c36335490034040a2,23,4,5.75,0.6666666666666666,0.455,-0.21166666666666661,1.0,0.4444444444444444,0.5555555555555556,1.0,0.0
2123a17da297fccbe7e2623903b25517,23,4,5.75,1.9166666666666667,1.3518333333333332,-0.5648333333333334,1.0,0.40740740740740744,0.5925925925925926,1.0,0.0
b0b57f34f75c4b922e70f7e4a0b4ab94,23,10,2.3,0.8375,0.7964,-0.04110000000000001,1.0,0.33333333333333337,0.6666666666666666,1.0,0.0
e73c3da01ae6b526d5272fd009acff0d,23,5,4.6,2.2954545454545454,2.14575,-0.14970454545454548,0.8863636363636364,0.38888888888888884,0.4974747474747475,1.0,0.0
9ee1c7c7ec2090914eb1a4d914d515ba,23,8,2.875,0.75,3.86825,3.1182499999999997,0.6388888888888888,0.3888888888888889,0.24999999999999997,1.0,0.0
e32feee5a511aaec1cda3e525ea927f6,23,4,5.75,0.2727272727272727,0.52125,0.24852272727272728,0.9318181818181819,0.4444444444444444,0.48737373737373735,1.0,0.0
2161250b0cb5807e5aae06240034a8f4,23,2,11.5,1.0,4.12425,3.12425,0.9772727272727273,0.6111111111111112,0.3661616161616162,0.9090909090909092,0.09090909090909091
18f35521908dc1b26cc91dec55f516b8,23,2,11.5,0.5952380952380952,1.778,1.1827619047619047,1.0,0.6111111111111112,0.3888888888888889,1.0,0.0
f1a97fbdf77fb8b3405e227a737ea73e,22,5,4.4,0.49074074074074076,1.2851666666666668,0.794425925925926,0.8333333333333334,0.5925925925925927,0.24074074074074073,1.0,0.0
f6a2c1821ddddcbab6e7a0941c26911c,22,4,5.5,0.047619047619047616,1.1557499999999998,1.1081309523809524,0.0,0.16666666666666666,-0.16666666666666666,1.0,0.0
dee44429d3c4fc0960895b08e8401f49,22,5,4.4,2.4166666666666665,3.729333333333333,1.3126666666666666,1.0,0.25925925925925924,0.7407407407407408,1.0,0.0
88fe0689f0b4a82ee3e66d6552533cd7,22,4,5.5,1.0784313725490196,5.4978333333333325,4.419401960784313,0.7581699346405228,0.25925925925925924,0.4989106753812636,1.0,0.0
ac8d7e981b3e6bdefa2b1fe14203fb19,22,8,2.75,0.6,1.2168,0.6168,0.8,0.4444444444444445,0.35555555555555557,1.0,0.0
a69d6d1efd1fd7079e465994acffa413,22,4,5.5,0.5454545454545454,2.899,2.3535454545454546,0.0,0.2222222222222222,-0.2222222222222222,1.0,0.0
63470ed6419befb599f4f4973103e2f2,22,4,5.5,2.0789473684210527,1.0919999999999999,-0.9869473684210527,0.6666666666666666,0.38888888888888884,0.2777777777777778,1.0,0.0
ac8584fe7ee7ced9afbca397b7fea858,22,4,5.5,1.130718954248366,1.5305,0.39978104575163403,0.7777777777777777,0.2592592592592593,0.5185185185185185,1.0,0.0
b9d3dceebe1c4fd1f649004aa37859ef,22,9,2.4444444444444446,1.1944444444444444,1.031,-0.1634444444444444,0.9166666666666667,0.3333333333333333,0.5833333333333334,1.0,0.0
68b7c676b543075b33204ff40ae76985,22,4,5.5,1.3333333333333333,6.9685,5.635166666666667,0.0,0.2222222222222222,-0.2222222222222222,1.0,0.0
74f061a40690a0308e1ce08e88ace6ab,21,3,7.0,0.0,1.4775,1.4775,0.0,0.1111111111111111,-0.1111111111111111,1.0,0.0
58a06989137bcae6b261a9d95d064cd3,21,5,4.2,0.6190476190476191,1.165,0.545952380952381,1.0,0.4444444444444444,0.5555555555555556,1.0,0.0
7616f7967fd8192d44c0cff890abf99d,21,4,5.25,1.6470588235294117,12.723,11.07594117647059,1.0,0.1111111111111111,0.8888888888888888,1.0,0.0
186844c513023d14482ee5c6436378a3,21,4,5.25,1.3166666666666667,2.10725,0.7905833333333333,1.0,0.5555555555555556,0.4444444444444444,1.0,0.0
6d5c3dab01665f0cb13b16964f8d794c,21,5,4.2,9.0,6.127,-2.873,0.0,0.1111111111111111,-0.1111111111111111,1.0,0.0
eff6fb3710e6159fa50760416db05c49,21,5,4.2,0.6190476190476191,2.1635,1.544452380952381,1.0,0.3333333333333333,0.6666666666666667,1.0,0.0
8a466b27b24602481fcfdaccf443f561,20,5,4.0,1.0333333333333334,3.1663,2.1329666666666665,1.0,0.2888888888888889,0.711111111111111,1.0,0.0
30506bdc79edf4f02178e8b5b76af6f6,20,4,5.0,0.7352941176470589,0.69825,-0.03704411764705884,0.9705882352941176,0.3333333333333333,0.6372549019607843,1.0,0.0
220e45a4666b68d110d75c566c392c1d,20,5,4.0,1.375,2.1042500000000004,0.7292500000000001,1.0,0.33333333333333337,0.6666666666666666,1.0,0.0
396300bdc680f5cb130c21fbc7c699c6,20,5,4.0,0.5961538461538461,2.587625,1.9914711538461538,0.75,0.19444444444444442,0.5555555555555556,1.0,0.0
034ef526357510010f808ffd936adbaa,20,9,2.2222222222222223,1.4861111111111112,3.377125,1.891013888888889,1.0,0.1388888888888889,0.861111111111111,1.0,0.0
2c9115bb589184a6174bd6fd07d62ee4,20,5,4.0,1.3444444444444443,3.5643333333333334,2.219888888888889,1.0,0.40740740740740744,0.5925925925925926,1.0,0.0
73bef82f79646387aa27d8755d7e6436,20,3,6.666666666666667,0.7692307692307693,6.32225,5.55301923076923,1.0,0.5,0.5,1.0,0.0
d0d3e1c084f6aa86ad1e581a5a116383,20,4,5.0,0.0,1.66,1.66,1.0,0.2222222222222222,0.7777777777777778,1.0,0.0
aecc2e37e95ebf4759e194e425b3be4a,20,3,6.666666666666667,0.8421052631578947,4.1635,3.3213947368421053,1.0,0.5555555555555556,0.4444444444444444,1.0,0.0
6c1b19a0e9be7c39b53b8a31447f669f,20,5,4.0,1.15,3.7615,2.6115,1.0,0.2222222222222222,0.7777777777777778,1.0,0.0
7c3f0d5ec05185be127ab78876395426,20,10,2.0,1.1111111111111112,1.4911666666666665,0.3800555555555554,0.3333333333333333,0.25925925925925924,0.07407407407407408,1.0,0.0
cb29d3449105481e91c41837b2f9ecee,19,10,1.9,0.0,0.007,0.007,1.0,0.5555555555555556,0.4444444444444444,1.0,0.0
73c1de82f716bda27c501529aa8b30d8,19,5,3.8,0.5,1.97225,1.47225,0.9,0.6666666666666667,0.23333333333333334,1.0,0.0
31c9d60f1a463af7bac5180a9835f9f6,19,5,3.8,1.25,3.505,2.255,0.8125,0.3888888888888889,0.4236111111111111,1.0,0.0
f20663db8af6261da77b77cfd092b64c,19,5,3.8,0.0,0.02625,0.02625,1.0,0.2777777777777778,0.7222222222222223,1.0,0.0
b5e86c67c590fe50f395a06ae8f8801e,19,5,3.8,0.5757575757575758,5.620166666666666,5.044409090909091,1.0,0.4444444444444444,0.5555555555555556,1.0,0.0
8c1161ef6212f9dc2a88db9e6672c256,19,4,4.75,1.0208333333333333,2.7588333333333335,1.7379999999999998,0.3333333333333333,0.25925925925925924,0.07407407407407408,1.0,0.0
2c730cf378fa751e079a8582beab9ad7,19,10,1.9,1.3333333333333333,1.6280000000000001,0.2946666666666667,1.0,0.25925925925925924,0.7407407407407408,1.0,0.0
959f89b9842091a996604e1753806ae6,19,5,3.8,2.0,3.8015,1.8014999999999999,0.5,0.16666666666666666,0.33333333333333337,1.0,0.0
dd1dcbaa09e13328c0ca69f29a06e400,19,5,3.8,0.6875,1.99975,1.31225,0.6875,0.2222222222222222,0.4652777777777778,1.0,0.0
54ced390b88c7c2e76c1e099b3d1382a,19,5,3.8,0.5714285714285714,1.1019999999999999,0.5305714285714286,0.4166666666666667,0.14814814814814814,0.26851851851851855,0.6666666666666666,0.3333333333333333
0091198689f23fa8719bcf996801e8c7,19,5,3.8,0.9416666666666668,3.439833333333333,2.4981666666666666,0.6666666666666666,0.2962962962962963,0.3703703703703704,1.0,0.0
fb26924325fc3241407793ed39b24808,18,5,3.6,2.1904761904761902,3.0385000000000004,0.8480238095238096,0.9047619047619048,0.1851851851851852,0.7195767195767195,0.6666666666666666,0.3333333333333333
d67afe766c3765d2b9f66a639ed2366a,18,3,6.0,1.775,2.0505,0.2755000000000001,0.95,0.7222222222222222,0.2277777777777778,1.0,0.0
62fc9542f87938f5dbdba24fc1fc5382,18,4,4.5,0.7777777777777778,14.615,13.837222222222222,1.0,0.4444444444444444,0.5555555555555556,1.0,0.0
fc979bb4233b14df365938d309d7208d,18,5,3.6,0.8541666666666667,3.007,2.152833333333333,0.75,0.3055555555555556,0.4444444444444444,1.0,0.0
d1daca11b6eaa1b7ec7a5cd565805380,18,3,6.0,1.0208333333333333,2.5016666666666665,1.4808333333333332,0.6666666666666666,0.25925925925925924,0.40740740740740744,1.0,0.0
e4cfb93941ed9092b62eb0c69774c175,18,1,18.0,1.7222222222222223,1.7695,0.04727777777777775,0.1111111111111111,0.2222222222222222,-0.1111111111111111,1.0,0.0
1b696eeb3e06afd4fced5ea50d395fc7,18,5,3.6,0.5,2.07675,1.57675,0.9705882352941176,0.3333333333333333,0.6372549019607843,1.0,0.0
8765162c735e07e77519ee2957ae0130,18,5,3.6,2.733333333333333,2.094,-0.6393333333333333,0.3333333333333333,0.2222222222222222,0.11111111111111115,1.0,0.0
cffb95ab91d444964dc0a0c6d565737f,18,4,4.5,1.1363636363636365,5.51825,4.381886363636363,1.0,0.16666666666666666,0.8333333333333333,1.0,0.0
2f3c34f6804cc1410db866e589d5c3dc,18,10,1.8,1.0408163265306123,1.4977142857142858,0.4568979591836735,0.7210884353741497,0.3650793650793651,0.35600907029478457,0.8571428571428571,0.14285714285714285
ee4d1eccbc458eb60a8ceb58bdde1aea,18,4,4.5,0.6666666666666666,3.715125,3.0484583333333335,0.75,0.25,0.5,1.0,0.0
4d31c1c155d542349c96c4499d715527,18,4,4.5,1.5625,3.145,1.5825,0.7291666666666666,0.25,0.4791666666666667,1.0,0.0
c8b009cc0f208db74d32e308d018cc52,18,5,3.6,0.7916666666666666,3.3665000000000003,2.5748333333333333,0.9583333333333333,0.2222222222222222,0.7361111111111112,1.0,0.0
f261f25a58a8696d975a166182c27f60,18,5,3.6,0.0,1.66,1.66,1.0,0.2222222222222222,0.7777777777777778,1.0,0.0
8b9717aac8bb61039ed58c387e4fa250,18,9,2.0,0.5,1.19525,0.69525,0.25,0.16666666666666666,0.08333333333333334,1.0,0.0
a424d5c3ec30af6593c94a81beb067d2,18,4,4.5,0.9375,11.363,10.4255,1.0,0.5,0.5,1.0,0.0
10184aec96d75dd148859d40a0e5b551,18,5,3.6,0.37777777777777777,3.4778333333333333,3.100055555555556,1.0,0.2962962962962963,0.7037037037037037,1.0,0.0
b4d97dd14bcb2d4d0d05bd04928a7e2b,17,10,1.7,1.1111111111111112,1.7365000000000002,0.6253888888888889,0.8181818181818182,0.2222222222222222,0.595959595959596,1.0,0.0
36f69f8a49aa27e8678744c752bd328c,17,5,3.4,3.6666666666666665,4.1775,0.5108333333333334,0.6666666666666666,0.1111111111111111,0.5555555555555555,1.0,0.0
70b77b51be11ca37831ee6692e84a495,17,5,3.4,0.7142857142857143,1.9581666666666664,1.2438809523809524,0.8095238095238096,0.25925925925925924,0.5502645502645502,1.0,0.0
1f7cc6dbe731e3fb05ee41b4a9cd7cb6,17,4,4.25,0.0,0.8535,0.8535,0.7647058823529411,0.4444444444444444,0.3202614379084967,1.0,0.0
e627eeafe3e2f13d3009a49385e4975b,17,4,4.25,0.7058823529411765,1.908,1.2021176470588233,0.8823529411764706,0.5555555555555556,0.326797385620915,1.0,0.0
97998c4b433d7b10d97e4fe20168e995,17,1,17.0,1.3529411764705883,2.4415,1.0885588235294117,0.8823529411764706,0.5555555555555556,0.326797385620915,1.0,0.0
94678dc6355631dbcf06c23951350172,17,2,8.5,0.8235294117647058,14.615,13.791470588235294,1.0,0.4444444444444444,0.5555555555555556,1.0,0.0
b4f96eb3850ee67c5cba210360d783df,17,3,5.666666666666667,1.0833333333333333,2.5115000000000003,1.4281666666666668,1.0,0.1851851851851852,0.8148148148148149,1.0,0.0
cc587ed902499b13c9af7cd711b2cd62,17,4,4.25,0.5,6.31175,5.81175,1.0,0.7222222222222222,0.2777777777777778,1.0,0.0
500a43cbe681a774ca0935a8a31aa1ff,17,5,3.4,0.3888888888888889,2.9395000000000002,2.550611111111111,0.9444444444444445,0.2222222222222222,0.7222222222222223,1.0,0.0
ba0ee2a2162fc063511951c4d5f68013,17,5,3.4,0.0,1.2235,1.2235,1.0,0.2222222222222222,0.7777777777777778,1.0,0.0
222e793daa759b482733882d0a63382f,17,8,2.125,1.8823529411764706,1.782,-0.10035294117647053,1.0,0.2222222222222222,0.7777777777777778,1.0,0.0
bc161afc811daae14682622634baf3cc,17,5,3.4,1.65,2.5854999999999997,0.9355,0.975,0.1388888888888889,0.836111111111111,1.0,0.0
005854090a9bf2c760be2d602774602d,17,3,5.666666666666667,0.0625,0.4565,0.394,1.0,0.3888888888888889,0.6111111111111112,1.0,0.0
9950a67df971bd358d0f96566b26770c,17,5,3.4,0.03125,1.266,1.23475,0.5,0.38888888888888884,0.11111111111111116,1.0,0.0
c6b4b18668656e1e0d147eb24209a15d,17,9,1.8888888888888888,0.5,0.22525,-0.27475,0.5357142857142857,0.2222222222222222,0.3134920634920635,1.0,0.0
9f10e52316620d5fc23b61ce63e92701,17,5,3.4,3.6785714285714284,3.91875,0.24017857142857157,1.0,0.2777777777777778,0.7222222222222223,1.0,0.0
ef7fb6c6638343f0fa88bad6fb4baf57,17,4,4.25,0.0,0.8545,0.8545,1.0,0.3333333333333333,0.6666666666666667,1.0,0.0
14029d6d9faad3a8d5d66ebad48dcd8c,17,9,1.8888888888888888,0.058823529411764705,1.6,1.5411764705882354,0.058823529411764705,0.1111111111111111,-0.0522875816993464,1.0,0.0
73a18a4362886378f00be50c62542c54,17,3,5.666666666666667,0.6071428571428571,1.9025,1.2953571428571429,0.5,0.5,0.0,1.0,0.0
d9824ca39fda893051f094f6ed1fe8d7,16,2,8.0,0.5625,0.572,0.009499999999999953,0.0,0.1111111111111111,-0.1111111111111111,1.0,0.0
8f3ac9aa04925ef789a54825a2089b4c,16,3,5.333333333333333,1.0625,1.534,0.47150000000000003,1.0,0.2777777777777778,0.7222222222222222,1.0,0.0
d4fee4528893c8df4c42f0e2ff164c1a,16,3,5.333333333333333,0.0,3.731,3.731,1.0,0.8333333333333333,0.16666666666666669,1.0,0.0
a3dc20c67e1b1467bc47995a784ba5b2,16,4,4.0,0.75,3.96425,3.21425,0.875,0.41666666666666663,0.45833333333333337,1.0,0.0
6cae4c0f0038c858272067585d5d6587,16,4,4.0,1.375,2.4625,1.0875,0.1875,0.4444444444444444,-0.2569444444444444,1.0,0.0
bdaa4d89bdb5d351528229f9905146dc,16,5,3.2,2.125,5.7775,3.6525,0.6875,0.2222222222222222,0.4652777777777778,1.0,0.0
af0bc990572ad7f671cd7519d7f2ff93,16,4,4.0,0.6428571428571429,8.1875,7.544642857142857,1.0,1.0,0.0,1.0,0.0
e798a88cc39cab3c1a9c27d4927a17bf,16,5,3.2,1.7083333333333333,3.1135,1.4051666666666667,0.5,0.611111111111111,-0.11111111111111108,1.0,0.0
ddbb5541fe47fbe6167f4209a2a5a9ec,16,5,3.2,0.9166666666666666,3.3599999999999994,2.4433333333333334,0.6666666666666666,0.25925925925925924,0.4074074074074074,1.0,0.0
e19a7333c23f83be137a51ec537f9613,16,9,1.7777777777777777,0.6571428571428571,1.9977999999999998,1.3406571428571428,0.8,0.17777777777777776,0.6222222222222221,1.0,0.0
2135afaba3a7c986f847be20f2bcb136,16,5,3.2,0.125,0.38275,0.25775,0.875,0.5555555555555556,0.3194444444444444,1.0,0.0
ce5166b2bb89c64930ed13aebabcf450,16,4,4.0,0.625,2.0095,1.3845,0.625,0.1111111111111111,0.5138888888888888,1.0,0.0
c85429023ceb308d50ccad3b9dbdc8ee,16,5,3.2,0.8,1.06325,0.2632499999999999,1.0,0.2222222222222222,0.7777777777777778,1.0,0.0
468133debd1059f212dc2013d14d463d,16,10,1.6,0.0,0.0,0.0,0.0,0.2222222222222222,-0.2222222222222222,1.0,0.0
30cc3c16ae3d34dcd7fe8e59b4aedf33,16,4,4.0,0.4375,0.739,0.3015,1.0,0.3333333333333333,0.6666666666666667,1.0,0.0
e6d2382020caac16d5c4ed244c6eff77,16,5,3.2,1.4285714285714286,1.67,0.24142857142857144,1.0,0.3333333333333333,0.6666666666666667,1.0,0.0
12f9d23e3cd30b9b3f8e9ee67f824814,15,4,3.75,1.4285714285714286,1.94,0.5114285714285713,1.0,0.2222222222222222,0.7777777777777778,1.0,0.0
e13f835cab765619a96c578f3fa3eca6,15,5,3.0,0.2222222222222222,7.32775,7.105527777777778,1.0,0.7777777777777778,0.2222222222222222,1.0,0.0
fef7327ca553c16daff2e69c9c5451a4,15,2,7.5,0.0,0.0,0.0,1.0,0.6666666666666666,0.33333333333333337,1.0,0.0
e3bbc35048e72fff7279147741004602,15,4,3.75,1.0833333333333333,1.5155,0.43216666666666664,1.0,0.22222222222222224,0.7777777777777778,1.0,0.0
e4bae42f79445ed57408a511f96764a6,15,4,3.75,0.25,2.77025,2.52025,1.0,0.3333333333333333,0.6666666666666667,1.0,0.0
b46586d0f2876a45c17bc91204667b2b,15,5,3.0,0.875,1.1789999999999998,0.30399999999999994,0.75,0.38888888888888884,0.36111111111111116,1.0,0.0
5d83a52178e710721682244db8e23eb6,15,9,1.6666666666666667,0.375,1.7515,1.3765,0.875,0.38888888888888884,0.48611111111111116,1.0,0.0
4498e7fd3e811b883afa98ece42455c1,15,10,1.5,0.13333333333333333,0.8889999999999999,0.7556666666666666,1.0,0.25925925925925924,0.7407407407407408,1.0,0.0
ff6c7efb8d311d639393eaf2805f0dd8,15,5,3.0,1.0,1.86225,0.8622500000000001,1.0,0.2777777777777778,0.7222222222222222,1.0,0.0
e73c7157dd3925417b8059ee0acfb0cb,15,4,3.75,1.8,1.53,-0.27,1.0,0.2222222222222222,0.7777777777777778,1.0,0.0
fceab3c5c488920b73c056c607039100,15,5,3.0,0.9583333333333333,2.5797499999999998,1.6214166666666667,0.9583333333333333,0.2777777777777778,0.6805555555555556,1.0,0.0
6bcae0cc51838a4464822403e839251d,15,5,3.0,1.9259259259259258,1.788,-0.13792592592592598,0.6296296296296297,0.25925925925925924,0.3703703703703704,1.0,0.0
1f88f07c19a3d6af55bbdf9509bceb19,15,4,3.75,1.5769230769230769,3.20125,1.624326923076923,0.8846153846153846,0.1111111111111111,0.7735042735042735,1.0,0.0
9baa5e1962089a1d5e352dfda5c6d07c,15,10,1.5,0.5,1.67425,1.17425,0.5,0.16666666666666666,0.33333333333333337,1.0,0.0
c6c5e0e0c07e573cd63c7fad29928e10,15,8,1.875,0.7575757575757575,1.4195,0.6619242424242424,0.5151515151515151,0.2592592592592593,0.25589225589225584,1.0,0.0
a5d9bf4705fddd20d814c3209fb3c95d,15,4,3.75,0.0,3.731,3.731,1.0,0.8333333333333333,0.16666666666666669,1.0,0.0
3070dc728d89aeb34d7e5a77db586f99,15,2,7.5,3.2,1.7505,-1.4495000000000002,0.6666666666666666,0.1111111111111111,0.5555555555555556,1.0,0.0
c688c6c9ad795f9b46201df680dcc253,14,3,4.666666666666667,0.16666666666666666,2.46575,2.2990833333333334,1.0,0.2222222222222222,0.7777777777777778,1.0,0.0
660da56639d6c1adf6d11cb40caa07a2,14,4,3.5,1.5769230769230769,1.49375,-0.08317307692307685,0.5,0.2777777777777778,0.22222222222222224,1.0,0.0
3e17c4202c51be7155b477219e81c201,14,5,2.8,0.07142857142857142,2.1635,2.0920714285714284,1.0,0.3333333333333333,0.6666666666666667,1.0,0.0
0b254893a295ece893cdd8636be52a1d,14,3,4.666666666666667,0.2916666666666667,2.143,1.8513333333333333,0.041666666666666664,0.1111111111111111,-0.06944444444444445,1.0,0.0
e90eee3ddb4aec5086322a82335e7f6a,14,5,2.8,0.6153846153846154,2.6357500000000003,2.020365384615385,1.0,0.5555555555555556,0.4444444444444445,1.0,0.0
3c4e051d79b86b0aef6424be49b48378,14,5,2.8,0.7222222222222222,3.725333333333334,3.0031111111111115,1.0,0.4444444444444444,0.5555555555555556,1.0,0.0
5a2f015f138b57c89d21f179d9920da7,14,10,1.4,2.666666666666667,3.8416250000000005,1.1749583333333333,0.6,0.2,0.4,1.0,0.0
edc7850dd3c0836d716b05ecde40f5f0,14,10,1.4,1.875,0.0955,-1.7795,1.0,0.2222222222222222,0.7777777777777778,0.0,1.0
b0b31410b5e33f7ec27deba986c6fc73,14,4,3.5,0.5,1.00225,0.50225,0.9615384615384616,0.2777777777777778,0.6837606837606838,1.0,0.0
08d7a7367594b77dd5bf5cad5f180cb3,14,5,2.8,0.2222222222222222,9.450166666666668,9.227944444444445,1.0,0.5555555555555556,0.4444444444444445,1.0,0.0
7278b632ac6283cfea4222b7e83e977f,14,5,2.8,1.3846153846153846,2.588,1.2033846153846155,0.7692307692307693,0.2222222222222222,0.5470085470085471,1.0,0.0
1c3b14b74af8df037eda2ba23cf3dfb6,14,5,2.8,0.5,1.0919999999999999,0.5919999999999999,1.0,0.38888888888888884,0.6111111111111112,1.0,0.0
f8bd63c74cf0dc6f371ab972c0e425a4,14,5,2.8,0.0,16.2615,16.2615,1.0,0.5555555555555556,0.4444444444444444,1.0,0.0
6eac2bf647c9865ab25005cdd9515a6e,14,4,3.5,0.21428571428571427,6.556,6.341714285714286,1.0,0.3333333333333333,0.6666666666666667,1.0,0.0
1f21284a2220c54c041cbeed539a28f1,14,7,2.0,2.7291666666666665,3.3945,0.6653333333333336,0.8125,0.5555555555555556,0.2569444444444445,1.0,0.0
97da5a6d4139e31e47e05fbc5f7f799c,13,9,1.4444444444444444,1.0666666666666667,2.0845,1.0178333333333334,0.6,0.2888888888888889,0.31111111111111117,1.0,0.0
550461f653c1c4c65cf40815dd77ec86,13,5,2.6,0.1,1.68025,1.58025,0.6,0.2777777777777778,0.32222222222222224,1.0,0.0
2025eb689cc6a1f4db636ca6f6710fc3,13,4,3.25,1.6923076923076923,2.9125,1.2201923076923078,0.0,0.1111111111111111,-0.1111111111111111,1.0,0.0
b75846fa697bf69c64d8ddb2502e976f,13,5,2.6,0.5,3.234,2.734,1.0,0.38888888888888884,0.6111111111111112,1.0,0.0
3813ca0ba11b09e86979c470f0e6725e,13,5,2.6,1.2041666666666666,3.9247500000000004,2.720583333333333,0.9166666666666666,0.2222222222222222,0.6944444444444444,1.0,0.0
77944c15c764515d5eabaf7f254702f7,13,3,4.333333333333333,0.3076923076923077,6.556,6.248307692307693,1.0,0.3333333333333333,0.6666666666666667,1.0,0.0
417872c1697437be64b548462d05743d,13,4,3.25,0.14285714285714285,5.32325,5.180392857142857,1.0,0.4444444444444444,0.5555555555555556,1.0,0.0
1be42830763d3b3880e377b963b5d8bf,13,5,2.6,0.75,1.209,0.45899999999999996,0.875,0.2777777777777778,0.5972222222222222,1.0,0.0
e6f7e9fc0c780921eb4b746e269ab07b,13,10,1.3,2.5454545454545454,1.77125,-0.7742045454545454,0.5,0.1111111111111111,0.38888888888888884,1.0,0.0
aacf117c81834a690b3134ebb71c3f0c,13,5,2.6,0.0,5.459166666666666,5.459166666666666,1.0,0.3703703703703704,0.6296296296296297,1.0,0.0
8774b97b624a2f8efe72e5e1dbe6e8a3,13,5,2.6,3.4305555555555554,3.43675,0.006194444444444169,0.75,0.3333333333333333,0.4166666666666667,1.0,0.0
21ebd3afcbebcc95cd4233a6b672cce7,13,4,3.25,1.3333333333333333,9.329333333333334,7.996000000000001,0.9393939393939394,0.4444444444444445,0.494949494949495,1.0,0.0
a0f38b9a45451557246895e3d404e584,13,10,1.3,1.1515151515151516,1.3621666666666663,0.21065151515151506,0.8484848484848485,0.4444444444444444,0.40404040404040403,1.0,0.0
04e0e9d3adc62ea419b8b9870f0af683,13,5,2.6,0.8125,2.4475,1.635,1.0,0.36111111111111116,0.6388888888888888,1.0,0.0
eb2b525969014cfc1f4d7f0985bf970a,13,4,3.25,1.5454545454545454,3.74175,2.1962954545454547,0.5,0.2777777777777778,0.22222222222222224,0.9545454545454546,0.045454545454545456
e0d2e96f96a885a9eacc17871b23144a,13,5,2.6,0.4444444444444444,1.4315,0.9870555555555556,0.9444444444444444,0.2222222222222222,0.7222222222222222,1.0,0.0
209478b8b87f1b6cbc3b540248cd8f24,13,5,2.6,1.6363636363636365,2.517,0.8806363636363634,1.0,0.2222222222222222,0.7777777777777778,1.0,0.0
7cee7e6def0ca60e707c6af790e107ff,13,5,2.6,0.1111111111111111,5.798166666666667,5.687055555555555,0.7777777777777777,0.7037037037037037,0.07407407407407407,1.0,0.0
6941f78fb5c5781aff81a1df88b778e4,13,5,2.6,2.25,5.499499999999999,3.2495,0.5,0.33333333333333337,0.16666666666666666,1.0,0.0
1a3e36c59bdf2307e4133574eb601345,13,9,1.4444444444444444,0.5555555555555555,1.8226666666666667,1.267111111111111,0.8571428571428571,0.40740740740740744,0.44973544973544977,1.0,0.0
ea1172b7221bde42e6a5235374647630,13,10,1.3,1.375,1.9800833333333332,0.6050833333333334,0.9166666666666666,0.35185185185185186,0.5648148148148148,0.875,0.125
eb56ec479a3e4a3fef3ad75d8f275928,13,5,2.6,0.5,2.5185,2.0185,1.0,0.2222222222222222,0.7777777777777778,1.0,0.0
f9dd04ab316c08036dd3fe261cd637d8,13,5,2.6,7.181818181818182,6.2375,-0.9443181818181818,0.0,0.5555555555555556,-0.5555555555555556,1.0,0.0
bc417ae6d197f83b365c107ba6b688b8,13,5,2.6,1.8461538461538463,4.332,2.4858461538461536,0.6923076923076923,0.3333333333333333,0.358974358974359,1.0,0.0
79c4bc130701b592b83f489ddb155ca2,13,10,1.3,3.1166666666666667,3.6262,0.5095333333333332,0.6,0.26666666666666666,0.33333333333333337,1.0,0.0
340b89b2ffcd1548eff2e0ba2721d98a,13,4,3.25,2.8125,3.45825,0.64575,1.0,0.16666666666666666,0.8333333333333333,1.0,0.0
56ffe79946d05cbc61e214cb5dc32712,13,5,2.6,2.230769230769231,1.53,-0.7007692307692308,1.0,0.2222222222222222,0.7777777777777778,1.0,0.0
994ba445d3e3ccbbc2496211c0eb8574,12,5,2.4,0.7727272727272727,3.353,2.5802727272727273,1.0,0.16666666666666666,0.8333333333333333,1.0,0.0
01548da004c6123b7e8050119f45462f,12,5,2.4,0.7916666666666666,6.123666666666668,5.332000000000001,0.7083333333333334,0.40740740740740744,0.30092592592592593,1.0,0.0
e568305e81b5d144161927a72f4db913,12,4,3.0,2.7833333333333337,1.9877500000000001,-0.7955833333333335,1.0,0.1111111111111111,0.8888888888888888,1.0,0.0
cbdec8e1996326ba6157f5ecd2beb248,12,4,3.0,1.0,0.6435,-0.35650000000000004,1.0,0.1111111111111111,0.8888888888888888,1.0,0.0
c70ccc4421ba573438fb4ba6fe0601e6,12,4,3.0,0.5,4.5395,4.0395,1.0,0.6111111111111112,0.3888888888888889,1.0,0.0
87710a82e147a65a756d6428792f4bdb,12,5,2.4,0.45,1.01725,0.56725,0.7,0.2777777777777778,0.4222222222222223,1.0,0.0
44749b34fa707ed3fc41a5d95662ba13,12,5,2.4,2.75,3.5301666666666662,0.7801666666666666,0.5833333333333334,0.2962962962962963,0.28703703703703703,1.0,0.0
589c0b79caf0877a38d27b07bf210c47,12,5,2.4,2.25,4.182875,1.932875,0.75,0.25,0.5,1.0,0.0
2172f3d3b786559f0539e954ee2c1968,12,2,6.0,0.16666666666666666,5.1475,4.980833333333333,1.0,0.4444444444444444,0.5555555555555556,1.0,0.0
9675826cfa15bc2c003155b2e5d420dd,12,3,4.0,0.7,1.9025,1.2025000000000001,0.95,0.5,0.45,1.0,0.0
686ba5379a39f2329426d7083a36d408,12,4,3.0,0.35,1.11575,0.7657499999999999,0.35,0.2222222222222222,0.1277777777777778,1.0,0.0
cadd12df9bd49b9d5b908816b0551da2,12,2,6.0,4.916666666666667,5.283,0.3663333333333334,0.0,0.2222222222222222,-0.2222222222222222,1.0,0.0
e10ed4f8ff16934a275c3b058dcafc67,12,5,2.4,1.0,2.2756666666666665,1.2756666666666667,0.9583333333333334,0.25925925925925924,0.6990740740740741,1.0,0.0
5c8a3bdd860e01aa97ef1f87d066b48d,12,5,2.4,0.47619047619047616,1.9925,1.5163095238095239,0.6428571428571428,0.2777777777777778,0.3650793650793651,1.0,0.0
105aa3a6181c206ef15bdb896d22427b,12,3,4.0,0.25,0.8455,0.5955,1.0,0.2222222222222222,0.7777777777777778,1.0,0.0
9bbba0489030f0b9fbd8e8d4cc87ea79,12,5,2.4,0.75,8.831750000000001,8.081750000000001,1.0,0.2222222222222222,0.7777777777777778,1.0,0.0
29e1dedb43ad72cdf251c740bf2779ad,12,2,6.0,0.0,1.0315,1.0315,0.0,0.2222222222222222,-0.2222222222222222,1.0,0.0
c4201a676f1d7cbdf405b84de4a14560,12,1,12.0,1.0833333333333333,1.503,0.41966666666666663,0.5833333333333334,0.4444444444444444,0.13888888888888895,1.0,0.0
2e7d5ca3f138d5b3a952654f0b3e405c,12,7,1.7142857142857142,1.0952380952380951,2.3135000000000003,1.218261904761905,0.7142857142857143,0.3888888888888889,0.32539682539682535,1.0,0.0
db42f55edd1506194541fdfdecc42022,12,5,2.4,0.18181818181818182,2.25725,2.0754318181818183,0.7272727272727273,0.2777777777777778,0.4494949494949495,1.0,0.0
5d2818aab8291cd8023209e5cc4e0f46,12,4,3.0,1.0,6.07125,5.07125,0.5,0.2222222222222222,0.2777777777777778,1.0,0.0
f47cfbec469a34ad28f1694052e266e8,12,10,1.2,0.3888888888888889,1.69025,1.3013611111111112,1.0,0.2777777777777778,0.7222222222222223,1.0,0.0
0d950d9ed094a253ab4d72c033871197,11,2,5.5,0.0,2.80175,2.80175,0.5,0.38888888888888884,0.11111111111111113,1.0,0.0
f3d1a35fae91222c18b6430ecf049def,11,4,2.75,1.3055555555555556,1.1284999999999998,-0.17705555555555563,1.0,0.3888888888888889,0.6111111111111112,1.0,0.0
3f87bebed4579f09a89c04ce8f7208c7,11,5,2.2,2.7222222222222223,8.98525,6.263027777777777,0.5,0.2777777777777778,0.22222222222222224,1.0,0.0
7f97df6135ce00ab31f79a95d15cf975,11,5,2.2,1.361111111111111,3.1665000000000005,1.8053888888888892,0.75,0.4074074074074074,0.3425925925925926,1.0,0.0
83fa2a897e84d2828c500bb340f92f8d,11,9,1.2222222222222223,3.185185185185185,1.954,-1.2311851851851852,1.0,0.3333333333333333,0.6666666666666666,1.0,0.0
8b1dffdd0231b56ddfd9d737bdf41e19,11,4,2.75,1.111111111111111,2.443166666666667,1.3320555555555555,0.7777777777777777,0.40740740740740744,0.3703703703703704,1.0,0.0
3ffa84ee2470b02c06148ebf4edbe973,11,9,1.2222222222222223,1.4375,1.031,-0.4065,0.5,0.3333333333333333,0.16666666666666669,1.0,0.0
14642b2de98ec31eaadc2d1425973d03,11,1,11.0,1.5454545454545454,10.6465,9.101045454545455,1.0,0.5555555555555556,0.4444444444444444,1.0,0.0
6163eae42f7d15eb1810b2c6de68072a,11,1,11.0,1.0,3.1085,2.1085,0.0,0.1111111111111111,-0.1111111111111111,1.0,0.0
e97b01b2b6caf817135950e1e81d18b9,11,9,1.2222222222222223,0.9206349206349206,3.4023333333333334,2.481698412698413,1.0,0.40740740740740744,0.5925925925925926,1.0,0.0
a172e2c89719428e69ebc972d3e98e62,11,4,2.75,1.6428571428571428,2.6185,0.9756428571428571,0.6190476190476191,0.1111111111111111,0.5079365079365079,1.0,0.0
62380334d494efe82f5413866876a339,11,4,2.75,0.0,0.3965,0.3965,1.0,0.4444444444444444,0.5555555555555556,1.0,0.0
570cba532735f71795a0aadd37e0dd7e,11,3,3.6666666666666665,0.9583333333333333,2.78525,1.8269166666666667,0.8333333333333333,0.1111111111111111,0.7222222222222222,1.0,0.0
f9acce8e4d6ea537ed509582aace6421,11,4,2.75,0.625,3.258,2.633,0.0,0.2222222222222222,-0.2222222222222222,1.0,0.0
d16cd9b08bf76b69e2f5bad23c072223,11,5,2.2,0.3333333333333333,4.269666666666667,3.9363333333333332,1.0,0.4444444444444445,0.5555555555555557,1.0,0.0
e779655873b4a8c753d645d581485da2,11,5,2.2,0.40740740740740744,1.7065000000000001,1.2990925925925925,1.0,0.6296296296296297,0.3703703703703704,1.0,0.0
604903f6e9852a1115ab3017f61e3a98,11,4,2.75,7.1,5.85525,-1.24475,0.5,0.1111111111111111,0.38888888888888884,1.0,0.0
300d2de4dcac03fb59a1c0bc978fdc39,11,4,2.75,0.1,2.2265,2.1265,0.0,0.1111111111111111,-0.1111111111111111,1.0,0.0
0489e0eb67afbec67923afd52d99197f,11,4,2.75,2.1666666666666665,4.82,2.6533333333333338,0.375,0.5555555555555556,-0.18055555555555555,1.0,0.0
a98c60c3fbcf9948439944220ac84a3e,11,4,2.75,0.0,1.048,1.048,1.0,0.2777777777777778,0.7222222222222223,1.0,0.0
398440549810022b27a8254ce8a53dc5,11,5,2.2,1.1333333333333333,3.453666666666667,2.3203333333333336,0.8666666666666667,0.1851851851851852,0.6814814814814815,1.0,0.0
b337b83dfbdae11b21a2dd92c0dbd7e6,11,5,2.2,1.0,1.1836666666666666,0.18366666666666667,1.0,0.2222222222222222,0.7777777777777778,1.0,0.0
e5ffd1b663c372eba4d3c448892815d7,11,5,2.2,0.8333333333333333,4.839,4.0056666666666665,0.75,0.3333333333333333,0.41666666666666674,1.0,0.0
8535b691c896c6d2b410e7ab8529853a,11,4,2.75,0.5,2.24425,1.74425,1.0,0.2777777777777778,0.7222222222222223,1.0,0.0
2a1e5044e12921b39732edc9df88d871,11,4,2.75,0.4166666666666667,1.97025,1.5535833333333333,0.5,0.2222222222222222,0.2777777777777778,1.0,0.0
946921a424c8933f4299722716f004cc,11,5,2.2,10.181818181818182,6.866,-3.315818181818182,1.0,0.5555555555555556,0.4444444444444444,1.0,0.0
a30504425c72f5338fc70bf08c252ffe,11,3,3.6666666666666665,0.3125,0.69825,0.38575,1.0,0.3333333333333333,0.6666666666666667,1.0,0.0
ad60449528708b644b50088e29912b84,11,5,2.2,1.0,1.7376666666666667,0.7376666666666667,0.3333333333333333,0.2222222222222222,0.11111111111111115,1.0,0.0
3dcb8a9399b8fb512155e818c00d62e8,11,2,5.5,4.666666666666667,5.057,0.3903333333333334,1.0,0.4444444444444444,0.5555555555555556,1.0,0.0
700f73e1464c2af2b581421887a7d16b,11,3,3.6666666666666665,1.7272727272727273,2.446,0.7187272727272729,1.0,0.2222222222222222,0.7777777777777778,1.0,0.0
c4d7f14b98396b99394466442461460d,11,5,2.2,0.8571428571428571,2.0208333333333335,1.1636904761904763,1.0,0.1851851851851852,0.8148148148148148,1.0,0.0
0017a2904e34497d578228a0912f2367,11,10,1.1,1.4166666666666667,2.42,1.0033333333333334,0.75,0.3333333333333333,0.4166666666666667,1.0,0.0
f076bb4cb6e46d77872910f2120690e4,11,8,1.375,1.0833333333333333,2.1636666666666664,1.0803333333333334,1.0,0.5555555555555555,0.4444444444444445,1.0,0.0
ac80cfe4cceee3849d5f9d2b8939f322,10,5,2.0,2.2857142857142856,6.131666666666667,3.845952380952381,1.0,0.3703703703703704,0.6296296296296297,1.0,0.0
afe8f91d905519e231473e946e2674be,10,5,2.0,0.1111111111111111,3.0415,2.930388888888889,1.0,0.3333333333333333,0.6666666666666667,1.0,0.0
d692f427dcd1a02b5b4faa2fd698291b,10,9,1.1111111111111112,0.0,0.062,0.062,1.0,0.8888888888888888,0.11111111111111116,1.0,0.0
de6bc448f653520d986eec331522c562,10,5,2.0,1.0,0.9585,-0.04149999999999998,1.0,0.5555555555555556,0.4444444444444444,1.0,0.0
ad6a5a3e81e09efe941aa436de006d74,10,5,2.0,0.0,8.69175,8.69175,1.0,0.5,0.5,1.0,0.0
042f1185ab57071b50dd5c0c9737ddb0,10,5,2.0,0.4,2.3885,1.9885000000000002,1.0,0.5555555555555556,0.4444444444444444,1.0,0.0
de13500e205123e2cd532eb9b831a011,10,3,3.3333333333333335,1.2857142857142858,2.48825,1.2025357142857143,0.5,0.3888888888888889,0.1111111111111111,1.0,0.0
dde1eb7fb6a928fc39e2d76f5382ce28,10,4,2.5,2.5,3.1615,0.6615000000000002,0.0,0.1111111111111111,-0.1111111111111111,1.0,0.0
db91b9e344008a52f813226b97f24daf,10,2,5.0,0.0,3.4345,3.4345,0.0,0.2222222222222222,-0.2222222222222222,1.0,0.0
fcb244a86ddc5371c7c368d001d8cb7a,10,9,1.1111111111111112,0.625,2.2883333333333336,1.6633333333333333,0.9583333333333334,0.2222222222222222,0.736111111111111,1.0,0.0
0d486e1326745482e6f2b6a71f93f159,10,4,2.5,1.0,1.68,0.6799999999999999,1.0,0.1111111111111111,0.8888888888888888,1.0,0.0
0a2bc7440a3e9429c42d42eab82f8449,10,5,2.0,0.3333333333333333,2.1321666666666665,1.7988333333333333,0.5,0.2962962962962963,0.20370370370370372,1.0,0.0
82d2bfdc33f904063c2049097dc4c3c5,10,5,2.0,2.9,1.3205,-1.5795,1.0,0.33333333333333337,0.6666666666666666,1.0,0.0
f6d78a701cacf63e90e876a1dee62444,10,4,2.5,1.5238095238095237,1.5106666666666666,-0.013142857142857123,0.6666666666666666,0.3703703703703703,0.29629629629629634,1.0,0.0
f77f4979d4ea8dab6ae57292c0062034,10,5,2.0,0.0,6.2437499999999995,6.2437499999999995,1.0,0.4444444444444444,0.5555555555555556,1.0,0.0
ec447777820844f233cfad91932b0891,10,5,2.0,0.5555555555555556,2.10775,1.5521944444444444,1.0,0.2777777777777778,0.7222222222222223,1.0,0.0
b994526314c8564332f090495d624993,10,5,2.0,2.0,1.9715,-0.02849999999999997,0.5625,0.1111111111111111,0.45138888888888884,1.0,0.0
ebab84c6669aef5fa8cae0f12cbe7772,10,5,2.0,0.16666666666666666,0.8372499999999999,0.6705833333333333,0.6666666666666666,0.38888888888888884,0.2777777777777778,1.0,0.0
a83b9e79bf6423e2e86e16d49ae17f43,10,5,2.0,0.5333333333333333,5.0906666666666665,4.557333333333333,0.9333333333333332,0.5185185185185186,0.4148148148148148,1.0,0.0
c0a75d3dcd48cf780a96f7a9a875dfb6,10,4,2.5,0.4285714285714286,3.160833333333333,2.7322619047619043,0.7142857142857143,0.4074074074074074,0.3068783068783069,1.0,0.0
0733968c0c99f8ac7d72f6e25c721164,10,4,2.5,0.5,2.07675,1.57675,0.5833333333333334,0.3333333333333333,0.25,1.0,0.0
6f955499db4b3c13c8a2f98cc7073853,10,3,3.3333333333333335,7.571428571428571,4.0225,-3.548928571428571,0.42857142857142855,0.1111111111111111,0.31746031746031744,1.0,0.0
5efbc9e8e092a37c76d496f19bb9cc1e,10,4,2.5,0.8333333333333334,3.4628333333333337,2.6295,0.8888888888888888,0.25925925925925924,0.6296296296296297,1.0,0.0
c514a634a2be9e746d9fe29579796530,10,5,2.0,0.6666666666666666,5.798166666666667,5.1315,1.0,0.7037037037037037,0.29629629629629634,1.0,0.0
815986302ee59b40b7d4b7a486a5ceaf,10,2,5.0,2.25,0.0985,-2.1515,0.875,0.3333333333333333,0.5416666666666667,0.375,0.625
0138e26b1db21b7448ede3f6b41368a7,10,5,2.0,0.3333333333333333,2.4575,2.1241666666666665,1.0,0.4444444444444445,0.5555555555555556,1.0,0.0
c926df77eb0e5df2def7da3c45ade105,10,5,2.0,2.8,2.923,0.12300000000000022,0.0,0.8888888888888888,-0.8888888888888888,1.0,0.0
151891d80ec95e0a0c0f39c51d2190ee,10,4,2.5,1.0,2.1105,1.1105,0.8333333333333333,0.3888888888888889,0.4444444444444444,1.0,0.0
e391262ee27772f4b67744d5f902ae9f,10,7,1.4285714285714286,0.1,0.0625,-0.037500000000000006,1.0,0.2222222222222222,0.7777777777777778,1.0,0.0
584d3aef89ffda3b36192a0990504ffb,10,4,2.5,1.3888888888888888,2.85225,1.4633611111111111,1.0,0.5555555555555556,0.4444444444444445,1.0,0.0
7866b2ea11ce1bc7b582f78cca7d8d16,10,4,2.5,1.0555555555555556,2.42125,1.3656944444444443,1.0,0.1111111111111111,0.8888888888888888,1.0,0.0
215ca74cc86a5cb7cd186d5874583ab6,10,2,5.0,0.125,0.366,0.24100000000000002,0.9166666666666667,0.3333333333333333,0.5833333333333334,1.0,0.0
cd433c4f94e5f6ea155aa3324d340775,10,3,3.3333333333333335,0.0,0.001,0.001,1.0,0.5555555555555556,0.4444444444444444,1.0,0.0
74e0343583874dca3876286177040eba,9,5,1.8,0.0,5.113,5.113,1.0,0.2222222222222222,0.7777777777777778,1.0,0.0
5527e325ff1e4e880589b15d886e52e8,9,5,1.8,0.0,0.026,0.026,1.0,0.3333333333333333,0.6666666666666667,1.0,0.0
bc33d9b92d4254fa7da932c945fe49fd,9,2,4.5,0.8888888888888888,3.7615,2.872611111111111,1.0,0.2222222222222222,0.7777777777777778,1.0,0.0
0659be093a22e43693d49e80ce6804a6,9,3,3.0,0.6428571428571428,2.85175,2.208892857142857,0.5714285714285714,0.2222222222222222,0.3492063492063492,1.0,0.0
ce9463c8493edfde34bc479caa2cb518,9,2,4.5,1.1111111111111112,1.7795,0.6683888888888889,1.0,0.2222222222222222,0.7777777777777778,1.0,0.0
a57d172babad17f6614f6cb26d288892,9,5,1.8,1.0,1.13075,0.13075,0.5,0.33333333333333337,0.16666666666666666,1.0,0.0
b66ccd8c9127963324d4a8ffcad953e1,9,5,1.8,0.9166666666666666,2.588833333333333,1.6721666666666666,1.0,0.3703703703703704,0.6296296296296297,1.0,0.0
7c80590e804169d56bc51fc41cb0d795,9,4,2.25,0.16666666666666666,3.6285,3.4618333333333333,0.0,0.05555555555555555,-0.05555555555555555,1.0,0.0
c8ef0f9ea0027fe9e7fb9dcb5086cb4c,9,4,2.25,1.511111111111111,2.1214999999999997,0.6103888888888888,0.6666666666666666,0.4444444444444444,0.22222222222222224,1.0,0.0
87708810d586bab5bd100e59acea26b3,9,1,9.0,2.7777777777777777,2.6615,-0.11627777777777748,0.4444444444444444,0.2222222222222222,0.2222222222222222,1.0,0.0
aad2c72c4cd6813a84d879f68572cfb3,9,7,1.2857142857142858,0.0,5.113,5.113,1.0,0.2222222222222222,0.7777777777777778,1.0,0.0
b307b18350144a13c42b141bf4fc06f2,9,4,2.25,9.666666666666666,6.2375,-3.4291666666666663,0.3333333333333333,0.5555555555555556,-0.22222222222222227,1.0,0.0
04703ed8073cb1518c5bc8d5c58bb42f,9,5,1.8,2.5,10.96,8.46,1.0,0.1111111111111111,0.8888888888888888,1.0,0.0
7ed201b49e6945af478bad95e991d069,9,4,2.25,0.42857142857142855,3.2905,2.8619285714285714,0.5714285714285715,0.3703703703703704,0.20105820105820107,1.0,0.0
43f22d39ec060a84dd16c116878380c7,9,5,1.8,2.5,2.151333333333333,-0.3486666666666666,0.6666666666666666,0.1851851851851852,0.48148148148148157,0.6666666666666666,0.3333333333333333
4ae96dd707d46e512b414e0018ecf502,9,5,1.8,2.125,1.1955,-0.9295,1.0,0.1111111111111111,0.8888888888888888,1.0,0.0
42901fb64e19a320cb93d7443cfc43d4,9,5,1.8,0.8333333333333334,6.9543333333333335,6.1209999999999996,0.8333333333333334,0.3703703703703704,0.46296296296296297,1.0,0.0
44ffe391e2224bb0463f064bf2f27349,9,5,1.8,1.0,4.193,3.193,0.5,0.1111111111111111,0.38888888888888884,1.0,0.0
edc249195b1830f0687984974f63f55b,9,5,1.8,0.0,2.7545,2.7545,0.5,0.16666666666666666,0.33333333333333337,1.0,0.0
0bb5475a79320bc7f2d18bcb533e5a9a,9,4,2.25,1.3928571428571428,1.643,0.25014285714285706,1.0,0.2222222222222222,0.7777777777777778,1.0,0.0
eb023e0d3aa7bd2a158de877a4cf6140,9,2,4.5,0.0,0.0,0.0,1.0,0.3333333333333333,0.6666666666666667,1.0,0.0
f81e4e8436314e34b86f0d9183cc0139,9,2,4.5,1.25,1.5545,0.3045,0.42857142857142855,0.5555555555555556,-0.126984126984127,1.0,0.0
ee75b0042f4a2e6e46e567608663d77d,9,5,1.8,0.7,2.85625,2.15625,1.0,0.3333333333333333,0.6666666666666667,1.0,0.0
e4074176823324829af0a000ac5cfa63,9,3,3.0,0.125,1.1895,1.0645,1.0,0.38888888888888884,0.6111111111111112,1.0,0.0
9c5561e0b4a04965e9827c50d369bfb8,9,9,1.0,0.7,1.7845,1.0844999999999998,0.875,0.2222222222222222,0.6527777777777778,1.0,0.0
4305072a39e3e4f0a77e1c4738c2c2d1,9,4,2.25,0.4166666666666667,0.49,0.07333333333333333,0.25,0.2777777777777778,-0.027777777777777762,1.0,0.0
3c709e4bca3db77f2b9cbac235be2acc,9,5,1.8,4.25,3.0505000000000004,-1.1995,0.5,0.25,0.25,1.0,0.0
dd55f7f830586bcacfca0489ba65e224,9,9,1.0,1.25,1.84575,0.5957500000000001,1.0,0.2777777777777778,0.7222222222222223,1.0,0.0
43da1d967f6537bf26e5aeb65e80e154,9,5,1.8,1.1904761904761905,1.3926666666666667,0.20219047619047617,0.2857142857142857,0.5925925925925926,-0.3068783068783069,1.0,0.0
26fd7f7aee49ba528d0821d9090b8985,9,4,2.25,0.0,1.162,1.162,1.0,0.3333333333333333,0.6666666666666667,1.0,0.0
39460f7c2eccf4cbdcc48e9ac437a78c,9,3,3.0,0.0,0.0,0.0,1.0,0.3333333333333333,0.6666666666666667,1.0,0.0
3b2c9607d171e196b1792a419c26567e,9,5,1.8,0.9285714285714286,1.33075,0.4021785714285715,0.6428571428571428,0.2222222222222222,0.42063492063492064,1.0,0.0
11c876c67792c0c6bededc0c87e5b900,9,5,1.8,0.8888888888888888,1.188,0.2991111111111111,0.0,0.2222222222222222,-0.2222222222222222,1.0,0.0
f5cadb9507cf607a1be966569482aa3a,9,10,0.9,0.5238095238095238,2.8358333333333334,2.3120238095238097,0.6666666666666666,0.3333333333333333,0.3333333333333333,1.0,0.0
f556f2eec158ab76686500c825abee59,9,5,1.8,0.0,0.0,0.0,0.0,0.2222222222222222,-0.2222222222222222,1.0,0.0
0d8a3dc2d054aa91e655dd79de243fd7,9,10,0.9,1.25,2.4020000000000006,1.1520000000000001,0.5,0.1388888888888889,0.3611111111111111,1.0,0.0
0b565a53e11d471ed7ea2725448c2671,9,4,2.25,4.725,4.2305,-0.49449999999999983,0.4,0.1111111111111111,0.28888888888888886,1.0,0.0
9bdc44f39ffaca394834f2ca247e4679,9,8,1.125,0.4444444444444444,0.0955,-0.3489444444444444,1.0,0.2222222222222222,0.7777777777777778,1.0,0.0
e52833ab792652738202fffdd2113fb0,8,3,2.6666666666666665,0.25,0.8455,0.5955,0.875,0.2222222222222222,0.6527777777777778,1.0,0.0
838b8505eaf5143a9f6d15f0eda26b9f,8,6,1.3333333333333333,0.0,1.4965000000000002,1.4965000000000002,0.5,0.2777777777777778,0.22222222222222227,1.0,0.0
396d60dbfa7bf42930f7264f79849865,8,5,1.6,1.0,2.446,1.4460000000000002,1.0,0.2222222222222222,0.7777777777777778,1.0,0.0
ae76f1633f50b15667524d3762e457de,8,10,0.8,1.875,1.188,-0.687,1.0,0.2222222222222222,0.7777777777777778,1.0,0.0
e1d8dd7b600f5bfadfee6223e3837408,8,4,2.0,4.0,3.85475,-0.14524999999999988,0.5,0.1111111111111111,0.38888888888888884,1.0,0.0
5ceaf89932280233189336e8c517ef9b,8,7,1.1428571428571428,0.0,2.767,2.767,1.0,0.2222222222222222,0.7777777777777778,1.0,0.0
cb33a8dc274e1544aefb465412fb5e1b,8,5,1.6,0.125,6.3395,6.2145,0.375,0.5555555555555556,-0.18055555555555558,1.0,0.0
7b9a7c9e6c888314551746362304fc90,8,4,2.0,0.0,2.01525,2.01525,1.0,0.2222222222222222,0.7777777777777778,1.0,0.0
f8902ebc197cfdf036d9b50ea40e03b4,8,5,1.6,1.0,14.212,13.212,1.0,0.2222222222222222,0.7777777777777778,1.0,0.0
e50624c58c0db044b7a82f65e89f295d,8,10,0.8,0.2,1.05,0.8500000000000001,1.0,0.5,0.5,1.0,0.0
349ab9da96c6acbbca18843282d966ef,8,4,2.0,1.125,2.517,1.392,1.0,0.2222222222222222,0.7777777777777778,1.0,0.0
fa6841f92f1803eb9ce6045e0eedf4e1,8,5,1.6,0.0,8.13075,8.13075,0.6666666666666666,0.3888888888888889,0.2777777777777778,1.0,0.0
76b59725253c6fdd4cd68ade48cc373b,8,5,1.6,0.5,2.6945,2.1945,1.0,0.2222222222222222,0.7777777777777778,1.0,0.0
79a2fe714f7a69290a38a4a4fd6fb006,8,5,1.6,2.533333333333333,9.083166666666665,6.549833333333335,0.6666666666666666,0.5555555555555556,0.11111111111111109,1.0,0.0
996ac6fbd3e71faf28c16acd5df74b7a,8,8,1.0,1.0,2.394,1.3940000000000001,0.6666666666666666,0.14814814814814814,0.5185185185185185,1.0,0.0
5c508249b94eed7a989197b9539e1031,8,3,2.6666666666666665,0.0,8.167,8.167,0.6666666666666666,0.38888888888888884,0.2777777777777778,1.0,0.0
3c53ab19d6397a691276861d08a37cec,8,5,1.6,0.25,4.5345,4.2845,0.75,0.5555555555555556,0.19444444444444442,1.0,0.0
3cf5af38a6e379e380fc16f104e83d67,8,5,1.6,1.375,1.873,0.498,1.0,0.1111111111111111,0.8888888888888888,1.0,0.0
0fb275b2f8094b9341ebe667acac3487,8,5,1.6,1.25,2.4895,1.2395,0.875,0.5555555555555556,0.3194444444444444,1.0,0.0
ae3861ba6649329e8f4472a1d335e9fa,8,5,1.6,,,,,,,,
2fbe1b3944536ac722299656cb7e654a,8,2,4.0,1.875,1.422,-0.45300000000000007,0.0,0.1111111111111111,-0.1111111111111111,1.0,0.0
d7e6e02803b25deca977a8b04417701b,8,5,1.6,0.7777777777777777,3.214,2.4362222222222223,1.0,0.3333333333333333,0.6666666666666666,1.0,0.0
28745a3d6b6e876201b8416365cb5439,8,4,2.0,0.8333333333333334,1.57,0.7366666666666667,1.0,0.5555555555555556,0.4444444444444444,1.0,0.0
2b51f7c49cad5753db361b45f3060e2b,8,10,0.8,1.1666666666666667,4.155666666666667,2.9890000000000003,0.8333333333333334,0.14814814814814814,0.6851851851851851,1.0,0.0
b4326527b5a249d8039e0e4ec3d2eb85,8,5,1.6,3.5,2.765,-0.7349999999999999,1.0,0.1111111111111111,0.8888888888888888,1.0,0.0
d3a1b6daf7a500100bffab07143f4f23,8,5,1.6,0.1,6.07275,5.97275,0.5,0.16666666666666666,0.33333333333333337,1.0,0.0
a8e9ca1094cdf6f9a45d76fde6f8cf30,8,5,1.6,0.125,3.971,3.846,1.0,0.2222222222222222,0.7777777777777778,1.0,0.0
066ab036824d647d6164a0705f9eb311,8,10,0.8,0.5,1.23875,0.73875,0.625,0.2777777777777778,0.3472222222222222,1.0,0.0
f0521fc86aacef95f64cc43da08bccac,8,5,1.6,1.5714285714285714,7.664249999999999,6.092821428571428,1.0,0.2222222222222222,0.7777777777777778,1.0,0.0
287cf23755310bb9e8a3a2cf10eda058,8,5,1.6,0.5,2.041,1.541,1.0,0.5555555555555556,0.4444444444444445,1.0,0.0
ef300bb0999b715b6e093eb18050e148,8,5,1.6,0.14285714285714285,0.9345,0.7916428571428571,1.0,0.3333333333333333,0.6666666666666667,1.0,0.0
c6218d7320d50ae74968b85a7e831bda,8,10,0.8,0.5,3.1687499999999997,2.6687499999999997,1.0,0.3333333333333333,0.6666666666666667,1.0,0.0
e0ca23fc8608e4415494fa1dccea837c,8,2,4.0,2.0,1.3465,-0.6535,0.5,0.1111111111111111,0.3888888888888889,1.0,0.0
eda259bc2c35ff153c1625c6ff45e5db,8,5,1.6,0.875,4.7915,3.9165,0.5,0.16666666666666666,0.33333333333333337,1.0,0.0
80823be5b5aad16ddfbb78763733f2e6,8,5,1.6,0.3333333333333333,2.4575,2.1241666666666665,0.8666666666666667,0.4444444444444445,0.4222222222222222,1.0,0.0
ddc8bf68f9388a1da88862705605a7e3,8,5,1.6,0.75,0.9315,0.1815,0.75,0.2777777777777778,0.4722222222222222,1.0,0.0
6ac8e23ca7c5375cbc59d8acc580c5cc,7,5,1.4,0.0,12.723,12.723,0.0,0.1111111111111111,-0.1111111111111111,1.0,0.0
b855f53fe7103a0a625cc618c24e4cce,7,4,1.75,0.0,5.103,5.103,0.5714285714285714,0.3333333333333333,0.23809523809523808,1.0,0.0
226d2c2d63e98111e3bdd51f507595fd,7,3,2.3333333333333335,0.0,0.0,0.0,1.0,0.2222222222222222,0.7777777777777778,1.0,0.0
c4237eaed664740f7a1df473e1677a38,7,5,1.4,1.0,2.625,1.625,1.0,0.16666666666666666,0.8333333333333333,1.0,0.0
b2d364f15c5c89403a3c998302edd460,7,5,1.4,1.0,2.985,1.9849999999999999,1.0,0.2222222222222222,0.7777777777777778,1.0,0.0
f352a608948d733b8c770751e445eea4,7,5,1.4,0.25,1.1695,0.9195000000000001,0.5833333333333334,0.2777777777777778,0.3055555555555556,1.0,0.0
bbc5b0a1356bf702baa340ab4f98cc72,7,3,2.3333333333333335,1.4285714285714286,1.522,0.09342857142857142,0.0,0.1111111111111111,-0.1111111111111111,1.0,0.0
be51ad2bf47ef1a0d3f31e1cf19bc3a3,7,3,2.3333333333333335,1.35,1.86425,0.5142499999999999,1.0,0.3888888888888889,0.6111111111111112,1.0,0.0
6d064862350fa4c0d214dcb1723ca20b,7,4,1.75,1.2,1.8835,0.6835,0.0,0.1111111111111111,-0.1111111111111111,1.0,0.0
0821c326ad789ffabce6eb45ecd22aa4,7,3,2.3333333333333335,1.0,2.1515,1.1515,0.5,0.16666666666666666,0.33333333333333337,1.0,0.0
6cefab1ec9368a792cd51554b4187a5d,7,9,0.7777777777777778,0.4,0.91475,0.5147499999999999,1.0,0.2222222222222222,0.7777777777777778,1.0,0.0
6420cc775271a5cf010b961e32c8f7d6,7,5,1.4,1.25,1.265,0.014999999999999958,1.0,0.5,0.5,1.0,0.0
e78dfd565807cefe8e2837ed9ac3631a,7,4,1.75,0.0,1.535,1.535,0.0,0.1111111111111111,-0.1111111111111111,1.0,0.0
6c315540c490be5d85dd60c53dbbea4b,7,2,3.5,0.16666666666666666,0.306,0.13933333333333334,0.16666666666666666,0.2222222222222222,-0.05555555555555555,1.0,0.0
827fcb126401a726d5ba020f0a96295c,7,5,1.4,0.0,4.7125,4.7125,1.0,1.0,0.0,1.0,0.0
e918701b946fb9722fd382a800fdc18f,7,4,1.75,0.5,2.48825,1.98825,1.0,0.3888888888888889,0.6111111111111112,1.0,0.0
a0308028dfddebf45b70bbbaee971d2e,7,3,2.3333333333333335,1.1666666666666667,1.667,0.5003333333333333,1.0,0.1111111111111111,0.8888888888888888,1.0,0.0
25c479b3a670f80770242190d6b0a1a8,7,10,0.7,0.5,0.8055,0.3055,1.0,0.4444444444444444,0.5555555555555556,1.0,0.0
73ef0bff53b1d9b78085993e94555ff8,7,3,2.3333333333333335,0.0,1.7847499999999998,1.7847499999999998,1.0,0.2777777777777778,0.7222222222222223,1.0,0.0
8c667f31f4618c59f132d2386cb047f4,7,9,0.7777777777777778,0.0,0.007,0.007,0.0,0.5555555555555556,-0.5555555555555556,1.0,0.0
13e2a887264c0b9f322626b5e12d2560,7,5,1.4,1.0,3.3125,2.3125,1.0,0.16666666666666666,0.8333333333333333,1.0,0.0
11df1e24129b7f66bf22e83243dbb0f9,7,4,1.75,0.7142857142857143,3.9445,3.2302142857142857,0.0,0.1111111111111111,-0.1111111111111111,1.0,0.0
d2443ffe1b7d9dda83c4a36a8c53249c,7,5,1.4,0.5,3.23825,2.73825,1.0,0.2777777777777778,0.7222222222222222,1.0,0.0
85af0b31496670c13ddf0c63e7ad57ac,7,4,1.75,0.0,0.0,0.0,0.2857142857142857,0.3333333333333333,-0.047619047619047616,1.0,0.0
556acf9442b2d6cf9868991f7c2c729e,7,5,1.4,1.0,0.919,-0.08099999999999996,1.0,0.1111111111111111,0.8888888888888888,1.0,0.0
3f79667dd7a47977c46aa3cfdd923fe0,7,4,1.75,1.1428571428571428,2.143,1.000142857142857,0.5714285714285714,0.1111111111111111,0.4603174603174603,1.0,0.0
d7021078306a318187d9212bc1033dd7,7,4,1.75,0.25,1.42875,1.17875,0.125,0.2222222222222222,-0.09722222222222221,1.0,0.0
1357f41412d61d1e82194f4fa1006844,7,5,1.4,6.0,6.078,0.07800000000000029,0.0,0.8888888888888888,-0.8888888888888888,1.0,0.0
d479e862ecd0945ceec3ff90138b2dbf,7,5,1.4,1.5833333333333333,4.7965,3.213166666666667,0.5833333333333334,0.5555555555555556,0.027777777777777776,1.0,0.0
415a22ec2436001c46248d2a75bde2d2,7,10,0.7,3.9166666666666665,4.6386666666666665,0.7220000000000001,0.6666666666666666,0.1851851851851852,0.48148148148148157,1.0,0.0
3a51fb2241834d80cd557f6649157744,7,9,0.7777777777777778,0.5714285714285714,7.463,6.891571428571429,0.0,0.1111111111111111,-0.1111111111111111,1.0,0.0
19f69ac203258689f6823e2c49cea6b7,7,9,0.7777777777777778,0.5,2.4575,1.9575000000000002,0.75,0.33333333333333337,0.41666666666666663,1.0,0.0
fab4ec6a0f4a4c7b60e7b216d9e2ba94,7,4,1.75,0.8333333333333334,1.2878333333333334,0.45449999999999996,0.5,0.14814814814814814,0.35185185185185186,1.0,0.0
3fc7b814b683d94babc304f6a648091e,7,3,2.3333333333333335,1.2857142857142858,0.644,-0.6417142857142858,1.0,0.2222222222222222,0.7777777777777778,1.0,0.0
69f10bb45c105a7fa19dc21bb321041b,6,5,1.2,1.0,1.1985,0.1984999999999999,1.0,0.2222222222222222,0.7777777777777778,1.0,0.0
9e85e4a20e90ff45227199b96cacc99a,6,2,3.0,0.0,0.8455,0.8455,0.3333333333333333,0.2222222222222222,0.1111111111111111,1.0,0.0
ab597aa645c1ea90403ffa54df2b8cb6,6,4,1.5,0.6666666666666666,1.3475,0.6808333333333333,0.0,0.5555555555555556,-0.5555555555555556,1.0,0.0
d5e9343fbc2245690dff714c2986b3f2,6,6,1.0,0.5,2.5065,2.0065,0.5,0.5555555555555556,-0.05555555555555558,1.0,0.0
725fc1ad447218fd852bca45ef7f43da,6,1,6.0,0.16666666666666666,0.505,0.3383333333333334,1.0,0.5555555555555556,0.4444444444444444,1.0,0.0
8a52789cf539764b72282a2fb0992286,6,5,1.2,0.2,2.1655,1.9655000000000002,1.0,0.3333333333333333,0.6666666666666667,1.0,0.0
30bc72c24495fdcb7b11451dc6b3a8b0,6,3,2.0,0.0,1.1951666666666667,1.1951666666666667,1.0,0.48148148148148145,0.5185185185185185,1.0,0.0
81e62353775aac84b1dcca7379844456,6,3,2.0,0.625,4.13525,3.5102499999999996,1.0,0.33333333333333337,0.6666666666666666,1.0,0.0
d21e5568ac340f74febf26db99399512,6,4,1.5,2.25,1.43175,-0.8182499999999999,1.0,0.3333333333333333,0.6666666666666667,0.5,0.5
d210c9666954d5f78ea32ec049d34bae,6,5,1.2,0.8333333333333334,0.8955,0.06216666666666659,0.0,0.5555555555555556,-0.5555555555555556,1.0,0.0
04164d933be281d11a3031df607bbb8d,6,3,2.0,0.2222222222222222,7.485500000000001,7.263277777777778,1.0,0.4444444444444445,0.5555555555555556,1.0,0.0
7dbf55b43fe003944647dece36d0a978,6,5,1.2,0.3333333333333333,12.008,11.674666666666665,1.0,1.1111111111111112,-0.11111111111111116,1.0,0.0
b5d14cf3aaf97b4f15bb1b15f23a999d,6,4,1.5,3.75,3.99,0.2400000000000002,0.5,0.6666666666666666,-0.16666666666666663,1.0,0.0
f19b058ef0092b8ff31f580c73e9dc51,6,10,0.6,0.1,2.07625,1.9762499999999998,1.0,0.2777777777777778,0.7222222222222223,1.0,0.0
196fc741bff204e58a05a2c124df683d,6,5,1.2,0.9,2.153,1.2530000000000001,1.0,0.16666666666666666,0.8333333333333333,1.0,0.0
b9477066eeaaa2ee213cd9a88e571f56,6,5,1.2,0.0,5.6365,5.6365,0.5,0.2222222222222222,0.2777777777777778,1.0,0.0
09f86a600661502b32236459ea61d808,6,6,1.0,0.8,1.573,0.7729999999999999,1.0,0.2222222222222222,0.7777777777777778,1.0,0.0
dc90c568e899119f6c14b8a2e690a87e,6,3,2.0,0.0,5.103,5.103,1.0,0.3333333333333333,0.6666666666666667,1.0,0.0
6d59aa4fc7c2e2d43445efbb8ce32e89,6,5,1.2,0.8333333333333334,2.2835,1.4501666666666666,1.0,0.3333333333333333,0.6666666666666667,1.0,0.0
14ecf0a18553649a780c0b0e5a0728cb,6,5,1.2,2.2,4.71525,2.51525,1.0,0.16666666666666666,0.8333333333333333,1.0,0.0
6d6df047e6e12870b44f43ccc1d9dfcf,6,5,1.2,0.16666666666666666,0.5898333333333333,0.4231666666666667,0.3333333333333333,0.2962962962962963,0.037037037037037056,1.0,0.0
6f8c402744b26a5f912a2469fed11f5f,6,5,1.2,0.1,0.9665,0.8665,1.0,0.4444444444444444,0.5555555555555556,1.0,0.0
df6bfc26960d17d92e844f76241c38fa,6,5,1.2,3.8,5.57,1.7700000000000005,1.0,0.4444444444444444,0.5555555555555556,1.0,0.0
30c6b1eee2be733745c36dce48155367,6,3,2.0,1.1666666666666667,4.5875,3.4208333333333334,0.0,0.1111111111111111,-0.1111111111111111,1.0,0.0
fb2d701f4b8fca584820f03c934cf8e4,6,5,1.2,1.25,2.04175,0.79175,0.75,0.3055555555555555,0.4444444444444445,1.0,0.0
16f817b1e0b97200ed10461f6e62693e,6,2,3.0,2.5,13.087,10.587,0.5,0.38888888888888884,0.11111111111111113,1.0,0.0
5fde4ab8eee63fa6c91654a05319ca6f,6,5,1.2,0.0,3.814,3.814,0.0,0.05555555555555555,-0.05555555555555555,1.0,0.0
135a83dad9805dd95494b46d28d91996,6,5,1.2,4.4,2.9335,-1.4665000000000004,1.0,0.1111111111111111,0.8888888888888888,1.0,0.0
606123e49e757daa3f30ec7eb9d9c42b,6,5,1.2,0.0,1.614,1.614,0.5,0.38888888888888884,0.11111111111111113,1.0,0.0
8485ca311b4ab38f2911a407d70fee6a,6,3,2.0,1.3333333333333333,3.678,2.344666666666667,1.0,0.2222222222222222,0.7777777777777778,1.0,0.0
af9cd85368a888a544e4798754759c50,6,4,1.5,0.0,1.5715,1.5715,1.0,0.2222222222222222,0.7777777777777778,1.0,0.0
59c62d1d890d22befbb5fae46d2ef144,6,4,1.5,0.6666666666666666,3.9034999999999997,3.2368333333333332,1.0,0.22222222222222224,0.7777777777777777,1.0,0.0
ac41fe761e12766668e0613e4bf60e6b,6,5,1.2,1.1666666666666667,6.9085,5.741833333333333,0.3333333333333333,0.1111111111111111,0.2222222222222222,1.0,0.0
e495ca4d74f9d62a8396c094a93c2032,6,4,1.5,0.2,3.24225,3.0422499999999997,0.5,0.2222222222222222,0.2777777777777778,1.0,0.0
9a0d9fcb2f0772dd8ac4d42605f1d866,6,9,0.6666666666666666,0.2222222222222222,2.2261666666666664,2.0039444444444445,1.0,0.25925925925925924,0.7407407407407408,1.0,0.0
70b04a8383a4189b7135fc1d98a0dda0,6,5,1.2,0.4,5.696199999999999,5.2962,1.0,0.35555555555555557,0.6444444444444445,1.0,0.0
627649179882e0b0ec32bd350ca2024a,6,10,0.6,1.6666666666666667,2.2933333333333334,0.6266666666666668,1.0,0.14814814814814814,0.8518518518518517,1.0,0.0
3f1f013bd947cfdcf603684dfc2aa6b0,6,5,1.2,0.16666666666666666,2.507,2.3403333333333336,1.0,0.2222222222222222,0.7777777777777778,1.0,0.0
02ed2ff9368185366c19610d39a48a43,6,5,1.2,0.75,1.75625,1.00625,0.75,0.2222222222222222,0.5277777777777778,1.0,0.0
25184258e23814286057d7f171261b1a,6,10,0.6,0.0,2.06375,2.06375,0.5,0.5555555555555556,-0.055555555555555525,1.0,0.0
339f64950bfe7f0e28bf7f65a71f66c0,6,2,3.0,0.0,1.841,1.841,1.0,0.3333333333333333,0.6666666666666667,1.0,0.0
10360ff54be27e4869e08964fe54b832,6,3,2.0,0.5,5.173,4.673,1.0,0.33333333333333337,0.6666666666666666,1.0,0.0
b2950e829680cf0fef53daa28bed98bf,6,4,1.5,1.0,1.845,0.845,1.0,0.2222222222222222,0.7777777777777778,1.0,0.0
9f390b8dad3cf9fc6e0e7ca2a17cb330,6,5,1.2,0.0,0.8175,0.8175,1.0,0.4444444444444444,0.5555555555555556,1.0,0.0
3fed9d5687a6f8c59be21efa7ab7f62b,6,5,1.2,1.0,1.67675,0.67675,0.5,0.1111111111111111,0.38888888888888884,1.0,0.0
b3db9a298f8104617b83fd723397f2ab,6,4,1.5,0.375,1.83575,1.46075,1.0,0.4444444444444444,0.5555555555555556,1.0,0.0
4f7eb3cf01d06791eadea919fafb8906,6,3,2.0,0.375,4.83675,4.46175,0.875,0.2777777777777778,0.5972222222222222,1.0,0.0
71ba58da91d2f16f8db02ab42fafe8cb,5,5,1.0,0.7777777777777777,3.9326666666666665,3.154888888888889,1.0,0.3703703703703704,0.6296296296296297,1.0,0.0
2780ccc98ed0d1462225fa8fc5409508,5,8,0.625,2.3333333333333335,1.5599999999999998,-0.7733333333333334,0.0,0.1851851851851852,-0.1851851851851852,1.0,0.0
abf542d708d8925861724d3da94551a7,5,1,5.0,0.0,4.924,4.924,1.0,0.3333333333333333,0.6666666666666667,1.0,0.0
181befe23bab9e81207a0491a98af259,5,5,1.0,0.5,6.53225,6.03225,0.5,0.5,0.0,1.0,0.0
7d15872c41cc983739ab2517858bd6fa,5,5,1.0,1.3333333333333333,3.12825,1.7949166666666667,1.0,0.2777777777777778,0.7222222222222223,1.0,0.0
959b8033692f6ea4dfa0ce3e7f4b78e7,5,5,1.0,1.0,4.431166666666667,3.4311666666666665,1.0,0.25925925925925924,0.7407407407407408,1.0,0.0
96272dec10d650fcc9002e47bc766a63,5,10,0.5,2.333333333333333,4.4030000000000005,2.069666666666667,0.0,0.2222222222222222,-0.2222222222222222,1.0,0.0
0ee1bfab25305de4803f1080215642b4,5,6,0.8333333333333334,,,,,,,,
fd255fa58a7b6c1a608603fc593e02ce,5,5,1.0,1.0,1.873,0.873,1.0,0.1111111111111111,0.8888888888888888,1.0,0.0
90ed6db80869ea24464571176131d078,5,4,1.25,0.75,2.2265,1.4765000000000001,0.75,0.2222222222222222,0.5277777777777778,1.0,0.0
7c6350dc0a9658b32fc108ef50ec05ad,5,3,1.6666666666666667,0.625,5.01975,4.39475,1.0,0.5555555555555556,0.4444444444444444,1.0,0.0
ad19c6b7b9c74e4aa50f3994ef295fe0,5,8,0.625,0.0,0.642,0.642,1.0,0.5555555555555556,0.4444444444444445,1.0,0.0
1ae93fbf23e0e8330f43bf9983a1fe2a,5,5,1.0,0.5,4.2745,3.7744999999999997,0.5,0.16666666666666666,0.3333333333333333,1.0,0.0
fc58e937be66099c2b44350445dd6e8b,5,4,1.25,0.75,0.82475,0.07474999999999998,1.0,0.2222222222222222,0.7777777777777778,1.0,0.0
aecf991625649099e19bcccacdba776f,5,5,1.0,1.0,0.9215,-0.07850000000000001,1.0,0.2222222222222222,0.7777777777777778,1.0,0.0
aee7abc2b21b32c3b2eaaf78bbb4de99,5,1,5.0,0.4,6.195,5.795,1.0,0.5555555555555556,0.4444444444444444,1.0,0.0
fa0c6503fa67b4fa104e76600499d70a,5,4,1.25,2.25,2.677875,0.427875,0.5,0.2222222222222222,0.2777777777777778,1.0,0.0
b04640fdc8f11340e6bd6be7633e56e9,5,2,2.5,1.5,1.1895,-0.31049999999999994,0.75,0.38888888888888884,0.36111111111111116,1.0,0.0
2318d0a8e7ce22898d5ca118475f1055,5,2,2.5,3.0,2.519,-0.48099999999999987,0.0,0.2222222222222222,-0.2222222222222222,1.0,0.0
f9923ec6361d62b19157616a4cc102b2,5,4,1.25,1.25,2.72125,1.47125,1.0,0.3333333333333333,0.6666666666666667,1.0,0.0
4d59d4f95ecb8b10e30151c05c5e3821,5,4,1.25,1.125,2.2515,1.1265,0.5,0.38888888888888884,0.1111111111111111,1.0,0.0
f5a760cb5c223e7ccb8eb34c94844e35,5,5,1.0,1.0,1.1985,0.1984999999999999,1.0,0.2222222222222222,0.7777777777777778,1.0,0.0
ddf05f205fcfa02743d9b53b6a4a887b,5,1,5.0,0.6,11.3075,10.7075,0.6,0.3333333333333333,0.26666666666666666,1.0,0.0
f576e1838d85d09da2568600f53f8df0,5,10,0.5,1.0,4.908,3.9080000000000004,1.0,0.1111111111111111,0.8888888888888888,1.0,0.0
c87a16f4d930198dace3602d82d35174,5,5,1.0,0.0,5.0055,5.0055,1.0,0.6666666666666666,0.33333333333333337,1.0,0.0
3d6892fdef151e10ab09de77b4e5e6a0,5,4,1.25,0.625,4.07725,3.4522500000000003,0.5,0.1111111111111111,0.38888888888888884,1.0,0.0
c8e3ea259fc9d5884f572d32c4a6c55b,5,5,1.0,0.5,0.38125,-0.11875000000000002,0.5,0.2222222222222222,0.2777777777777778,1.0,0.0
8bc07abf3980f0eed727ede8a11ecaf1,5,4,1.25,1.4,0.644,-0.7559999999999999,1.0,0.2222222222222222,0.7777777777777778,1.0,0.0
3e61ddde750392e26f447d58ca939979,5,4,1.25,0.5,0.7437499999999999,0.24374999999999997,0.5,0.2222222222222222,0.2777777777777778,1.0,0.0
a64b3a9f1c502e8cf228ef02287e9209,5,4,1.25,0.6666666666666666,2.5951666666666666,1.9284999999999999,1.0,0.1851851851851852,0.8148148148148148,1.0,0.0
caaa4b7fae06c7f6563d0d5b476726fb,5,1,5.0,3.4,4.82,1.4200000000000004,1.0,0.2222222222222222,0.7777777777777778,1.0,0.0
8703165eee6307f2bb919060b698f031,5,5,1.0,1.375,1.746,0.37100000000000005,1.0,0.2222222222222222,0.7777777777777778,1.0,0.0
428b4b4e051aeab3f8497f904430092a,5,5,1.0,10.5,3.5915,-6.9085,0.0,0.1111111111111111,-0.1111111111111111,1.0,0.0
e1bc1ffd18225e356e10c5d005b894bd,5,5,1.0,0.0,19.837,19.837,0.0,0.1111111111111111,-0.1111111111111111,1.0,0.0
47d4ec31a159ccf81b6a0926eb8c7fb9,5,9,0.5555555555555556,1.0,3.2095000000000002,2.2095000000000002,0.5,0.1111111111111111,0.38888888888888884,1.0,0.0
e6210f1ee7117b9150301badf4abb2b5,5,10,0.5,0.5,4.6235,4.1235,0.5,0.2222222222222222,0.2777777777777778,1.0,0.0
11940e50c397b98ae4a0e182019e8c05,5,4,1.25,1.3333333333333333,4.257000000000001,2.923666666666667,0.6666666666666666,0.5555555555555556,0.1111111111111111,1.0,0.0
a2c073e4409210c5b6b79573b6ceedd4,5,8,0.625,0.5,0.95975,0.45975,1.0,0.3888888888888889,0.6111111111111112,1.0,0.0
d231f7557ee47ca095c503834919a5b2,5,4,1.25,0.125,0.38575,0.26075,1.0,0.2777777777777778,0.7222222222222223,1.0,0.0
51d66e51250c7b88248233ea68554716,5,4,1.25,0.6,1.908,1.3079999999999998,0.8,0.5555555555555556,0.24444444444444446,1.0,0.0
0a4471d6e778c98d9faf9bcbf0068ea6,5,4,1.25,0.0,0.0525,0.0525,1.0,0.2222222222222222,0.7777777777777778,1.0,0.0
5106f81a3451091e5b4732254e974268,5,9,0.5555555555555556,1.0,1.3456666666666666,0.34566666666666673,1.0,0.40740740740740744,0.5925925925925927,1.0,0.0
dc02d170c3a8f681c4e4879219abb7ca,5,10,0.5,1.0,2.77025,1.7702499999999999,1.0,0.2222222222222222,0.7777777777777778,1.0,0.0
4effa90362bbbec9a32f480b8b4dd049,5,5,1.0,0.6,16.3835,15.783500000000002,0.0,0.6666666666666666,-0.6666666666666666,1.0,0.0
8825a829d0317be399b73e9d0983603d,5,4,1.25,0.5,0.917,0.41700000000000004,0.5,0.3333333333333333,0.16666666666666669,1.0,0.0
4c941893b4d29b78532bba9e472fe3f7,5,5,1.0,3.0,4.2925,1.2925,0.6666666666666666,0.1851851851851852,0.48148148148148145,1.0,0.0
d9fa6afaa8136db88c1341008caeed55,5,5,1.0,0.0,2.89325,2.89325,0.5,0.5555555555555556,-0.05555555555555555,1.0,0.0
e58568496d2090ed40f1c1614a51265c,5,5,1.0,0.0,1.0485,1.0485,0.5,0.3333333333333333,0.1666666666666667,1.0,0.0
48bdadcd8f364464b34aa3dddb9f1cb6,5,3,1.6666666666666667,0.8,0.0955,-0.7045,1.0,0.2222222222222222,0.7777777777777778,1.0,0.0
384a07c78a4bb1e7b98f5c585adea52c,5,4,1.25,2.25,1.8464999999999998,-0.4035000000000001,0.8333333333333333,0.33333333333333337,0.5,1.0,0.0
be6a78c8207edf9746ce9b0b105743ee,5,5,1.0,0.0,0.0,0.0,0.0,0.2222222222222222,-0.2222222222222222,1.0,0.0
2d4e2e1c38a24e0efedc2104ac079efc,5,9,0.5555555555555556,2.0,1.7095,-0.2905,1.0,0.3333333333333333,0.6666666666666667,1.0,0.0
f00195846d60c9fa9130e4d1e01ccd35,5,5,1.0,0.3333333333333333,5.623749999999999,5.290416666666666,0.5,0.2777777777777778,0.22222222222222227,1.0,0.0
30a1cd49f79796e1a457b34c70394f97,5,4,1.25,0.5,8.08225,7.582249999999999,0.875,0.44444444444444436,0.43055555555555564,1.0,0.0
b6c5af393c5f0201301445911c2c2766,5,1,5.0,0.0,0.034,0.034,1.0,0.6666666666666666,0.33333333333333337,1.0,0.0
104e63de43442ce89c5839f8712b6583,5,9,0.5555555555555556,1.0,3.3998333333333335,2.3998333333333335,0.6666666666666666,0.3333333333333333,0.3333333333333333,1.0,0.0
311d1b3b84fc1f3e3b4c425b83a4b32a,5,2,2.5,0.0,2.0395,2.0395,0.5,0.2222222222222222,0.2777777777777778,1.0,0.0
d7c52f2f24e90fe8b0174a6ff811b868,5,2,2.5,0.0,1.455,1.455,1.0,0.7777777777777778,0.2222222222222222,1.0,0.0
bf167e6414bc6611aea2f6097b1e076a,5,3,1.6666666666666667,1.0,5.22425,4.22425,1.0,0.5,0.5,1.0,0.0
9fdf8e92217169071740b2e6c0de9f24,5,4,1.25,1.875,13.087,11.212,1.0,0.38888888888888884,0.6111111111111112,1.0,0.0
c08a651efdec0448e032948cd492b2a0,5,4,1.25,0.0,3.053,3.053,0.5,0.4444444444444444,0.05555555555555555,1.0,0.0
2d0cb0c7f8bb2f5cbef472417d961ac4,5,1,5.0,0.0,1.269,1.269,0.0,0.5555555555555556,-0.5555555555555556,1.0,0.0
c27eefa832c63c90188b5feb8b450674,5,4,1.25,2.5,2.03325,-0.46675,0.5,0.6111111111111112,-0.1111111111111111,1.0,0.0
2bcb8cb9bd6673f397cbe0857b4b625d,5,5,1.0,1.0,2.7685,1.7685,0.5,0.16666666666666666,0.33333333333333337,1.0,0.0
2b06355cea411af7a6fa212c90eb3c6d,5,10,0.5,1.5,3.5475,2.0475,0.5,0.2222222222222222,0.2777777777777778,1.0,0.0
e76803f27b99617532fa574a24a8eac8,5,5,1.0,1.6,1.522,-0.07800000000000007,0.2,0.1111111111111111,0.0888888888888889,1.0,0.0
0db637bfccf629172dcc0166e6511c7a,5,4,1.25,0.5,8.0455,7.5455,1.0,0.7777777777777778,0.2222222222222222,1.0,0.0
881ce8318e980e526e22b219d83ebd23,4,5,0.8,1.0,3.828,2.828,1.0,0.4444444444444444,0.5555555555555556,1.0,0.0
9086ad400185d32b408e7cfc6aa535c3,4,5,0.8,1.0,1.149,0.14900000000000002,1.0,0.16666666666666666,0.8333333333333333,1.0,0.0
09cc6e2091fc9c89a65e741709bbd091,4,4,1.0,2.75,5.27625,2.5262499999999997,1.0,0.6666666666666667,0.3333333333333333,1.0,0.0
aa5ad66104aae5cd76e46d71eb9df4e7,4,5,0.8,0.0,4.332,4.332,0.5,0.16666666666666666,0.33333333333333337,1.0,0.0
a1ed73544bc9ce777ecbf84a402b407b,4,10,0.4,3.0,2.9735,-0.026499999999999968,1.0,0.4444444444444444,0.5555555555555556,1.0,0.0
8e2df76970d28a1639967507988110bc,4,4,1.0,0.75,4.5032499999999995,3.75325,0.5,0.4444444444444444,0.05555555555555555,1.0,0.0
9d32dba2ba32bf13bb4b71bc7d174da4,4,5,0.8,,,,,,,,
a6dfe1aa95cab81d240b9cf3196ea860,4,5,0.8,1.0,4.083,3.083,1.0,0.4444444444444444,0.5555555555555556,1.0,0.0
916251189d43363bfb58a1ea26f302ee,4,8,0.5,0.5,3.45775,2.95775,1.0,0.2222222222222222,0.7777777777777778,1.0,0.0
9fc042903ad51212617dac008b33e52f,4,5,0.8,1.3333333333333333,3.5785,2.245166666666667,1.0,0.2222222222222222,0.7777777777777778,1.0,0.0
0db4ea1316febb74b9f2778b5d444961,4,4,1.0,0.75,6.468249999999999,5.718249999999999,1.0,0.4444444444444444,0.5555555555555556,1.0,0.0
94429685609eff92151b8874bd15e9f4,4,5,0.8,0.3333333333333333,11.7705,11.437166666666666,0.6666666666666666,0.6666666666666666,0.0,1.0,0.0
943d8dbc201e4300a221e78232c4184d,4,4,1.0,0.5,4.843999999999999,4.343999999999999,0.5,0.33333333333333337,0.16666666666666663,1.0,0.0
8bddd730f896222814d8a32f5f7c707b,4,5,0.8,1.0,3.641,2.641,1.0,0.1111111111111111,0.8888888888888888,1.0,0.0
a6903b942aeb8e3c53310c2745c22a99,4,5,0.8,2.25,2.77025,0.52025,0.75,0.3333333333333333,0.41666666666666674,1.0,0.0
546b36904afdee9b9e772fbf0dd817e4,4,4,1.0,1.6666666666666665,2.958,1.2913333333333332,1.0,0.1111111111111111,0.8888888888888888,1.0,0.0
abbbf404d6f48dcf9f0b5d92d711cf1d,4,4,1.0,1.0,0.2045,-0.7955,1.0,0.1111111111111111,0.8888888888888888,1.0,0.0
f81b7762601877a04aebe625b5d5d411,4,4,1.0,0.3333333333333333,4.972,4.638666666666667,0.3333333333333333,0.1111111111111111,0.2222222222222222,1.0,0.0
d33fd1151d22aab2dd159b33de481962,4,4,1.0,0.6666666666666666,0.366,-0.30066666666666664,1.0,0.3333333333333333,0.6666666666666667,0.8333333333333333,0.16666666666666666
d49a0e573efabb13e6c578aa4a25e775,4,5,0.8,0.0,12.6945,12.6945,1.0,0.3333333333333333,0.6666666666666667,1.0,0.0
f8a3212a7896f3ecde9fa4e5a30a8f6e,4,7,0.5714285714285714,1.0,2.25325,1.25325,1.0,0.2222222222222222,0.7777777777777778,1.0,0.0
d6277987a579f8a889804dada819b4a8,4,4,1.0,2.3333333333333335,3.02925,0.6959166666666667,1.0,0.3333333333333333,0.6666666666666667,1.0,0.0
2559d34a0096169b37aaaf8573325f3b,4,4,1.0,1.0,0.7755,-0.22450000000000003,1.0,0.1111111111111111,0.8888888888888888,1.0,0.0
4affd3ef9a848d16093358ca301886e6,4,8,0.5,1.0,2.9410000000000003,1.941,1.0,0.2222222222222222,0.7777777777777778,1.0,0.0
4a02b12fce78279ea513c415e6462caf,4,5,0.8,5.25,3.368,-1.8820000000000001,0.0,0.8888888888888888,-0.8888888888888888,1.0,0.0
dd5a847778be2594fe617eb1965fe9e3,4,9,0.4444444444444444,1.0,3.7465,2.7465,1.0,0.2222222222222222,0.7777777777777778,1.0,0.0
49712b0e707ca6533df1376ab496dc82,4,1,4.0,1.0,0.536,-0.46399999999999997,1.0,0.3333333333333333,0.6666666666666667,1.0,0.0
491f3aadcf03439e81054cf7c548b93d,4,5,0.8,1.0,2.507,1.5070000000000001,1.0,0.2222222222222222,0.7777777777777778,1.0,0.0
dda10b01506628ed6b3e938cff424852,4,10,0.4,0.5,0.812,0.31200000000000006,1.0,0.33333333333333337,0.6666666666666666,1.0,0.0
7d898e556dbd357e5a2d1fabe1636f34,4,4,1.0,0.5,3.3343333333333334,2.8343333333333334,1.0,0.3333333333333333,0.6666666666666666,1.0,0.0
415e62616c6a5b5d18301792e8f2e8ce,4,4,1.0,1.75,4.7125,2.9625,0.5,0.2222222222222222,0.2777777777777778,1.0,0.0
3e2dfe1920db0e12eac215551fb6fc11,4,5,0.8,4.0,2.347,-1.653,0.0,0.3333333333333333,-0.3333333333333333,1.0,0.0
f8fe319ac43f53ff18a4b8de15988d23,4,6,0.6666666666666666,0.0,0.3955,0.3955,1.0,0.2222222222222222,0.7777777777777778,1.0,0.0
3d21505b62cc8e87d686efaa57930aa1,4,4,1.0,0.5,0.9112499999999999,0.41124999999999995,1.0,0.33333333333333337,0.6666666666666666,1.0,0.0
3735a2cd53c9027c23668e0327e84da3,4,3,1.3333333333333333,0.75,10.9345,10.1845,1.0,0.2222222222222222,0.7777777777777778,1.0,0.0
36793173c12b1a99895b5b11dfce3dfb,4,9,0.4444444444444444,3.0,0.9425,-2.0575,1.0,0.2222222222222222,0.7777777777777778,1.0,0.0
e9497586013cb9a234ba9065a7abe90e,4,2,2.0,1.0,2.28675,1.28675,1.0,0.4444444444444444,0.5555555555555556,1.0,0.0
34f7e4efcb37ae73f626d6a331b50cc1,4,10,0.4,0.6666666666666666,1.7515,1.0848333333333335,0.8333333333333333,0.38888888888888884,0.4444444444444445,1.0,0.0
e9ed471e47fca80cf5fb13c5bc3545ab,4,4,1.0,1.0,1.829,0.829,1.0,0.3333333333333333,0.6666666666666667,1.0,0.0
33cbb08484f0da7057d877b780bfc2c8,4,4,1.0,0.0,7.973,7.973,1.0,0.7777777777777778,0.2222222222222222,1.0,0.0
28dfd3dab1bd5825869467245a1af7a8,4,5,0.8,1.0,5.7775,4.7775,1.0,0.2222222222222222,0.7777777777777778,1.0,0.0
016f72a3b9f6e4bbe24390b715cd0cab,4,2,2.0,0.75,1.841,1.091,1.0,0.3333333333333333,0.6666666666666667,1.0,0.0
eea7c398992fe15d1e26fef397ad81c7,4,10,0.4,3.5,2.73525,-0.7647499999999998,0.0,0.1111111111111111,-0.1111111111111111,1.0,0.0
2efbb02f2320d55d30a5633b2f40bdc6,4,4,1.0,0.5,1.195,0.6950000000000001,1.0,0.5555555555555556,0.4444444444444444,1.0,0.0
f1b6415dea8e19f81e3fd16bde798aa9,4,1,4.0,0.0,7.4035,7.4035,0.5,0.8888888888888888,-0.38888888888888884,1.0,0.0
f43897c74dfcb9395d7a1b4a33afd293,4,4,1.0,1.0,4.2925,3.2925000000000004,1.0,0.1851851851851852,0.8148148148148149,1.0,0.0
1123c2a5c52bff42c22de6fc5715b9ae,4,5,0.8,4.833333333333333,3.77125,-1.0620833333333333,1.0,0.16666666666666666,0.8333333333333333,1.0,0.0
d325745ca21aee794275443680a4381e,4,5,0.8,,,,,,,,
67f8aa504c4b4719a6da42e55f10a2ea,4,5,0.8,0.5,1.6935,1.1935,1.0,0.2222222222222222,0.7777777777777778,1.0,0.0
1ebb137edfcac323e261df32d71ee0df,4,2,2.0,4.5,6.463,1.963,0.5,0.8888888888888888,-0.38888888888888884,1.0,0.0
af9bf0ddc3abdff8b566e97216d41dd6,4,10,0.4,2.5,2.45075,-0.049249999999999905,0.5,0.16666666666666666,0.33333333333333337,1.0,0.0
092c655b226cf0fa112f49976a758a88,4,4,1.0,2.0,2.544,0.5439999999999999,0.0,0.22222222222222224,-0.22222222222222224,1.0,0.0
b1c1712928fbbc26d23740051e410a0d,4,1,4.0,1.0,2.363,1.363,0.5,0.3333333333333333,0.16666666666666669,1.0,0.0
741961b6973486e602c62c5c9dd6423e,4,5,0.8,0.0,1.4965,1.4965,0.0,0.4444444444444444,-0.4444444444444444,1.0,0.0
078347e8fab7715faf4ee2a225afa306,4,5,0.8,0.0,2.4895,2.4895,0.0,0.5555555555555556,-0.5555555555555556,1.0,0.0
70bede4f0e30b81edc263f0bf579823c,4,4,1.0,0.5,4.0296666666666665,3.529666666666666,1.0,0.48148148148148145,0.5185185185185185,1.0,0.0
b5089cbaa2f5e18824ed9536cd98f155,4,5,0.8,2.0,3.5915,1.5915,1.0,0.1111111111111111,0.8888888888888888,1.0,0.0
fc778fd62d0345dcab08c8a5b1e2e41b,4,9,0.4444444444444444,0.0,0.8535,0.8535,1.0,0.4444444444444444,0.5555555555555556,1.0,0.0
6d53565351a5368df010a41ee5d5eb77,4,5,0.8,2.0,1.4865,-0.5135000000000001,0.0,0.2222222222222222,-0.2222222222222222,1.0,0.0
6cdf54813a69b67da14207f230a2aab6,4,2,2.0,0.25,2.7585,2.5085,0.25,0.1111111111111111,0.1388888888888889,1.0,0.0
bb693aa67038eb784621245e67a74558,4,5,0.8,1.1666666666666667,3.3023333333333333,2.135666666666667,1.0,0.25925925925925924,0.7407407407407408,1.0,0.0
65c4b60819b8e9749f903196cdfbb3bf,4,5,0.8,1.6666666666666667,2.44725,0.7805833333333334,1.0,0.6111111111111112,0.3888888888888889,1.0,0.0
630a34dddd818542f2c64ff99d46ef04,4,5,0.8,0.0,0.0,0.0,1.0,0.3333333333333333,0.6666666666666667,1.0,0.0
2c07702a74620ce37eb408cadc12f167,4,5,0.8,2.0,1.6955,-0.3045,1.0,0.16666666666666666,0.8333333333333333,1.0,0.0
1fb8babb56ffbe320546eab73ed1967b,4,2,2.0,1.0,0.68,-0.31999999999999995,1.0,0.1111111111111111,0.8888888888888888,1.0,0.0
c623886065ada7cd006d849070a6c9ef,4,4,1.0,4.0,5.146999999999999,1.1470000000000002,0.25,0.19444444444444445,0.055555555555555566,0.75,0.25
cb917b7082006ac52ece515a2f30af38,4,4,1.0,1.0,1.8835,0.8835,1.0,0.1111111111111111,0.8888888888888888,1.0,0.0
2204a682efe5fa9182c972e992355d99,4,2,2.0,0.0,1.3855,1.3855,0.0,0.3333333333333333,-0.3333333333333333,1.0,0.0
2184ab698209e9f20e99a8a7fbaec9df,4,2,2.0,1.0,4.990500000000001,3.9905000000000004,1.0,0.38888888888888884,0.6111111111111112,1.0,0.0
1ff91660afa988cc3dea74b222a1b9a9,4,7,0.5714285714285714,3.333333333333333,2.33125,-1.0020833333333332,0.5,0.5555555555555556,-0.055555555555555525,1.0,0.0
c96ab975f03b1b06ee0ca7c5ace24f5a,4,4,1.0,0.5,2.446,1.9460000000000002,1.0,0.2222222222222222,0.7777777777777778,1.0,0.0
5e5a9de8ba90eae4c09ba91a6a34bcf3,4,5,0.8,0.25,1.852,1.602,1.0,0.5555555555555556,0.4444444444444444,1.0,0.0
103ab9e5f0a930da26fdbcb63e37090e,4,2,2.0,0.0,7.1525,7.1525,1.0,0.2222222222222222,0.7777777777777778,1.0,0.0
fb11b459ca7e8efc451096a15f906516,3,4,0.75,1.0,2.143,1.1429999999999998,1.0,0.1111111111111111,0.8888888888888888,1.0,0.0
fadb0da4a3a77d385c0924bcf7a3db7c,3,8,0.375,0.5,2.4485,1.9485000000000001,1.0,0.5,0.5,1.0,0.0
99f2f93c1f7aa77d00a155d3d36799fe,3,4,0.75,2.0,5.5315,3.5315000000000003,0.0,0.2222222222222222,-0.2222222222222222,1.0,0.0
9a033274edc71976b6e7696f7683b4ae,3,5,0.6,1.0,3.02,2.02,1.0,0.2962962962962963,0.7037037037037037,1.0,0.0
fe5e4f95627d44926e8e949237291afd,3,5,0.6,0.5,11.259500000000001,10.759500000000001,0.5,0.38888888888888884,0.11111111111111113,1.0,0.0
f52e60932613eae87a17b9d58bbc3e4c,3,10,0.3,1.0,1.6995,0.6995,1.0,0.2222222222222222,0.7777777777777778,1.0,0.0
f3846da17849b7e968c3409a2ac12d7f,3,1,3.0,0.6666666666666666,0.681,0.01433333333333342,1.0,0.2222222222222222,0.7777777777777778,1.0,0.0
0b9daf136f66aac5d6d5c80e9fedc8a5,3,5,0.6,0.0,20.603,20.603,1.0,0.6666666666666666,0.33333333333333337,1.0,0.0
f5f9deced6e3bb9274cf6aeec9829a6d,3,5,0.6,1.0,3.641,2.641,1.0,0.1111111111111111,0.8888888888888888,1.0,0.0
fe45a3f1c9fd6137abac150c7f4be9f8,3,5,0.6,0.0,1.8295,1.8295,1.0,0.3333333333333333,0.6666666666666667,1.0,0.0
f965099f3b6eab10d7e28588b62f8b45,3,2,1.5,,,,,,,,
9b24e78cf4e7e6f5b8a5451daba4f42e,3,5,0.6,1.3333333333333333,0.172,-1.1613333333333333,0.0,0.5555555555555556,-0.5555555555555556,1.0,0.0
9a23174c113cfa3bee401d2ef6bb216a,3,3,1.0,0.3333333333333333,2.2265,1.8931666666666669,0.3333333333333333,0.2222222222222222,0.1111111111111111,1.0,0.0
f7583a3c0953faffcb973eb1fcd7b066,3,5,0.6,0.3333333333333333,3.6665,3.3331666666666666,1.0,0.3333333333333333,0.6666666666666667,1.0,0.0
f8e9aaf9483e478e6bd17dde846b79ae,3,4,0.75,0.6666666666666666,1.607,0.9403333333333334,0.6666666666666666,0.1111111111111111,0.5555555555555556,1.0,0.0
de83e970874255a0c9bef2b767dbb753,3,4,0.75,0.6666666666666666,5.1466666666666665,4.4799999999999995,0.6666666666666666,0.29629629629629634,0.3703703703703704,1.0,0.0
f2779ef16608a0d77f72c514e33615a9,3,4,0.75,0.75,1.96975,1.21975,0.75,0.2777777777777778,0.4722222222222222,1.0,0.0
f1b9ce4e8bbbd4cf7658000030063259,3,8,0.375,0.3333333333333333,0.5603333333333333,0.227,0.6666666666666666,0.25925925925925924,0.40740740740740744,1.0,0.0
b0f10c0db79e55b652683f14500efad2,3,5,0.6,0.75,2.0917499999999998,1.3417499999999998,0.5,0.1111111111111111,0.38888888888888884,1.0,0.0
b4fa05fa14501d1f8c49e8c5bce6802f,3,4,0.75,1.5,3.74925,2.24925,1.0,0.5,0.5,1.0,0.0
b7a9cfafe97d8dc68817c0da2b7e84be,3,5,0.6,1.0,3.172,2.172,1.0,0.6111111111111112,0.3888888888888889,1.0,0.0
bb2402c842bdb4f8ef50c17cfe05996f,3,5,0.6,1.0,2.4885,1.4885000000000002,1.0,0.1111111111111111,0.8888888888888888,1.0,0.0
bc246d049fa464eafe254f0c66114abe,3,4,0.75,0.5,2.01475,1.51475,1.0,0.5,0.5,1.0,0.0
bf66a164234034d4709666dc364c8d55,3,9,0.3333333333333333,0.75,1.76,1.01,0.75,0.2777777777777778,0.4722222222222222,1.0,0.0
c1c76db97c34eaf63899a1586719effd,3,4,0.75,1.0,3.959,2.959,1.0,0.3333333333333333,0.6666666666666667,1.0,0.0
c687f6afc08159130d227a976953c0ee,3,5,0.6,1.0,1.1985,0.1984999999999999,1.0,0.2222222222222222,0.7777777777777778,1.0,0.0
ca10f9fa3b6c0be47a8f8df216bec019,3,10,0.3,0.6666666666666666,0.9226666666666666,0.256,1.0,0.3703703703703704,0.6296296296296297,1.0,0.0
a5da33046a48287fc16d26e79a732406,3,2,1.5,3.0,1.873,-1.127,0.0,0.1111111111111111,-0.1111111111111111,1.0,0.0
cca19671575d799eaff74baa67d2e9ea,3,3,1.0,1.75,8.17575,6.425750000000001,0.0,0.1111111111111111,-0.1111111111111111,1.0,0.0
cd4cafb583a55ba4934a60088dcafbb8,3,4,0.75,0.25,2.5797499999999998,2.3297499999999998,0.75,0.2777777777777778,0.47222222222222227,1.0,0.0
d15cbcaea4b58192c05900af1049fe87,3,3,1.0,1.0,5.386,4.386,1.0,0.5555555555555556,0.4444444444444444,1.0,0.0
d2760dfd26b324ec50340ef21c20c924,3,5,0.6,0.3333333333333333,4.1635,3.8301666666666665,1.0,0.5555555555555556,0.4444444444444444,1.0,0.0
d2893af8e9400f9d4e9f67013a7759c7,3,4,0.75,0.0,7.973,7.973,1.0,0.7777777777777778,0.2222222222222222,1.0,0.0
d4e72ef608ed61e4881ed4b1d111460d,3,3,1.0,1.0,3.8085,2.8085,1.0,0.1111111111111111,0.8888888888888888,1.0,0.0
d749313c2ccad22b2cd042a4c70f3617,3,5,0.6,1.0,0.8635,-0.13649999999999995,0.6666666666666666,0.1111111111111111,0.5555555555555556,1.0,0.0
d7974c237593aa05a1ef4e4959984d0a,3,4,0.75,0.0,1.908,1.908,0.0,0.5555555555555556,-0.5555555555555556,1.0,0.0
a298b60a185605105b223c1b5fe11f6b,3,4,0.75,1.6666666666666667,1.9485,0.28183333333333316,0.3333333333333333,0.1111111111111111,0.2222222222222222,1.0,0.0
0325bcc6197384a736c8a6daf0871e63,3,9,0.3333333333333333,0.5,1.05625,0.55625,0.5,0.16666666666666666,0.33333333333333337,1.0,0.0
e3eff66f403e2169f371b3a9fd9fb7c6,3,1,3.0,1.0,1.916,0.9159999999999999,1.0,0.1111111111111111,0.8888888888888888,1.0,0.0
e649dd24132828eae8699da5edad4787,3,3,1.0,1.0,2.594,1.5939999999999999,1.0,0.1111111111111111,0.8888888888888888,1.0,0.0
ea7164b591f46f66ec38d8be41a6a614,3,5,0.6,0.5,1.4335,0.9335,0.75,0.16666666666666666,0.5833333333333333,1.0,0.0
ec1f56d6b8cd36a50c4c3c7534d5cb15,3,4,0.75,0.0,2.2355,2.2355,1.0,0.4444444444444444,0.5555555555555556,1.0,0.0
9d59909ef96797ce6de5397369f065a2,3,5,0.6,0.0,0.0,0.0,0.0,0.3333333333333333,-0.3333333333333333,1.0,0.0
937450bbf4bbdb2cf59822b0d06a773f,3,8,0.375,0.0,0.2015,0.2015,1.0,0.6666666666666666,0.33333333333333337,1.0,0.0
ffef39dd0d0db4fb0c4b5d1618428c85,3,4,0.75,0.5,2.90975,2.40975,1.0,0.3333333333333333,0.6666666666666667,1.0,0.0
5788c1381c38a7d46fdf053083acb7ab,3,4,0.75,1.6666666666666667,2.6005,0.9338333333333331,0.0,0.3333333333333333,-0.3333333333333333,1.0,0.0
260efd90866fdb1356c1ae3281f49190,3,1,3.0,1.0,3.633,2.633,1.0,0.5555555555555556,0.4444444444444444,1.0,0.0
4362a7cbd0376a8c858d07e8c4457456,3,5,0.6,1.0,3.761,2.761,1.0,0.33333333333333337,0.6666666666666666,1.0,0.0
2c63cf685c70f6f4c849f343a3e29273,3,2,1.5,2.0,0.6795,-1.3205,1.0,0.4444444444444444,0.5555555555555556,1.0,0.0
456e94035d71337edbe1d0a132ef6715,3,4,0.75,1.0,5.685,4.685,1.0,0.4444444444444444,0.5555555555555556,1.0,0.0
6cf9e9d24833aa3f3f94e0af878c34d8,3,4,0.75,1.5,1.1695,-0.3305,0.5,0.16666666666666666,0.33333333333333337,1.0,0.0
6ce74c0a4794b6f332b4e0c200cd5fff,3,4,0.75,3.75,5.3745,1.6245000000000003,0.5,0.1111111111111111,0.38888888888888884,1.0,0.0
46095cd1d852d9aa1280f93124c80956,3,4,0.75,2.3333333333333335,0.9095,-1.4238333333333335,1.0,0.2222222222222222,0.7777777777777778,1.0,0.0
481ce76744c8f53d50e08cb4370d38da,3,3,1.0,0.0,4.3275,4.3275,0.5,0.2222222222222222,0.2777777777777778,1.0,0.0
89f5ae11eb55242a590497489d7287e4,3,4,0.75,1.0,4.5345,3.5345000000000004,1.0,0.5555555555555556,0.4444444444444444,1.0,0.0
61ba7e8cd7e435a5d0503af4f2dcae17,3,4,0.75,0.0,2.315,2.315,0.5,0.4444444444444444,0.05555555555555558,1.0,0.0
8a6618e02b27c51ec7af66e0482f9598,3,10,0.3,0.5,1.3504999999999998,0.8504999999999999,1.0,0.5,0.5,1.0,0.0
643e47b726f94dda373cb2ca39739181,3,5,0.6,1.0,1.9375,0.9375,1.0,0.1111111111111111,0.8888888888888888,1.0,0.0
8ae646eb2a9292275bc71f6acc258e94,3,4,0.75,0.0,2.507,2.507,0.0,0.2222222222222222,-0.2222222222222222,1.0,0.0
8c0ab5403e1a2ee998e611c7fe5357e0,3,5,0.6,0.0,0.1515,0.1515,0.0,0.6666666666666666,-0.6666666666666666,1.0,0.0
2571cd5a61bc2d73f859cf55bc3b9ecf,3,5,0.6,1.0,2.867,1.867,0.0,0.5555555555555556,-0.5555555555555556,1.0,0.0
4c8208b272216a3be78d7708e8211f0a,3,2,1.5,5.5,2.2977499999999997,-3.2022500000000003,0.25,0.38888888888888884,-0.13888888888888887,1.0,0.0
63abf018481b5ee48f4b2f85b36e7abc,3,7,0.42857142857142855,1.0,5.5075,4.5075,1.0,0.1111111111111111,0.8888888888888888,1.0,0.0
408e70d8a03a681fdbd8796a5dde3b25,3,5,0.6,0.5,3.79375,3.29375,1.0,0.2777777777777778,0.7222222222222223,1.0,0.0
2d8a08fd41823c65f4fe61cac9977f48,3,3,1.0,2.0,2.1645,0.16449999999999987,0.0,0.2222222222222222,-0.2222222222222222,1.0,0.0
6f5da348ae25335d44b10e7f86af1996,3,5,0.6,0.0,0.62825,0.62825,0.5,0.2222222222222222,0.2777777777777778,1.0,0.0
2e8f1363396592b38b2f8f0db0f987ed,3,2,1.5,0.0,5.3635,5.3635,1.0,0.2222222222222222,0.7777777777777778,1.0,0.0
362a62ade79b3a398f025d62c126b3a8,3,4,0.75,0.6666666666666666,1.9725,1.3058333333333332,0.3333333333333333,0.1111111111111111,0.2222222222222222,1.0,0.0
790ca9544c747ea68d5529b4cf1d3b60,3,3,1.0,0.5,1.9937500000000001,1.4937500000000001,1.0,0.2777777777777778,0.7222222222222223,1.0,0.0
78f250b802788bb009a6057c3c99efac,3,4,0.75,0.0,4.1635,4.1635,1.0,0.5555555555555556,0.4444444444444444,1.0,0.0
7be9b6be01cbd287b00b5b1b0093cc25,3,5,0.6,5.25,8.69175,3.4417500000000003,0.25,0.5,-0.25,1.0,0.0
37f84369d15c9cdc41b13b48b92a3e15,3,9,0.3333333333333333,1.0,2.867,1.867,0.0,0.5555555555555556,-0.5555555555555556,1.0,0.0
321e3d81541294c87333ccb756e65f39,3,4,0.75,0.3333333333333333,2.4025,2.0691666666666664,1.0,0.3333333333333333,0.6666666666666667,1.0,0.0
384822dc16e28ea38dea53fd992f6f17,3,3,1.0,1.6666666666666667,1.1035,-0.5631666666666668,1.0,0.2222222222222222,0.7777777777777778,1.0,0.0
38e93c1a7e94cb53f6f859b361649def,3,5,0.6,1.0,1.323,0.32299999999999995,0.5,0.3888888888888889,0.1111111111111111,1.0,0.0
7dc2162197ce002a85b60bbac44b2cf4,3,3,1.0,4.0,1.9525,-2.0475000000000003,1.0,0.2222222222222222,0.7777777777777778,1.0,0.0
3bc6d89ec6740f74be3e58972296297b,3,4,0.75,0.0,3.6575,3.6575,1.0,0.3333333333333333,0.6666666666666667,1.0,0.0
7372c9fb3779ad27feda213a99b4184c,3,3,1.0,1.0,2.98975,1.98975,1.0,0.3333333333333333,0.6666666666666667,1.0,0.0
2fd0edcd27d76416402561531ed5dcfe,3,3,1.0,1.0,4.1825,3.1825,1.0,0.2222222222222222,0.7777777777777778,1.0,0.0
7342e2ee852da57b633b7b57222a4b95,3,5,0.6,0.0,9.007,9.007,0.3333333333333333,0.3333333333333333,0.0,1.0,0.0
2f6c9537a0edbb4345c913ed613f862a,3,5,0.6,0.0,0.97425,0.97425,0.5,0.2222222222222222,0.2777777777777778,1.0,0.0
7194aaa036fc80278e111edaf4434e6d,3,5,0.6,0.3333333333333333,2.4025,2.0691666666666664,0.6666666666666666,0.3333333333333333,0.3333333333333333,1.0,0.0
16da963cc002d56a83eb8438e351bf05,3,8,0.375,0.0,0.61325,0.61325,1.0,0.3333333333333333,0.6666666666666667,1.0,0.0
25c6a0d1b4c98c74455464daf607273d,3,6,0.5,0.0,2.4185,2.4185,0.5,0.2222222222222222,0.2777777777777778,1.0,0.0
7b0983c7a491c5d8f50131a199927f21,3,2,1.5,0.0,3.828,3.828,0.0,0.3333333333333333,-0.3333333333333333,1.0,0.0
59785c8a3b558c1c1d6bc1448c1e4141,3,4,0.75,1.3333333333333333,0.9585,-0.37483333333333324,1.0,0.5555555555555556,0.4444444444444444,1.0,0.0
11a56e8dce08aebca1bde3b782a2ef6c,3,4,0.75,0.5,0.7685,0.26849999999999996,0.5,0.1111111111111111,0.3888888888888889,1.0,0.0
903799d209d9b13f9201be9a840268d3,3,5,0.6,1.0,1.66425,0.6642499999999999,1.0,0.33333333333333337,0.6666666666666666,1.0,0.0
1b75ca89eb457b4cbe0cb6297be8505a,3,2,1.5,0.0,2.212,2.212,0.0,0.4444444444444444,-0.4444444444444444,1.0,0.0
4f6606a80f772bd71d52d1306a4a387e,3,3,1.0,0.6666666666666666,7.2545,6.587833333333333,1.0,0.3333333333333333,0.6666666666666667,1.0,0.0
1d6395d60dbc19640f0d0f76f1408e4f,3,4,0.75,0.0,0.4565,0.4565,0.0,0.1111111111111111,-0.1111111111111111,1.0,0.0
5534fae33ff80a4af7528a52f9a29b7d,3,3,1.0,0.3333333333333333,1.55,1.2166666666666668,1.0,0.5555555555555556,0.4444444444444444,1.0,0.0
1d97732be7329da4fa1e650071e14491,3,3,1.0,0.6666666666666666,1.195,0.5283333333333334,1.0,0.5555555555555556,0.4444444444444444,1.0,0.0
94f95a28cac78caabddbc27cbf734ab5,3,3,1.0,0.5,3.2935,2.7935,1.0,0.7222222222222222,0.2777777777777778,1.0,0.0
59e24a2423fa600bc7084a26363a4bf9,3,4,0.75,0.0,4.5145,4.5145,0.0,0.3333333333333333,-0.3333333333333333,1.0,0.0
5992352091a73ed1609c1384013e40ef,3,5,0.6,1.0,5.7775,4.7775,1.0,0.2222222222222222,0.7777777777777778,1.0,0.0
1a2fa3e4a8d35805783e5fb62adb610e,3,5,0.6,0.6666666666666666,1.3506666666666665,0.6839999999999998,1.0,0.2962962962962963,0.7037037037037038,1.0,0.0
5e8f778183e6397fbe51b796d4b344a0,3,2,1.5,2.0,3.043,1.0430000000000001,1.0,0.1111111111111111,0.8888888888888888,1.0,0.0
20c16d671cbfb08b7362ae41850d80a7,3,5,0.6,2.0,5.057,3.0570000000000004,1.0,0.4444444444444444,0.5555555555555556,1.0,0.0
8daddfc90e658f76bd4e5347c912ff6e,3,4,0.75,1.0,0.9095,-0.09050000000000002,1.0,0.2222222222222222,0.7777777777777778,1.0,0.0
4e93ef90da38cddf3dd1f5951919d5e7,3,4,0.75,1.0,1.0135,0.013500000000000068,1.0,0.2222222222222222,0.7777777777777778,1.0,0.0
76292f56686f689ff54f79af2cc8eda8,2,5,0.4,1.0,1.5905,0.5905,1.0,0.1111111111111111,0.8888888888888888,1.0,0.0
ca5d82dcdc45c6e0134479980aa99bd7,2,4,0.5,0.5,1.786,1.286,0.5,0.4444444444444444,0.05555555555555558,1.0,0.0
57f96385de9adfdee3d2868135a3b542,2,5,0.4,0.0,4.039,4.039,1.0,0.2222222222222222,0.7777777777777778,1.0,0.0
12f27871246e06146bb8d78afb44162e,2,7,0.2857142857142857,0.0,2.7787499999999996,2.7787499999999996,1.0,0.2777777777777778,0.7222222222222223,1.0,0.0
e35a9e29478d77f9a5ba48e89d0c851a,2,3,0.6666666666666666,1.0,4.3975,3.3975,1.0,0.2222222222222222,0.7777777777777778,1.0,0.0
5a53612936c46f1746ed9b2caec28307,2,10,0.2,0.0,1.35825,1.35825,0.5,0.2777777777777778,0.22222222222222227,1.0,0.0
6f77133003bd360aec42b6f0d34ae75b,2,4,0.5,2.0,1.10275,-0.8972500000000001,1.0,0.2777777777777778,0.7222222222222223,1.0,0.0
3e6d325b0b8e6dfed8c8d3426d700aa0,2,2,1.0,0.0,1.7405,1.7405,1.0,0.4444444444444444,0.5555555555555556,1.0,0.0
e7cef78320f7f1427e67bd4fe91990bf,2,4,0.5,0.0,1.999,1.999,1.0,0.3333333333333333,0.6666666666666667,1.0,0.0
711d0c02b8e764941f0b4e87d382f5d2,2,10,0.2,0.0,11.178,11.178,0.5,0.16666666666666666,0.33333333333333337,1.0,0.0
e4892f6b64f5142725b213bd7d751331,2,4,0.5,1.0,1.0315,0.031500000000000083,1.0,0.2222222222222222,0.7777777777777778,1.0,0.0
577285b8882576d182f6925870b2d3a9,2,1,2.0,,,,,,,,
3750bf86a762bba929b583e49a0265e4,2,5,0.4,1.5,3.4105,1.9104999999999999,0.0,0.1111111111111111,-0.1111111111111111,1.0,0.0
c72883ee7de3d68bdd68c64a52b99ec7,2,1,2.0,0.0,3.643,3.643,1.0,0.2222222222222222,0.7777777777777778,1.0,0.0
b1a05b5aea1ebd7edd961d77ae8edd68,2,5,0.4,0.0,10.6465,10.6465,1.0,0.5555555555555556,0.4444444444444444,1.0,0.0
e4918abab17b191bb8a2fdf27ccccbf8,2,5,0.4,1.0,3.15225,2.15225,1.0,0.2222222222222222,0.7777777777777778,1.0,0.0
559a93ee16491182c746993714b7785c,2,3,0.6666666666666666,,,,,,,,
e4aad3d62e31d9a813bdab777f2ce7db,2,7,0.2857142857142857,2.0,1.3504999999999998,-0.6495000000000001,1.0,0.5,0.5,1.0,0.0
d0ee85c0b43db444e48d54349c6398fe,2,3,0.6666666666666666,1.0,1.667,0.667,1.0,0.1111111111111111,0.8888888888888888,1.0,0.0
586c7221695ddfe9983486294ca80a9d,2,5,0.4,0.0,4.8565,4.8565,1.0,0.5555555555555556,0.4444444444444444,1.0,0.0
779e6ee0c568da822cafe17ab1a282a1,2,5,0.4,1.5,1.6055,0.10549999999999993,0.0,0.4444444444444444,-0.4444444444444444,1.0,0.0
4082ad6cf383feffa260b951ab2596a6,2,5,0.4,,,,,,,,
ce821ea8d58864dc3a963e482f011ab1,2,5,0.4,0.0,2.0505,2.0505,1.0,0.7222222222222222,0.2777777777777778,1.0,0.0
cf1e8375d3db58db14aaeb747b18886a,2,5,0.4,0.5,1.95,1.45,1.0,0.16666666666666666,0.8333333333333333,1.0,0.0
e7406f84ddb178123490ae6e84c827af,2,4,0.5,,,,,,,,
e2e513d9cc96d6429995ecd72d63061c,2,3,0.6666666666666666,1.0,6.195,5.195,1.0,0.5555555555555556,0.4444444444444444,1.0,0.0
4d33ef63425aa13dae7bcd996c471874,2,1,2.0,0.0,0.921,0.921,1.0,0.4444444444444444,0.5555555555555556,1.0,0.0
53ac9b06dbf7064dd54ada736f75e8c8,2,5,0.4,1.0,1.041,0.040999999999999925,1.0,0.1111111111111111,0.8888888888888888,1.0,0.0
361b14ac971f7edaabd1bcddc19878a4,2,5,0.4,0.0,1.2235,1.2235,1.0,0.2222222222222222,0.7777777777777778,1.0,0.0
62a8e2cd997625ce65a1b66be0412469,2,6,0.3333333333333333,0.5,2.2505,1.7505000000000002,1.0,0.33333333333333337,0.6666666666666666,1.0,0.0
0551addd41d9876eb18bc6cb5c1e698b,2,3,0.6666666666666666,1.0,0.6775,-0.3225,1.0,0.2222222222222222,0.7777777777777778,1.0,0.0
d68bb49cc4295990cdae4e394b2ca8ff,2,5,0.4,2.0,9.1665,7.166499999999999,1.0,0.1111111111111111,0.8888888888888888,1.0,0.0
c2e51a8b64ca5c5c1efdac73db7bdfbc,2,10,0.2,,,,,,,,
da44317c4ba5fc84e2c87b543388554c,2,5,0.4,,,,,,,,
c3e7df97dcf4835ff92bff871e7e4a34,2,9,0.2222222222222222,1.0,2.5405,1.5405000000000002,1.0,0.2222222222222222,0.7777777777777778,1.0,0.0
d5db4210c1605dabeff34375d5110251,2,3,0.6666666666666666,0.0,1.5705,1.5705,1.0,0.4444444444444444,0.5555555555555556,1.0,0.0
4c0adbffd3b98cc32507fca7be6d0d22,2,5,0.4,1.5,7.664249999999999,6.164249999999999,1.0,0.2222222222222222,0.7777777777777778,1.0,0.0
bdd65906773689981c36e7e04de414d0,2,3,0.6666666666666666,0.5,19.657,19.157,1.0,0.5555555555555556,0.4444444444444444,1.0,0.0
bd813833015d8322f53e9fa3321c6526,2,4,0.5,1.0,4.306,3.306,0.5,0.1111111111111111,0.3888888888888889,1.0,0.0
04a63b44aa5dc7b9fa3cb54018622769,2,5,0.4,0.0,3.423,3.423,0.0,0.2222222222222222,-0.2222222222222222,1.0,0.0
5fd2d77447da55099ae2b1f7516381e4,2,5,0.4,0.5,3.295,2.795,0.5,0.5,5.551115123125783e-17,1.0,0.0
499fe86be021ad18e2fd5bbe9ddcb03b,2,10,0.2,,,,,,,,
64d8f9a8fc1d270821b3803911f91ff0,2,3,0.6666666666666666,,,,,,,,
48994222818d3cd44733034d7fa60c67,2,10,0.2,,,,,,,,
03bfaef98653a09ed8aa8e08de334120,2,4,0.5,0.5,1.6055,1.1055,1.0,0.4444444444444444,0.5555555555555556,1.0,0.0
6652110f2b4b2e7355ada3fbc645c36d,2,3,0.6666666666666666,0.0,6.387,6.387,0.0,0.5555555555555556,-0.5555555555555556,1.0,0.0
67a9f17123da3969dea05bd0419231b6,2,3,0.6666666666666666,1.0,5.386,4.386,1.0,0.5555555555555556,0.4444444444444444,1.0,0.0
bb87a0cea669f7275bf6f67d7729bf9d,2,3,0.6666666666666666,1.0,2.591,1.5910000000000002,0.5,0.2222222222222222,0.2777777777777778,1.0,0.0
47b3e2bed3b74a15fc88d7a4835aca34,2,4,0.5,,,,,,,,
de28b66cf081b240ed814d6006d3c130,2,4,0.5,,,,,,,,
6a7d55aeb61ccfa0723ed2f3523c2ab4,2,1,2.0,0.0,0.6795,0.6795,1.0,0.4444444444444444,0.5555555555555556,1.0,0.0
5e59feb263d08094a4351feb58b3308b,2,4,0.5,1.0,6.20225,5.20225,0.5,0.2222222222222222,0.2777777777777778,1.0,0.0
d25891353b86d0f06d559f652e2bdaf5,2,4,0.5,0.5,0.3625,-0.1375,1.0,0.5555555555555556,0.4444444444444444,1.0,0.0
b876f90bbee6149f2c0e60680871ae55,2,4,0.5,1.0,3.7925,2.7925,1.0,0.2222222222222222,0.7777777777777778,1.0,0.0
6d32307cbb1c37f7f7061e60d55561cf,2,3,0.6666666666666666,0.0,0.3255,0.3255,0.0,0.1111111111111111,-0.1111111111111111,1.0,0.0
522e02cfc6b655df2e74e123b45b1d63,2,5,0.4,1.0,3.1465,2.1465,1.0,0.1111111111111111,0.8888888888888888,1.0,0.0
e0869dd63f8f2aa5ee0f3ba740e28e25,2,5,0.4,0.0,1.5735,1.5735,1.0,0.5555555555555556,0.4444444444444444,1.0,0.0
45107ae113142d97e8a1d4bc7f469a83,2,5,0.4,1.0,3.7,2.7,0.5,0.05555555555555555,0.4444444444444444,1.0,0.0
4d6d091bda9a77f7dd126a5d45bf75de,2,3,0.6666666666666666,2.5,2.9245,0.4245000000000001,0.0,0.3333333333333333,-0.3333333333333333,1.0,0.0
e11a1d3b67da2497ef3613c8e4c3f8f3,2,5,0.4,0.0,3.4805,3.4805,0.0,0.1111111111111111,-0.1111111111111111,1.0,0.0
b113707832b4427b82e2d5be29714f93,2,5,0.4,1.0,2.1635,1.1635,1.0,0.3333333333333333,0.6666666666666667,1.0,0.0
f237cf8e00a3a5dbd70bf4b77dbda751,2,5,0.4,0.5,2.2197500000000003,1.7197500000000001,1.0,0.5555555555555556,0.4444444444444445,1.0,0.0
1c080be9b13716a5ded704cc9291fb06,2,5,0.4,0.0,0.0985,0.0985,1.0,0.3333333333333333,0.6666666666666667,1.0,0.0
a6424e5763277004b734ae5cfdeba15f,2,5,0.4,1.0,2.2215,1.2214999999999998,1.0,0.3333333333333333,0.6666666666666667,1.0,0.0
9bf65852a83655108a4414dfffac6e32,2,5,0.4,0.0,3.6135,3.6135,1.0,0.3333333333333333,0.6666666666666667,1.0,0.0
f4fd2cd945694257d37ccb56521675e2,2,10,0.2,0.5,4.49775,3.99775,1.0,0.33333333333333337,0.6666666666666666,1.0,0.0
2bfaf720db54c5ddfe76d9a56ffb65b5,2,3,0.6666666666666666,1.0,2.621,1.621,1.0,0.1111111111111111,0.8888888888888888,1.0,0.0
821f27ade1920224808280a9e9a5b503,2,5,0.4,1.0,4.3335,3.3335,1.0,0.1111111111111111,0.8888888888888888,1.0,0.0
a7c1cb7943aef8aad6a9cdf80173a16d,2,4,0.5,0.5,2.3427499999999997,1.8427499999999999,1.0,0.5,0.5,1.0,0.0
900e6e6002d28f88867e3c7dc6d6c724,2,3,0.6666666666666666,0.0,4.332,4.332,1.0,0.3333333333333333,0.6666666666666667,1.0,0.0
1e826418edb6f7bfa3dba4367e5b095c,2,3,0.6666666666666666,0.5,1.497,0.9970000000000001,1.0,0.2222222222222222,0.7777777777777778,1.0,0.0
9165e3cce394795ff2fba346a28d63f0,2,5,0.4,0.0,16.2615,16.2615,1.0,0.5555555555555556,0.4444444444444444,1.0,0.0
2d8afa44409bc04fe4c9403f5664c151,2,5,0.4,0.5,1.2495,0.7495,1.0,0.2777777777777778,0.7222222222222223,1.0,0.0
a956bff874d6e55df6817b02baf6ae1f,2,5,0.4,,,,,,,,
91dad6decd37e9cecb53c72b2707fb26,2,1,2.0,1.0,2.759,1.759,1.0,0.3333333333333333,0.6666666666666667,1.0,0.0
92653c793e8f14b5deae23d8b8aec922,2,5,0.4,1.0,1.4055,0.40549999999999997,1.0,0.1111111111111111,0.8888888888888888,1.0,0.0
2e819873fe470fdad3db2cba01ff0890,2,5,0.4,0.5,7.211749999999999,6.711749999999999,0.5,0.4444444444444444,0.05555555555555555,1.0,0.0
86b3c54a2491a6cb73f867ea9fb144a1,2,5,0.4,,,,,,,,
9cad9022d90c9846a6abf2f5b5fb52aa,2,4,0.5,0.0,2.0785,2.0785,1.0,0.2222222222222222,0.7777777777777778,1.0,0.0
f046ca2be533698a2cf42810b5c60865,2,4,0.5,0.5,3.1414999999999997,2.6414999999999997,1.0,0.4444444444444444,0.5555555555555556,1.0,0.0
fa932eed74da126541d7c2de64af254b,2,3,0.6666666666666666,1.0,2.164,1.1640000000000001,0.0,0.3333333333333333,-0.3333333333333333,1.0,0.0
a04c36c444bcaadd7704fd306699abc3,2,5,0.4,,,,,,,,
a18f3ff130e053f374ad414ce141ec37,2,3,0.6666666666666666,2.0,3.6525,1.6525,0.5,0.2777777777777778,0.22222222222222224,1.0,0.0
f779449edb30059d092d024ddf6819f3,2,10,0.2,,,,,,,,
1f704e337187235fa4f4eef56634a0a1,2,5,0.4,0.5,1.327,0.827,0.5,0.1111111111111111,0.3888888888888889,1.0,0.0
89a92ffbd376420cf0facae4d963fe7b,2,5,0.4,1.0,1.7125,0.7124999999999999,1.0,0.3333333333333333,0.6666666666666667,1.0,0.0
f750fd81cb7ef2e061d0d7a92ab29f86,2,5,0.4,2.0,3.148,1.1480000000000001,0.5,0.4444444444444444,0.05555555555555558,1.0,0.0
a3d80780a7921b5ef3143ba10c348c77,2,3,0.6666666666666666,1.0,0.739,-0.261,1.0,0.3333333333333333,0.6666666666666667,1.0,0.0
290d766a49db4b821f67e8d4d79b10f7,2,4,0.5,0.0,1.536,1.536,0.0,0.4444444444444444,-0.4444444444444444,1.0,0.0
f659e49b6e0a3f73ca70a8dcda4a94cc,2,9,0.2222222222222222,2.0,5.34175,3.34175,0.5,0.38888888888888884,0.1111111111111111,1.0,0.0
f635054e59b7a899eac4864c468d0807,2,5,0.4,0.0,1.8820000000000001,1.8820000000000001,0.5,0.33333333333333337,0.16666666666666666,1.0,0.0
26a52f29a37e45c5b1fe02560b66c3ad,2,3,0.6666666666666666,0.0,0.4655,0.4655,1.0,0.3333333333333333,0.6666666666666667,1.0,0.0
27d786d805ac2223f38e85853b5165d6,2,3,0.6666666666666666,0.0,1.535,1.535,0.0,0.1111111111111111,-0.1111111111111111,1.0,0.0
8d9a33ce60a4622b7a74d7274eb649a4,2,4,0.5,0.0,0.0,0.0,1.0,0.3333333333333333,0.6666666666666667,1.0,0.0
1f2746883973fa934db863c194638abd,2,3,0.6666666666666666,1.0,2.0085,1.0085000000000002,1.0,0.6666666666666666,0.33333333333333337,1.0,0.0
808d828037e92415806c19d6a0261778,2,5,0.4,0.0,0.8607499999999999,0.8607499999999999,1.0,0.38888888888888884,0.6111111111111112,1.0,0.0
1737d5662fed2a6e880b0ae9c085e966,2,2,1.0,0.5,4.5875,4.0875,0.5,0.1111111111111111,0.3888888888888889,1.0,0.0
935c18b553b15bac8dbeb95a7aad4232,2,5,0.4,,,,,,,,
310549a148748e2038280d74494b065b,2,3,0.6666666666666666,6.0,7.394,1.3940000000000001,0.0,0.2222222222222222,-0.2222222222222222,1.0,0.0
ea7d699fd510a6e3167567989f8b28af,2,5,0.4,,,,,,,,
974d658fa30586821e0a56509a9c2eb8,2,4,0.5,0.0,11.3075,11.3075,1.0,0.3333333333333333,0.6666666666666667,1.0,0.0
aedcbd53ab247055bd4056f427b20f8e,2,5,0.4,1.0,2.443,1.443,1.0,0.1111111111111111,0.8888888888888888,1.0,0.0
330bdb79dd6e84939efcaa3e28739e84,2,4,0.5,1.0,1.667,0.667,1.0,0.1111111111111111,0.8888888888888888,1.0,0.0
3309d6c919af949ae4527ea208e55254,2,5,0.4,0.0,10.442,10.442,1.0,0.3333333333333333,0.6666666666666667,1.0,0.0
fedb2e4ca148e45a16c0481b4a43f04f,2,5,0.4,1.0,6.390750000000001,5.390750000000001,1.0,0.1111111111111111,0.8888888888888888,1.0,0.0
9871fd1fc5522b70f41c0875f4d4df59,2,4,0.5,1.0,0.2045,-0.7955,1.0,0.1111111111111111,0.8888888888888888,1.0,0.0
7c221171f713c3f21876eb647b89afb8,2,4,0.5,1.5,2.13225,0.6322500000000001,0.5,0.2222222222222222,0.2777777777777778,1.0,0.0
93bdf721d50723aa070d5ea5f909488b,2,5,0.4,1.0,2.5715,1.5715,0.5,0.16666666666666666,0.33333333333333337,1.0,0.0
1ac69b338cac41b1ebe19d8d48752023,2,5,0.4,3.5,3.002,-0.4980000000000002,1.0,0.1111111111111111,0.8888888888888888,1.0,0.0
ee25e317e1f5016f864d7a334960ae03,2,5,0.4,0.0,1.2425,1.2425,1.0,0.3333333333333333,0.6666666666666667,1.0,0.0
13e2dd31480ad7d1a2fbd2423c9bf9bf,2,4,0.5,0.0,5.113,5.113,1.0,0.2222222222222222,0.7777777777777778,1.0,0.0
7e7c10abefd85cb45e7cce81dd133ee1,2,4,0.5,1.0,7.1055,6.1055,0.0,0.1111111111111111,-0.1111111111111111,1.0,0.0
2ff05bff38f2b716ce7a977cfa74c3f6,2,5,0.4,1.0,1.6095,0.6094999999999999,1.0,0.1111111111111111,0.8888888888888888,1.0,0.0
7ec2c1419ecf953fdc422625481b03ac,2,4,0.5,0.5,1.1955,0.6955,0.5,0.1111111111111111,0.3888888888888889,1.0,0.0
aae4b4ed43a4a422aa7cdb1b031d7569,2,5,0.4,1.5,0.72725,-0.7727499999999999,0.5,0.2777777777777778,0.22222222222222227,1.0,0.0
09662d8592626fbd195e5476d4fdfec4,2,5,0.4,0.0,0.0585,0.0585,1.0,0.4444444444444444,0.5555555555555556,1.0,0.0
1827b64de5d9e74fa3a04861d9096c5b,2,5,0.4,0.0,6.0645,6.0645,0.0,0.2222222222222222,-0.2222222222222222,1.0,0.0
99820d664927a31792470aa731ee2fa5,2,9,0.2222222222222222,3.0,9.1665,6.166499999999999,1.0,0.1111111111111111,0.8888888888888888,1.0,0.0
9978d541fbaeb7256c00c2f1b05eb59a,2,5,0.4,0.0,1.579,1.579,0.0,0.1111111111111111,-0.1111111111111111,1.0,0.0
4d51a0637f7cbee1dc9d189d2d37fa9b,1,5,0.2,3.0,1.6095,-1.3905,1.0,0.1111111111111111,0.8888888888888888,1.0,0.0
18558d1feb4746d45b79bc064b3bc09b,1,2,0.5,1.0,0.6385,-0.36150000000000004,1.0,0.2222222222222222,0.7777777777777778,1.0,0.0
11be35a6491b8e9bb0158a3da7e249bf,1,5,0.2,0.0,3.2125,3.2125,1.0,0.5555555555555556,0.4444444444444444,1.0,0.0
2168fb263f1ed4634656e88c9c274905,1,3,0.3333333333333333,0.0,0.2015,0.2015,1.0,0.6666666666666666,0.33333333333333337,1.0,0.0
d6ad1009ae7a3d187db61ac2499a9ee4,1,5,0.2,0.0,0.063,0.063,1.0,0.3333333333333333,0.6666666666666667,1.0,0.0
d879f30bab9c1ed790f380fef2ef19ca,1,1,1.0,1.0,0.2045,-0.7955,1.0,0.1111111111111111,0.8888888888888888,1.0,0.0
012f1674f4649982e9cc0c207c8ececf,1,5,0.2,1.0,3.0765,2.0765,1.0,0.2222222222222222,0.7777777777777778,1.0,0.0
4e2bc9008fdb3cb29c32b7095c25e1d8,1,3,0.3333333333333333,2.0,4.9275,2.9275,1.0,0.1111111111111111,0.8888888888888888,1.0,0.0
1f93a624495f6690d823ac4742ee5299,1,3,0.3333333333333333,1.0,6.9035,5.9035,1.0,0.2222222222222222,0.7777777777777778,1.0,0.0
f9927e661916935c68f2884dd5accefe,1,3,0.3333333333333333,1.0,2.591,1.5910000000000002,1.0,0.2222222222222222,0.7777777777777778,1.0,0.0
d5de5e44ed5b66491038a3bbe84d71fd,1,4,0.25,1.0,3.641,2.641,1.0,0.1111111111111111,0.8888888888888888,1.0,0.0
ff5bd65771ed44a5e913545e38c5defc,1,5,0.2,1.0,5.7775,4.7775,1.0,0.2222222222222222,0.7777777777777778,1.0,0.0
4ffe51f9700541018b71cbbbb0e80a97,1,5,0.2,2.0,4.1825,2.1825,1.0,0.2222222222222222,0.7777777777777778,1.0,0.0
cc47e8a96435b859a8a3d3084ac75b39,1,2,0.5,0.0,1.263,1.263,1.0,0.2222222222222222,0.7777777777777778,1.0,0.0
fc83301236387ffeef2e3fad89bb10de,1,2,0.5,0.0,2.3795,2.3795,1.0,0.5555555555555556,0.4444444444444444,1.0,0.0
feabce0526bf2d1a7f962980812fe472,1,5,0.2,1.0,4.1635,3.1635,1.0,0.5555555555555556,0.4444444444444444,1.0,0.0
cffcb46b42ef51ff16b487391d2ae2ba,1,5,0.2,1.0,0.809,-0.19099999999999995,1.0,0.3333333333333333,0.6666666666666667,1.0,0.0
fcaec52804bd12d961cad270ff98c0f3,1,8,0.125,,,,,,,,
10a301cb307b863eb88559a229b1ad30,1,4,0.25,1.0,0.921,-0.07899999999999996,1.0,0.4444444444444444,0.5555555555555556,1.0,0.0
50fc600408475ca38b1724cb68e1be9e,1,2,0.5,0.0,10.442,10.442,1.0,0.3333333333333333,0.6666666666666667,1.0,0.0
d427e8b853550961c44eecd0fee85f70,1,5,0.2,,,,,,,,
4f0df0d61f1c8751cf66ef4fc8c5d98c,1,2,0.5,0.0,4.82,4.82,0.0,0.2222222222222222,-0.2222222222222222,1.0,0.0
53c90e146ab9fe7554834b5030b269cc,1,4,0.25,1.0,1.899,0.899,0.0,0.1111111111111111,-0.1111111111111111,1.0,0.0
fb4217aad87b61bb555c382e4ab7af81,1,3,0.3333333333333333,1.0,1.246,0.246,1.0,0.5555555555555556,0.4444444444444444,1.0,0.0
56368a0d10f32c905825fb30ef6341a0,1,3,0.3333333333333333,2.0,2.621,0.621,0.0,0.1111111111111111,-0.1111111111111111,1.0,0.0
55acab6561e513481ecd71a9e0b9fd3a,1,10,0.1,,,,0.0,0.0,0.0,1.0,0.0
d53bf52561e5d0c5e04beec6768e5bad,1,2,0.5,1.0,1.863,0.863,1.0,0.4444444444444444,0.5555555555555556,1.0,0.0
f984748a41d3738c92032ce339074ab5,1,3,0.3333333333333333,2.0,5.5075,3.5075000000000003,1.0,0.1111111111111111,0.8888888888888888,1.0,0.0
56a928cf5d6f97915bb3e91ffdda17d7,1,5,0.2,,,,,,,,
573cc73465f8c69fbe8d857adcea12eb,1,2,0.5,1.0,1.55,0.55,0.0,0.5555555555555556,-0.5555555555555556,1.0,0.0
349d16f4d495ff341055805d01794d49,1,3,0.3333333333333333,0.0,3.148,3.148,0.0,0.4444444444444444,-0.4444444444444444,1.0,0.0
dd9faeecf8484584e9cebc4c7a39d0a2,1,5,0.2,0.0,1.641,1.641,1.0,0.8888888888888888,0.11111111111111116,1.0,0.0
24fad1450785f194be0dba1ea99b0d58,1,3,0.3333333333333333,2.0,1.755,-0.2450000000000001,1.0,0.1111111111111111,0.8888888888888888,1.0,0.0
4c9a489ad5c8f4289129c2fa5fe7feb2,1,4,0.25,5.0,1.7505,-3.2495000000000003,0.0,0.1111111111111111,-0.1111111111111111,1.0,0.0
2e3f013fcdc798f459ca696868ad9eb1,1,4,0.25,0.0,2.268,2.268,1.0,0.2222222222222222,0.7777777777777778,1.0,0.0
f170fec72411669d98c2117519eff9d6,1,10,0.1,,,,,,,,
12f4faec8a555fad73d7e8196bf1f85b,1,4,0.25,0.0,0.0,0.0,1.0,0.3333333333333333,0.6666666666666667,1.0,0.0
3e30380dff8c114cb6883ed54c23cc6b,1,3,0.3333333333333333,0.0,8.9695,8.9695,1.0,0.2222222222222222,0.7777777777777778,1.0,0.0
2f31ffc25dd0840a96fc600d5d985a1a,1,9,0.1111111111111111,1.0,2.5195,1.5194999999999999,1.0,0.1111111111111111,0.8888888888888888,1.0,0.0
13f30a3329d125fb7ffa752d09d707ec,1,2,0.5,1.0,4.449,3.449,1.0,0.2222222222222222,0.7777777777777778,1.0,0.0
133920c4c4f59b0ccb1e2b2b9037fb4d,1,7,0.14285714285714285,1.0,7.1055,6.1055,0.0,0.1111111111111111,-0.1111111111111111,1.0,0.0
3bb342df31c0564962b0779781b1b302,1,5,0.2,5.0,5.6365,0.6364999999999998,0.0,0.7777777777777778,-0.7777777777777778,1.0,0.0
3ad0a325f5430748c1bfbf2b551b9aa2,1,3,0.3333333333333333,3.0,2.369,-0.6309999999999998,0.0,0.2222222222222222,-0.2222222222222222,1.0,0.0
e58ad5de171d11eb89acebf5ecd5872f,1,2,0.5,1.0,5.685,4.685,1.0,0.4444444444444444,0.5555555555555556,1.0,0.0
387c2b0d5f6b17e798f6f757fd69dc4d,1,4,0.25,,,,,,,,
021ad507747f3ad21be4d68af04963d8,1,4,0.25,,,,,,,,
3817e82a9ea81f76b90a5e4013db2d67,1,5,0.2,,,,,,,,
380bd021569d18cafd3f17596d9075a4,1,5,0.2,0.0,5.7775,5.7775,0.0,0.2222222222222222,-0.2222222222222222,1.0,0.0
31fe7c2303adca3e32d8f6bbb86de530,1,1,1.0,1.0,6.5175,5.5175,1.0,0.1111111111111111,0.8888888888888888,1.0,0.0
01b14747ad84d6e0dfa8995f26d9c3c8,1,4,0.25,,,,,,,,
1082d13c2da0b3b9e167722f27c22c53,1,3,0.3333333333333333,2.0,3.7725,1.7725,1.0,0.2222222222222222,0.7777777777777778,1.0,0.0
379d8ae6174d01ae3bfe5749ff55dfa1,1,3,0.3333333333333333,0.0,4.82,4.82,1.0,0.2222222222222222,0.7777777777777778,1.0,0.0
3274fecc143feb402592a8afa6bbc2f5,1,3,0.3333333333333333,0.0,8.111,8.111,1.0,0.5555555555555556,0.4444444444444444,1.0,0.0
01bcb5b2ec9a2b59f947986cfa573369,1,5,0.2,,,,,,,,
e7991fb1319e21785e67a474d48dae84,1,4,0.25,1.0,0.8745,-0.12549999999999994,1.0,0.3333333333333333,0.6666666666666667,1.0,0.0
e87f2241f4fd5e86cd5cd6dd85296519,1,4,0.25,1.0,1.782,0.782,1.0,0.2222222222222222,0.7777777777777778,1.0,0.0
33105e3c97a30a7c3f3cf637d0c96d82,1,5,0.2,1.0,2.8535,1.8535,1.0,0.1111111111111111,0.8888888888888888,1.0,0.0
2db2cfcd5f69d9d81a456bc5dfbe445c,1,1,1.0,2.0,1.782,-0.21799999999999997,1.0,0.2222222222222222,0.7777777777777778,1.0,0.0
41c0cc594aeffc50a287e810ffcb237d,1,5,0.2,1.0,5.1475,4.1475,1.0,0.4444444444444444,0.5555555555555556,1.0,0.0
434a6d6af5c8a7521b8296ee553206be,1,2,0.5,0.0,6.177,6.177,1.0,0.7777777777777778,0.2222222222222222,1.0,0.0
34ddf2efe9d7e43853d6c177b966a9c1,1,5,0.2,1.0,2.4895,1.4895,0.0,0.5555555555555556,-0.5555555555555556,1.0,0.0
da0da70f01db728bb465ab904a135d9e,1,5,0.2,1.0,1.6,0.6000000000000001,1.0,0.1111111111111111,0.8888888888888888,1.0,0.0
250546e277f16ce2707da7ed5a9f2218,1,4,0.25,0.0,1.4695,1.4695,0.0,0.2222222222222222,-0.2222222222222222,1.0,0.0
2509dc47b16a9e816dac2f90a989249d,1,3,0.3333333333333333,2.0,2.3025,0.3025000000000002,0.0,0.1111111111111111,-0.1111111111111111,1.0,0.0
db972a4819054a3681a16c93eed4278c,1,2,0.5,1.0,7.1155,6.1155,1.0,0.6666666666666666,0.33333333333333337,1.0,0.0
f7cbbfd88558b04419383fcfbd01e94c,1,4,0.25,1.0,0.2045,-0.7955,1.0,0.1111111111111111,0.8888888888888888,1.0,0.0
4b9028971c4157c66c5cbc1ed323cdd4,1,5,0.2,1.0,2.5375,1.5375,1.0,0.1111111111111111,0.8888888888888888,1.0,0.0
dcd0d24e026a875cc381c214fbd819f1,1,2,0.5,0.0,1.1515,1.1515,1.0,0.4444444444444444,0.5555555555555556,1.0,0.0
25bb4292d5ee41e6ebd0379d679b7db3,1,5,0.2,1.0,5.4945,4.4945,1.0,0.1111111111111111,0.8888888888888888,1.0,0.0
dcf2e65ad9756309c042440cccad5b8e,1,3,0.3333333333333333,3.0,2.588,-0.4119999999999999,1.0,0.2222222222222222,0.7777777777777778,1.0,0.0
dd0924ce10d6d0ea702335d1ddce2e4b,1,7,0.14285714285714285,0.0,0.809,0.809,1.0,0.3333333333333333,0.6666666666666667,1.0,0.0
28b322fafe03ecb8f22e43e3341f32c9,1,5,0.2,,,,,,,,
14dc4a39305577979a1f8da6d1ea5d82,1,3,0.3333333333333333,1.0,3.4695,2.4695,1.0,0.5555555555555556,0.4444444444444444,1.0,0.0
f5a0ec470968780ed12c3da6cb1ce9a0,1,2,0.5,,,,,,,,
de3ea30d562be65d265a253249af8256,1,5,0.2,1.0,0.989,-0.01100000000000001,1.0,0.1111111111111111,0.8888888888888888,1.0,0.0
463c32f02669ea81c4ea2ef7799cc498,1,4,0.25,1.0,2.5175,1.5175,1.0,0.5555555555555556,0.4444444444444444,1.0,0.0
14dcf17e78311742f464cc4f9fe25070,1,2,0.5,1.0,3.6285,2.6285,1.0,0.1111111111111111,0.8888888888888888,1.0,0.0
45899c141fe1b4809c78ea8846d3be21,1,4,0.25,0.0,0.909,0.909,0.0,0.3333333333333333,-0.3333333333333333,1.0,0.0
f511c316a739a56f82ae31aea9d0036e,1,3,0.3333333333333333,,,,,,,,
dfa58805c4c262273086ff03aa7b0daf,1,5,0.2,0.0,4.7335,4.7335,1.0,0.2222222222222222,0.7777777777777778,1.0,0.0
f3402542961fb57e5873ec55ea226651,1,5,0.2,,,,,,,,
438869b4b8c8f0807b49d59c14fac9f0,1,4,0.25,0.0,1.4695,1.4695,0.0,0.2222222222222222,-0.2222222222222222,1.0,0.0
f2fca764f326126e43d487d609c4a98c,1,5,0.2,0.0,0.725,0.725,1.0,0.5555555555555556,0.4444444444444444,1.0,0.0
d0b6cd494122137b5e3a615211692d93,1,3,0.3333333333333333,,,,,,,,
181d68f2a1cbd08fd6fff66cd9b4422f,1,4,0.25,0.0,1.188,1.188,0.0,0.2222222222222222,-0.2222222222222222,1.0,0.0
09ec0869593e22f175250fb26e19258f,1,1,1.0,1.0,1.1515,0.15149999999999997,1.0,0.4444444444444444,0.5555555555555556,1.0,0.0
abba78303c7806354b26398ac9d6a11b,1,5,0.2,0.0,3.484,3.484,1.0,0.2222222222222222,0.7777777777777778,1.0,0.0
88b85cdc5a6df1864127e2490dc08bed,1,4,0.25,1.0,1.6435,0.6435,1.0,0.1111111111111111,0.8888888888888888,1.0,0.0
c03ef0dac4e8f587698c8e81c5a20f35,1,5,0.2,0.0,1.9375,1.9375,0.0,0.1111111111111111,-0.1111111111111111,1.0,0.0
6e8b87dd3f3994881c74e6b51ba3776d,1,8,0.125,0.0,0.66,0.66,1.0,0.2222222222222222,0.7777777777777778,1.0,0.0
c09eb8d54fce913a257b0733929d739c,1,5,0.2,,,,0.0,0.0,0.0,1.0,0.0
615ad696ee94f1e9940313593aca7a87,1,2,0.5,0.0,0.0,0.0,0.0,0.3333333333333333,-0.3333333333333333,1.0,0.0
a260ef88d40e08db9789fa78d0219231,1,5,0.2,1.0,3.246,2.246,1.0,0.2222222222222222,0.7777777777777778,1.0,0.0
70d316bb35f6e5004d606747a4accc32,1,3,0.3333333333333333,1.0,3.7615,2.7615,1.0,0.2222222222222222,0.7777777777777778,1.0,0.0
60fa4555ae5099df9f8f383217718cb4,1,3,0.3333333333333333,0.0,0.001,0.001,1.0,0.5555555555555556,0.4444444444444444,1.0,0.0
7128284d1b7e5361bcfcc07ad78af861,1,3,0.3333333333333333,3.0,2.3025,-0.6974999999999998,0.0,0.1111111111111111,-0.1111111111111111,1.0,0.0
0edcb9301e887ce38a36c59fe396a121,1,5,0.2,1.0,0.919,-0.08099999999999996,1.0,0.1111111111111111,0.8888888888888888,1.0,0.0
7e3feb578c44cbd17312fb7a6443ce3b,1,5,0.2,0.0,1.1975,1.1975,0.0,0.5555555555555556,-0.5555555555555556,1.0,0.0
8ae1351037f9d448271754e193b32813,1,3,0.3333333333333333,,,,,,,,
b46a65d67de470601171457d85541d01,1,2,0.5,,,,,,,,
8c1de90b8cbc2e981fcc2da03a246803,1,4,0.25,0.0,19.837,19.837,0.0,0.1111111111111111,-0.1111111111111111,1.0,0.0
7d771c47bb98bafff9cb8375252009b0,1,5,0.2,,,,,,,,
8ceced71adf14631d9601d4b748aa793,1,3,0.3333333333333333,2.0,0.9515,-1.0485,1.0,0.2222222222222222,0.7777777777777778,1.0,0.0
b3572834215d462d2d43dbe650009e2f,1,4,0.25,4.0,4.118,0.11800000000000033,0.0,0.1111111111111111,-0.1111111111111111,1.0,0.0
73842201127a7e034e028ca2c7d8b965,1,3,0.3333333333333333,0.0,3.0515,3.0515,1.0,0.5555555555555556,0.4444444444444444,1.0,0.0
0e68456969d03b8d632358a60daa5825,1,2,0.5,0.0,11.74,11.74,1.0,0.4444444444444444,0.5555555555555556,1.0,0.0
802c407d4568ef19026e16478fae4bdb,1,5,0.2,6.0,2.143,-3.857,0.0,0.1111111111111111,-0.1111111111111111,1.0,0.0
be1f5ff786ba6aa2cff492dc2f26e993,1,5,0.2,1.0,2.519,1.5190000000000001,0.0,0.2222222222222222,-0.2222222222222222,1.0,0.0
a4d6115ab99ef8d43ef67fcf30e8c944,1,3,0.3333333333333333,1.0,0.66,-0.33999999999999997,0.0,0.2222222222222222,-0.2222222222222222,1.0,0.0
b9d97c611043b87656a3c7a3a6ae0bd6,1,1,1.0,1.0,2.621,1.621,0.0,0.1111111111111111,-0.1111111111111111,1.0,0.0
0700a2b6bcfd0209f0d9e83f528c259f,1,3,0.3333333333333333,1.0,3.4345,2.4345,0.0,0.1111111111111111,-0.1111111111111111,1.0,0.0
a86c1bc6b2145086647aec445b41178d,1,3,0.3333333333333333,0.0,0.6385,0.6385,0.0,0.2222222222222222,-0.2222222222222222,1.0,0.0
81e120734ebbfa5d2931d013d530ce5d,1,4,0.25,1.0,1.3815,0.38149999999999995,1.0,0.1111111111111111,0.8888888888888888,1.0,0.0
a773b4f0211df900b45ac25656dc7865,1,5,0.2,0.0,0.0,0.0,0.0,0.3333333333333333,-0.3333333333333333,1.0,0.0
81d8561aff1c4cfefa3a2c8cc34fefd0,1,5,0.2,2.0,0.958,-1.042,1.0,0.3333333333333333,0.6666666666666667,1.0,0.0
a938ac4a5d85ac41cf620a1ce6041488,1,4,0.25,,,,,,,,
66353f2128854f264819ef91e415aaf0,1,2,0.5,,,,,,,,
813ea00524540ecdf3e4dbfae3d15ff9,1,3,0.3333333333333333,0.0,3.161,3.161,1.0,0.3333333333333333,0.6666666666666667,1.0,0.0
6df80b010e6436a7e7c2e8cdef870cc1,1,2,0.5,0.0,0.8455,0.8455,1.0,0.2222222222222222,0.7777777777777778,1.0,0.0
86a9cc9d4640c88ca884b3e6f0df6762,1,5,0.2,1.0,0.49,-0.51,0.0,0.2222222222222222,-0.2222222222222222,1.0,0.0
872aef59f1f16e0fa42ca7847dfd5b91,1,4,0.25,0.0,4.7125,4.7125,1.0,1.0,0.0,1.0,0.0
09e70c7c303109bb3ff791b719691196,1,4,0.25,1.0,1.6055,0.6054999999999999,1.0,0.4444444444444444,0.5555555555555556,1.0,0.0
05a508b8596ad4202a9ace8a4cc5bd82,1,5,0.2,,,,,,,,
b78112adc09ba7e926c4bdd24ebfbae9,1,4,0.25,0.0,1.684,1.684,1.0,0.2222222222222222,0.7777777777777778,1.0,0.0
6e2189e92f7f0ae9a66d68a5f88f843e,1,2,0.5,1.0,1.4965,0.49649999999999994,1.0,0.4444444444444444,0.5555555555555556,1.0,0.0
6449a5a210666d1a098474643a30c4dc,1,5,0.2,2.0,0.989,-1.0110000000000001,0.0,0.1111111111111111,-0.1111111111111111,1.0,0.0
c45dd49a0edcc95241fbfd05d35c9dac,1,4,0.25,0.0,7.973,7.973,1.0,0.7777777777777778,0.2222222222222222,1.0,0.0
6af8286092e403092e45598fa112ad71,1,5,0.2,1.0,4.361,3.3609999999999998,1.0,0.2222222222222222,0.7777777777777778,1.0,0.0
5b19fc9f288ef4a1bd22a2cb9db89b97,1,3,0.3333333333333333,,,,,,,,
8dff62dfaa224b7f24da273862f6fdcc,1,3,0.3333333333333333,,,,,,,,
c89196baea814ed98e8ad8fe4dc4a131,1,5,0.2,0.0,1.195,1.195,1.0,0.5555555555555556,0.4444444444444444,1.0,0.0
07a533a48f36b4553b23b2bf7ba1ff5b,1,5,0.2,1.0,1.725,0.7250000000000001,1.0,0.3333333333333333,0.6666666666666667,1.0,0.0
b117bbd6a0289c4519a404f9132a5ea4,1,4,0.25,0.0,10.96,10.96,0.0,0.1111111111111111,-0.1111111111111111,1.0,0.0
923b13585ea2af90a31692fd4a239e2d,1,3,0.3333333333333333,0.0,6.177,6.177,1.0,0.7777777777777778,0.2222222222222222,1.0,0.0
7b1f4554bd5281b869e2275fc62f5736,1,7,0.14285714285714285,0.0,1.0135,1.0135,1.0,0.2222222222222222,0.7777777777777778,1.0,0.0
9a64171801cd4bd49c6f5ff0f011ba78,1,5,0.2,0.0,4.5345,4.5345,1.0,0.5555555555555556,0.4444444444444444,1.0,0.0
c9383f73f5a64deb5aa79580b891647f,1,1,1.0,0.0,9.484,9.484,1.0,0.2222222222222222,0.7777777777777778,1.0,0.0
93a134360ea60c0d8e066a30122742d8,1,4,0.25,0.0,0.968,0.968,1.0,0.2222222222222222,0.7777777777777778,1.0,0.0
8ff70fb78af32b21b5fe3f647ebc9bcc,1,2,0.5,0.0,2.767,2.767,1.0,0.2222222222222222,0.7777777777777778,1.0,0.0
98f0acfe67a39c503a559a1bf4c7e31b,1,3,0.3333333333333333,,,,,,,,
78399f01ef9a11daabacb2d79f62068b,1,3,0.3333333333333333,0.0,5.113,5.113,1.0,0.2222222222222222,0.7777777777777778,1.0,0.0
9beda61b3fb1cf6794cf500572fa0735,1,3,0.3333333333333333,1.0,6.849,5.849,1.0,0.3333333333333333,0.6666666666666667,1.0,0.0
7bcc142ba14d34fab1052bc2d3660c47,1,3,0.3333333333333333,,,,,,,,
7be211c9a4a66a217f17c73eb2279c8d,1,1,1.0,1.0,6.849,5.849,1.0,0.3333333333333333,0.6666666666666667,1.0,0.0
b1dd70c300102337b9df2b3086aa8513,1,5,0.2,0.0,4.7125,4.7125,1.0,1.0,0.0,1.0,0.0
9d10627e92170e1adcc463f6dcfcb159,1,9,0.1111111111111111,1.0,5.46,4.46,1.0,0.2222222222222222,0.7777777777777778,1.0,0.0
7bf2de15d2719f7807d751b52df3dbbf,1,9,0.1111111111111111,,,,,,,,
795214e856f61e9c7a822dee95b5cb05,1,3,0.3333333333333333,0.0,1.9485,1.9485,0.0,0.1111111111111111,-0.1111111111111111,1.0,0.0
b29d2ff6288187c652d62b159dd5c707,1,5,0.2,1.0,1.5465,0.5465,1.0,0.5555555555555556,0.4444444444444444,1.0,0.0
5e1636022eab58ae0064cd490c308a84,1,4,0.25,1.0,1.83,0.8300000000000001,1.0,0.3333333333333333,0.6666666666666667,1.0,0.0
7c5a2b7aa2e0d2f7d2b8d75764a8077f,1,7,0.14285714285714285,0.0,0.001,0.001,1.0,0.5555555555555556,0.4444444444444444,1.0,0.0
b069bab927600ce6bbbf1a934ce82f28,1,4,0.25,1.0,4.388,3.388,1.0,0.1111111111111111,0.8888888888888888,1.0,0.0
c9f723f03c5cfa4f6c670dddf5f464c8,1,1,1.0,1.0,1.667,0.667,1.0,0.1111111111111111,0.8888888888888888,1.0,0.0
5d5b4ecce558a3b3813d744ba9a075bb,1,4,0.25,0.0,2.1645,2.1645,1.0,0.2222222222222222,0.7777777777777778,1.0,0.0
c9bd7a5a4e4e91b4a6cea76feea1853d,1,2,0.5,2.0,7.4575,5.4575,1.0,0.1111111111111111,0.8888888888888888,1.0,0.0
b299b6d6e44e2a78994686d5fd1986ec,1,5,0.2,0.0,9.3875,9.3875,1.0,0.2222222222222222,0.7777777777777778,1.0,0.0
9ddfc46fae2156b20dd3d95399f45917,1,4,0.25,0.0,0.063,0.063,1.0,0.3333333333333333,0.6666666666666667,1.0,0.0
7ad9c7eb365fdf4e90c04aa163181220,1,3,0.3333333333333333,1.0,3.384,2.384,1.0,0.2222222222222222,0.7777777777777778,1.0,0.0
f0e021b4108bb883ed05d16b5becdbc6,0,1,0.0,,,,,,,,
af5d118361eaa994659eee203cd9e5ec,0,1,0.0,,,,,,,,
a89275f8acb3b80eb531ea8e75ab6940,0,1,0.0,,,,,,,,
81864705dbb475e3e228470f91499ae8,0,4,0.0,,,,,,,,
348277d6d49390bddfed9ee67024a9ca,0,5,0.0,,,,,,,,
af8e80322b3cd15d8a179c0c926ca271,0,1,0.0,,,,,,,,
7a899c5daf00e1f29281159b3ddda9e0,0,2,0.0,,,,,,,,
01cba85cdc833679422f857a20831ade,0,1,0.0,,,,,,,,
31d1971665c2abeb78533b73d74bace2,0,4,0.0,,,,,,,,
2f79765d9cf43d6b1b18abc0e8521f50,0,4,0.0,,,,,,,,
807647a1ecac142a079794e7ecba780f,0,1,0.0,,,,,,,,
8001bc67639613bacd700dab68c4b80b,0,4,0.0,,,,,,,,
edb03278d652246aa74a5c40cb565499,0,5,0.0,,,,,,,,
31a818b33a93e222cc78dbfe1a8bc7fd,0,1,0.0,,,,,,,,
ac86d7cf749c9e3506a936c458ca3f53,0,5,0.0,,,,,,,,
2d6e35476d3488e6fd93145f9ebdebd7,0,2,0.0,,,,,,,,
0e932124d962d0590af325bfced7b553,0,2,0.0,,,,,,,,
30bd0cfca0e1eb1fdd3e5daee30e8c15,0,1,0.0,,,,,,,,
add6499ca3a0f903351f958350146f0a,0,3,0.0,,,,,,,,
eba22013c1a444c31a991a2ed1191314,0,1,0.0,,,,,,,,
32d2f53cf0e841d8a438ba3d50582512,0,5,0.0,,,,,,,,
0959e09f9a4f70cf7e7b4eb76d00be9e,0,5,0.0,,,,,,,,
ef31fe508f1ed204a67a1cf0856c1954,0,2,0.0,,,,,,,,
015f3086f4b6343a96d6b3137f5b2d9b,0,2,0.0,,,,,,,,
7be1eef5e5815c6e5c4938fcf17c5d27,0,2,0.0,,,,,,,,
eb0e3460043d2e0b0dcdc2035b5cec67,0,2,0.0,,,,,,,,
ef69e31dcd2cc6da264211366d094353,0,5,0.0,,,,,,,,
31aa1a93aed505554ada42469cb369cf,0,1,0.0,,,,,,,,
efe9ce9869ede985a278d211b5fea1cf,0,5,0.0,,,,,,,,
ee11e1dac29bc47c4e9c5835aea7cd76,0,4,0.0,,,,,,,,
ca7386edb3ec2c741e4d11403d3526dc,0,1,0.0,,,,,,,,
a887942f6d2e8261d80c0256f9bd0ac2,0,5,0.0,,,,,,,,
231c248e72ae1c07f02d8e119c28675a,0,5,0.0,,,,,,,,
9facabfec5d6f5ee0581a2348b1b7797,0,1,0.0,,,,,,,,
9f5a27eb96ff7f0c8069d94f6159d218,0,3,0.0,,,,,,,,
8d4bccbd49897bb8db64007cf714e1a5,0,4,0.0,,,,,,,,
8d56dfd1928ffe671d3b72155bc069a4,0,2,0.0,,,,,,,,
9f04e30d4edf02532fc444d49e301ad6,0,5,0.0,,,,,,,,
205add2a57bd58ca605f5288ad72eabf,0,3,0.0,,,,,,,,
0d8ca0e70843f4ac419711dc95e2e35b,0,5,0.0,,,,,,,,
8d8de5bfd373768165aee20ea7f452d0,0,5,0.0,,,,,,,,
9e412766c472f62248cc8fa7854e324c,0,4,0.0,,,,,,,,
00e84fc37e9b02ccca4af4b26250331a,0,4,0.0,,,,,,,,
1e7a1218dc842f00fac3c13eb8e14522,0,3,0.0,,,,,,,,
8f924cd27f7edf45e995bafff06b046c,0,4,0.0,,,,,,,,
8fb98fc8c1d3b476a96a4bc1e7d20bba,0,5,0.0,,,,,,,,
1c45a8fbf105bdc045d3211c52dfc366,0,5,0.0,,,,,,,,
1bb216a4ebb6ebe4607a15f8327a2dc7,0,5,0.0,,,,,,,,
939f2a5e75b338cfe4a50f53b3d638f5,0,3,0.0,,,,,,,,
1b267bb9a6cc638cbbc7707a79eadcc1,0,1,0.0,,,,,,,,
1aea444c711b4079c9271a300623c57d,0,4,0.0,,,,,,,,
0cbcacbe2f68c0e91762f7af0758776d,0,3,0.0,,,,,,,,
fd2b5ed655f7d7bd6f5a6d2e3cbbfe87,0,3,0.0,,,,,,,,
fe2314216ec2492139a93e447f4fcc63,0,4,0.0,,,,,,,,
1a60b90e2a9c90b100e915adfdf7907e,0,2,0.0,,,,,,,,
feb1831867cdaae8dceae64cfc5d1d30,0,4,0.0,,,,,,,,
940324016ade90e6765a2aa730ba9b1a,0,3,0.0,,,,,,,,
1992b5f3fff2b740bec6422404ec0fd1,0,2,0.0,,,,,,,,
18a3eb62c5cd13ff308ac299b1f5f0ad,0,8,0.0,,,,,,,,
0d4a0f8ff95703ca2eb155521d9f612c,0,2,0.0,,,,,,,,
94478ace23ec2bc690c90e3c27f0a966,0,3,0.0,,,,,,,,
ffbb0029213d80cec7a1319f2ff3da4b,0,2,0.0,,,,,,,,
8d33a4bbfd09368f0064ce40c08d9c60,0,5,0.0,,,,,,,,
16cf22cd0a67717472bffd3f24c37ba3,0,5,0.0,,,,,,,,
2d05abf0038319b026deea0a5d2db193,0,5,0.0,,,,,,,,
243a2345062cd197caa1efb40e2b348d,0,4,0.0,,,,,,,,
f34624f31c59ba22aba6bb8cfdae3696,0,4,0.0,,,,,,,,
8324e0c2189d201845307de1599c5742,0,1,0.0,,,,,,,,
2c306c5859a86c37cda1e3e9fd74c851,0,5,0.0,,,,,,,,
8545ccb9b40cf0726bb481f38ba87e63,0,1,0.0,,,,,,,,
2b81cdf7318d5455abebbf27aa5ee00c,0,5,0.0,,,,,,,,
2ad5ac7af5045fd59df074499a41d933,0,1,0.0,,,,,,,,
f4ab1e6fed6e484ab6825cd85fb381a7,0,2,0.0,,,,,,,,
87563262df7b34f3c5962f9020fcc0bb,0,8,0.0,,,,,,,,
799c483f990d48a46528dba7d94e6825,0,1,0.0,,,,,,,,
28e2048269ca4e96f46a41a1ffd4cfe8,0,5,0.0,,,,,,,,
a4c176b7873a3b0f3eaaf2c4a2b9ca81,0,1,0.0,,,,,,,,
87fb3acd31e05ea0263e582bb742c149,0,3,0.0,,,,,,,,
87ff9e5c3d3c26fb6b0335b3c6310c76,0,4,0.0,,,,,,,,
880eef9ce51f8d65df0e4b71d49ec5d3,0,1,0.0,,,,,,,,
f649d6eb34f7b0ab966dcb6a36e60146,0,4,0.0,,,,,,,,
015b23e7c0b0381a225562f2dc52bef0,0,1,0.0,,,,,,,,
262b15c895e7c049f634926358bdf1f9,0,3,0.0,,,,,,,,
894902d7d60ba414861e9050fdccbada,0,1,0.0,,,,,,,,
a3cd9aab2930801124d942a3dd435e93,0,5,0.0,,,,,,,,
f734e039db9a809f42ce2083f573019d,0,5,0.0,,,,,,,,
a31308c93f327e82cbbfc4a8d3ba802b,0,5,0.0,,,,,,,,
f768ea95bee3e820283618db84af7412,0,5,0.0,,,,,,,,
a22e4c58264de099a0caf3d42b6dabd3,0,4,0.0,,,,,,,,
258375c2da59f734e73aff5504397ed5,0,5,0.0,,,,,,,,
f7aab0ad3f11018bb9e936dee279af55,0,5,0.0,,,,,,,,
f8029052dd72166ca2c01ae9a16d23c9,0,5,0.0,,,,,,,,
2543f914d417e667bd16f48977aca15c,0,4,0.0,,,,,,,,
8cae1d801a8752e0febf8abfdc9a1646,0,1,0.0,,,,,,,,
9fde1619b4726e99e36a88c4a6216cb6,0,2,0.0,,,,,,,,
e945f20ac5c265311158c572d937d126,0,3,0.0,,,,,,,,
7557a7467440120050940a007b81038f,0,3,0.0,,,,,,,,
36e70b94673e5e6ff398e8bc4f03fd6e,0,1,0.0,,,,,,,,
6096233e1319d75099fc2e233fcf26c6,0,2,0.0,,,,,,,,
d3a34f72017d512b6a5d89256cf87bc3,0,2,0.0,,,,,,,,
c5856559bbd16f21173110221a814708,0,5,0.0,,,,,,,,
d4623ca1932570dd40a9bb214c0d5fc4,0,4,0.0,,,,,,,,
c56ed75dce39b4d33a0a152df00bab7b,0,5,0.0,,,,,,,,
d496275b72ccd376081880a28a6b3937,0,2,0.0,,,,,,,,
4e8e8c24ddd302468d2dd8356dfb057f,0,4,0.0,,,,,,,,
4e55aeaef27c28f7e20887088021ee13,0,3,0.0,,,,,,,,
60046161699987d207f40e92575d8738,0,2,0.0,,,,,,,,
d564383b85180c421146556ec8616309,0,3,0.0,,,,,,,,
60608143c4228cc1118698942487a0e5,0,3,0.0,,,,,,,,
c41a3b3bf3cac4f0bbd9299a0037d9bf,0,5,0.0,,,,,,,,
4e3ca0764ffcc18f51502e8e6f5e8085,0,1,0.0,,,,,,,,
c2a5313d1057d8a1683e090124b0c93b,0,7,0.0,,,,,,,,
4dcf85a13efa0a4ab3c7c8a6a860dabf,0,2,0.0,,,,,,,,
4db5d1cde58e0b8e760d5c270c67c634,0,5,0.0,,,,,,,,
e9084d84f6d8669043736fb424c6d12b,0,4,0.0,,,,,,,,
d69ed3f6914a5745612bea81d5b673c8,0,5,0.0,,,,,,,,
c2732bf30d29299b78b11adfad6cb064,0,5,0.0,,,,,,,,
4da8c339a3469b1bd33f0bc3ebeeec33,0,5,0.0,,,,,,,,
4d61e07d8ca8013f0470f73bde1d803f,0,5,0.0,,,,,,,,
c0f08686af75b668f9fefacfc2a4dc49,0,1,0.0,,,,,,,,
c0a5a89f632fd1c06faae2868d4987b9,0,4,0.0,,,,,,,,
d9371b8b280cc7811af6185e3153771b,0,4,0.0,,,,,,,,
d9494c9560d93245f2498f735ae92ce2,0,2,0.0,,,,,,,,
d9b069d8a7300c97c92163cea25a411a,0,1,0.0,,,,,,,,
da02b3025c731f9d30c1e711037fbfea,0,1,0.0,,,,,,,,
62db361ed1b77043f7f404f048dcca82,0,2,0.0,,,,,,,,
10242591507e75585205a86db539e917,0,3,0.0,,,,,,,,
be5d9b8294ca6201040dbd925ee33a58,0,4,0.0,,,,,,,,
da5f676ff7bf11f6cd4781fac5a4e230,0,2,0.0,,,,,,,,
c5dcbaee2832c1a68e48f3f20d5f7d34,0,4,0.0,,,,,,,,
11bb9f0ba0c2cec8b1ea5629e4107d20,0,4,0.0,,,,,,,,
5076ff543b4464a5e74e88885f25235d,0,2,0.0,,,,,,,,
d2b7cc13167b04a75263bac2c634432b,0,3,0.0,,,,,,,,
5762abd9c9b98a505e01b1677e1412d6,0,4,0.0,,,,,,,,
576180d54c66ad449c20f1350359b40f,0,4,0.0,,,,,,,,
cc0e5bdec0fd37ce84c60c626f664f01,0,3,0.0,,,,,,,,
cc9f009845ae997eb4d868541933ce9a,0,5,0.0,,,,,,,,
56ebd40ba52db715834af4c5dbe09502,0,3,0.0,,,,,,,,
cceff4582cc63af29108acb8ff97ea3c,0,4,0.0,,,,,,,,
56b32c8c22bbec221d6689e995e194d7,0,5,0.0,,,,,,,,
c9807d2c0853cc1774dc784481845d97,0,4,0.0,,,,,,,,
563bc95416aa70409c722b36bf1a56e5,0,3,0.0,,,,,,,,
597524dcb17b6005c9251ff0fae02005,0,2,0.0,,,,,,,,
ceea8483e282f829b9d2d280ffeed286,0,4,0.0,,,,,,,,
047a5f031e5d7bfa6c2eb039ceab439b,0,5,0.0,,,,,,,,
cf63a4589ebcb9b288db01bd88e251ba,0,1,0.0,,,,,,,,
cfa501159cb573e76f3df064e988e130,0,3,0.0,,,,,,,,
59a019cb070255a39508d699e49e631e,0,1,0.0,,,,,,,,
c88e554adf9bf61b60c55255e96e6dd3,0,5,0.0,,,,,,,,
d0baee11639fa7005fad406203ef4b3b,0,2,0.0,,,,,,,,
59e36641c3391529505bdf7af902cec0,0,3,0.0,,,,,,,,
5a3f3824dd4e1b0ec4df317c010a9343,0,10,0.0,,,,,,,,
c7f8f6ce9884ce3a74d12a7a31f6ec6e,0,7,0.0,,,,,,,,
c73e3dd0930107d35ba5861921ed746e,0,1,0.0,,,,,,,,
54c0be96e41b21eea0aea9a823816606,0,2,0.0,,,,,,,,
c72eb8222a844e20a265e5f21efba37d,0,5,0.0,,,,,,,,
5ae8e010fa7131d68bf06a6c292de5a4,0,2,0.0,,,,,,,,
5be2de33fa4e266f2da9f24ddaa717c3,0,5,0.0,,,,,,,,
d23e0501e57a73a6f2a579f5b6312a78,0,5,0.0,,,,,,,,
11b4ca1730847a2dd2dc8294a5286d22,0,2,0.0,,,,,,,,
516d58a8673eb4e139d9b649e5acfbfa,0,4,0.0,,,,,,,,
5dcd547d78e72c3ba247f5ad9e39768e,0,4,0.0,,,,,,,,
4c3a42232400bafae82e3e04fc159de9,0,1,0.0,,,,,,,,
4c121794a4acd0b58c6f9101923a9543,0,2,0.0,,,,,,,,
be194891189c992c9d5bb13935783a32,0,1,0.0,,,,,,,,
6e696d512ffe14d3ab2abd69bcafff22,0,1,0.0,,,,,,,,
6f0ba5f592fb78479d58cec3b9da61fc,0,3,0.0,,,,,,,,
3ed0d976ac32be20fb16a25f5a87bf5e,0,2,0.0,,,,,,,,
b4f9ec4467f3b0b6b8fdd714db401af4,0,5,0.0,,,,,,,,
e457cc11e5aaabdbb430094dcd66d758,0,4,0.0,,,,,,,,
733922bbc0f840f170c8dae64919dfc4,0,5,0.0,,,,,,,,
3dbfc2a1a8142af103a73878f263385c,0,5,0.0,,,,,,,,
736a8982ca05b0d998bdac92c7082541,0,7,0.0,,,,,,,,
e4aecc3f8a939a57b9b7697ce4875edf,0,4,0.0,,,,,,,,
3d52efd3f82a94cd9df376c9cbef2b39,0,5,0.0,,,,,,,,
b2fa2cebf14cfa7827b23aea2f38646b,0,2,0.0,,,,,,,,
02ad8d6da21df831c0abfe9feba1e860,0,4,0.0,,,,,,,,
3b4642bd167f8416ed91f52e66f91a90,0,5,0.0,,,,,,,,
0f911d7964c190a572b144e9c393533f,0,5,0.0,,,,,,,,
39ce2d056a6051677370193c9157096a,0,4,0.0,,,,,,,,
396ef5237c25b235f3753aa5b55c3cb6,0,7,0.0,,,,,,,,
137b32d0d972f099b78ba73aa5b9d00f,0,2,0.0,,,,,,,,
38a99b2a08cf9af2812b093d387b42f1,0,1,0.0,,,,,,,,
e683cc04e787c81cf0f943dbbe15137e,0,2,0.0,,,,,,,,
e6b45b21877b8791f9279479d257be55,0,4,0.0,,,,,,,,
cb3c2c47c2dd726a28331c6b9dafd336,0,2,0.0,,,,,,,,
b284442a9f5db82450b61311bdeb7454,0,5,0.0,,,,,,,,
021fadfb38e6c76f0a0f5756aa7c2e57,0,4,0.0,,,,,,,,
75a64f8ae6bf4858060d7a3d0301efc4,0,3,0.0,,,,,,,,
0f19599632389aeaca218e83a7a47c7f,0,5,0.0,,,,,,,,
766de1f914f44a7155adbbe88456f00f,0,5,0.0,,,,,,,,
e7869904af7ac4b5e98af81311b4dd63,0,1,0.0,,,,,,,,
13d21927ff62cf618ab8b83499e34777,0,1,0.0,,,,,,,,
b084f5764068bf9ef32ffe4025b0ddcb,0,3,0.0,,,,,,,,
e7c15a924938586444d8b0643c60f288,0,10,0.0,,,,,,,,
3f5a94d40863ca24ce09f7d3476e95de,0,1,0.0,,,,,,,,
b689fa4f9ba6650b6772e9c3c283c1f1,0,3,0.0,,,,,,,,
dc0016539e9f8cd7a2c30469201902d6,0,2,0.0,,,,,,,,
e2837a3ee70aea5237092c30eea036c4,0,4,0.0,,,,,,,,
dc4f2cd39bb1cf0629e67c2fefcd2f04,0,1,0.0,,,,,,,,
4b05540b3e746892de5fe7c361005aef,0,5,0.0,,,,,,,,
dce18448933f1329d93fcc2615dbd189,0,2,0.0,,,,,,,,
bd3f4063cdb6369bd70ee764acd28203,0,3,0.0,,,,,,,,
063547ca4fb1523d4e3b1236a77d5a0a,0,1,0.0,,,,,,,,
4aec1e1cc96be88b468ef7c7f47786af,0,5,0.0,,,,,,,,
4a1f36916718b179975c5a0cb6db02ce,0,2,0.0,,,,,,,,
bc83391aa21644d749cf5c0d93374321,0,2,0.0,,,,,,,,
660b445e45743db8a2098a4f8462f4a6,0,2,0.0,,,,,,,,
bbe2335915c004fafb438f32c4d352ef,0,5,0.0,,,,,,,,
6874f0f5ef455246df0a136923086497,0,5,0.0,,,,,,,,
471c7e94c06dc7d4401d04b460725438,0,5,0.0,,,,,,,,
46d036350f4dbbeaef5e66f996fc47f9,0,3,0.0,,,,,,,,
46b6fdc5a6de3d2dbf4e73e721417079,0,4,0.0,,,,,,,,
687ed0403109d32bcc3d71323fa7865e,0,3,0.0,,,,,,,,
693771d5c031e573c3ddb06529d985c0,0,1,0.0,,,,,,,,
6baf6282bb55c43a816a2069ba0770dc,0,2,0.0,,,,,,,,
b92c88147f16e81df65ec8ae0113623c,0,5,0.0,,,,,,,,
e0079569eeece3b17904c44d08567130,0,5,0.0,,,,,,,,
b80b87730c1faaf88cea59a5c6d69063,0,5,0.0,,,,,,,,
b7fcefd82239384c2f003f4353d733fc,0,2,0.0,,,,,,,,
44b2a57177f3f93abbb97dee14b67de1,0,1,0.0,,,,,,,,
b7d41f06c9766a87c0749b302dc84b79,0,4,0.0,,,,,,,,
b7a44004857f73c225c96aa308200d96,0,1,0.0,,,,,,,,
e157d7094968629533895c31da80ac67,0,5,0.0,,,,,,,,
430fa5ce224b848c92ea2419c651988a,0,5,0.0,,,,,,,,
6e4ff3923c4827b9699e7ac1c4fc6126,0,3,0.0,,,,,,,,
b6a6d9ac219842217c6247aa472de1ac,0,4,0.0,,,,,,,,
e26808768ab851eacb64c9b8e97fe99a,0,4,0.0,,,,,,,,
95ff15b5fe14938f30074abf710314b5,0,7,0.0,,,,,,,,
