participant_id,task_name,task_type,n_off_path,n_edit_steps,n_target_cells,frac_wrong_color,frac_wrong_coord,mean_dist_to_target,rand_baseline_dist,dist_delta,color_relevance,rand_baseline_color,color_delta,off_path_rate
2f31ffc25dd0840a96fc600d5d985a1a,00d62c1b.json,training,0,0,0,,,,,,,0.0,,
563bc95416aa70409c722b36bf1a56e5,00d62c1b.json,training,0,0,0,,,,,,,0.0,,
6163eae42f7d15eb1810b2c6de68072a,00d62c1b.json,training,11,11,33,1.0,0.0,1.0,3.1085,2.1085,0.0,0.1111111111111111,-0.1111111111111111,0.3333333333333333
d4623ca1932570dd40a9bb214c0d5fc4,00d62c1b.json,training,0,0,0,,,,,,,0.0,,
a89275f8acb3b80eb531ea8e75ab6940,00d62c1b.json,training,0,0,0,,,,,,,0.0,,
47d4ec31a159ccf81b6a0926eb8c7fb9,00d62c1b.json,training,0,0,0,,,,,,,0.0,,
563bc95416aa70409c722b36bf1a56e5,017c7c7b.json,training,0,0,0,,,,,,,0.0,,
6c315540c490be5d85dd60c53dbbea4b,017c7c7b.json,training,7,6,19,1.0,0.0,0.16666666666666666,0.306,0.13933333333333334,0.16666666666666666,0.2222222222222222,-0.05555555555555555,0.3684210526315789
d4623ca1932570dd40a9bb214c0d5fc4,017c7c7b.json,training,0,0,0,,,,,,,0.0,,
069b5bcb5260e313c6c0ca720699b803,017c7c7b.json,training,0,0,0,,,,,,,0.0,,
736a8982ca05b0d998bdac92c7082541,017c7c7b.json,training,0,0,0,,,,,,,0.0,,
25c6a0d1b4c98c74455464daf607273d,025d127b.json,training,0,0,0,,,,,,,0.0,,
2b06355cea411af7a6fa212c90eb3c6d,025d127b.json,training,0,0,0,,,,,,,0.0,,
468133debd1059f212dc2013d14d463d,025d127b.json,training,0,0,0,,,,,,,0.0,,
5a3f3824dd4e1b0ec4df317c010a9343,025d127b.json,training,0,0,0,,,,,,,0.0,,
7c3f0d5ec05185be127ab78876395426,025d127b.json,training,1,1,12,1.0,0.0,1.0,2.764,1.7639999999999998,1.0,0.2222222222222222,0.7777777777777778,0.08333333333333333
9a0d9fcb2f0772dd8ac4d42605f1d866,025d127b.json,training,0,0,0,,,,,,,0.0,,
9c5561e0b4a04965e9827c50d369bfb8,025d127b.json,training,5,5,12,1.0,0.0,1.8,2.764,0.9639999999999997,1.0,0.2222222222222222,0.7777777777777778,0.4166666666666667
eba2a92544ddf47684572e689664bec9,025d127b.json,training,1,1,12,1.0,0.0,1.0,2.764,1.7639999999999998,1.0,0.2222222222222222,0.7777777777777778,0.08333333333333333
2780ccc98ed0d1462225fa8fc5409508,025d127b.json,training,0,0,0,,,,,,,0.0,,
af9bf0ddc3abdff8b566e97216d41dd6,025d127b.json,training,0,0,0,,,,,,,0.0,,
8b9717aac8bb61039ed58c387e4fa250,025d127b.json,training,0,0,0,,,,,,,0.0,,
d4623ca1932570dd40a9bb214c0d5fc4,045e512c.json,training,0,0,0,,,,,,,0.0,,
563bc95416aa70409c722b36bf1a56e5,0520fde7.json,training,0,0,0,,,,,,,0.0,,
6c315540c490be5d85dd60c53dbbea4b,0520fde7.json,training,0,0,0,,,,,,,0.0,,
c2a5313d1057d8a1683e090124b0c93b,0520fde7.json,training,0,0,0,,,,,,,0.0,,
d4623ca1932570dd40a9bb214c0d5fc4,0520fde7.json,training,0,0,0,,,,,,,0.0,,
e7c15a924938586444d8b0643c60f288,0520fde7.json,training,0,0,0,,,,,,,0.0,,
808d828037e92415806c19d6a0261778,05269061.json,training,1,1,38,1.0,0.0,0.0,0.2185,0.2185,1.0,0.3333333333333333,0.6666666666666667,0.02631578947368421
5d5b4ecce558a3b3813d744ba9a075bb,05f2a901.json,training,0,0,0,,,,,,,0.0,,
83fa2a897e84d2828c500bb340f92f8d,05f2a901.json,training,0,0,0,,,,,,,0.0,,
e97b01b2b6caf817135950e1e81d18b9,05f2a901.json,training,0,0,0,,,,,,,0.0,,
f1b9ce4e8bbbd4cf7658000030063259,05f2a901.json,training,0,0,0,,,,,,,0.0,,
5d5b4ecce558a3b3813d744ba9a075bb,06df4c85.json,training,0,0,0,,,,,,,0.0,,
99820d664927a31792470aa731ee2fa5,06df4c85.json,training,0,0,0,,,,,,,0.0,,
cadd12df9bd49b9d5b908816b0551da2,06df4c85.json,training,12,12,36,1.0,0.0,4.916666666666667,5.283,0.3663333333333334,0.0,0.2222222222222222,-0.2222222222222222,0.3333333333333333
e13f835cab765619a96c578f3fa3eca6,06df4c85.json,training,0,0,0,,,,,,,0.0,,
ffbb0029213d80cec7a1319f2ff3da4b,06df4c85.json,training,0,0,0,,,,,,,0.0,,
09f86a600661502b32236459ea61d808,08ed6ac7.json,training,0,0,0,,,,,,,0.0,,
5d5b4ecce558a3b3813d744ba9a075bb,08ed6ac7.json,training,0,0,0,,,,,,,0.0,,
a1726e860b2b9ee81c63be858359d19e,08ed6ac7.json,training,0,0,0,,,,,,,0.0,,
f076bb4cb6e46d77872910f2120690e4,08ed6ac7.json,training,0,0,0,,,,,,,0.0,,
79c4bc130701b592b83f489ddb155ca2,09629e4f.json,training,2,2,56,1.0,0.0,0.0,0.6,0.6,0.0,0.5555555555555556,-0.5555555555555556,0.03571428571428571
48994222818d3cd44733034d7fa60c67,09629e4f.json,training,0,0,0,,,,,,,0.0,,
d692f427dcd1a02b5b4faa2fd698291b,09629e4f.json,training,0,0,0,,,,,,,0.0,,
069b5bcb5260e313c6c0ca720699b803,0962bcdd.json,training,1,1,24,1.0,0.0,0.0,2.1645,2.1645,1.0,0.2222222222222222,0.7777777777777778,0.041666666666666664
36f69f8a49aa27e8678744c752bd328c,0962bcdd.json,training,0,0,0,,,,,,,0.0,,
5d5b4ecce558a3b3813d744ba9a075bb,0962bcdd.json,training,1,1,24,1.0,0.0,0.0,2.1645,2.1645,1.0,0.2222222222222222,0.7777777777777778,0.041666666666666664
736a8982ca05b0d998bdac92c7082541,0962bcdd.json,training,0,0,0,,,,,,,0.0,,
2d8a08fd41823c65f4fe61cac9977f48,0962bcdd.json,training,1,1,24,1.0,0.0,2.0,2.1645,0.16449999999999987,0.0,0.2222222222222222,-0.2222222222222222,0.041666666666666664
de28b66cf081b240ed814d6006d3c130,0962bcdd.json,training,0,0,0,,,,,,,0.0,,
48994222818d3cd44733034d7fa60c67,0a938d79.json,training,0,0,0,,,,,,,0.0,,
79c4bc130701b592b83f489ddb155ca2,0a938d79.json,training,3,3,53,1.0,0.0,1.3333333333333333,1.494,0.16066666666666674,1.0,0.2222222222222222,0.7777777777777778,0.05660377358490566
2d8a08fd41823c65f4fe61cac9977f48,0a938d79.json,training,0,0,0,,,,,,,0.0,,
03a36ced2e0df61cb2f93ced068e83a1,0b148d64.json,training,0,0,0,,,,,,,0.0,,
0727096a7fe1e756721b3b85b6e19e11,0b148d64.json,training,0,0,0,,,,,,,0.0,,
2d8a08fd41823c65f4fe61cac9977f48,0b148d64.json,training,2,0,0,,,,,,,0.0,,
9d10627e92170e1adcc463f6dcfcb159,0b148d64.json,training,0,0,0,,,,,,,0.0,,
f34624f31c59ba22aba6bb8cfdae3696,0b148d64.json,training,0,0,0,,,,,,,0.0,,
d5e9343fbc2245690dff714c2986b3f2,0b148d64.json,training,0,0,0,,,,,,,0.0,,
8d7c56529be9303b05e8788777d6c7cd,0ca9ddb6.json,training,0,0,0,,,,,,,0.0,,
b4f96eb3850ee67c5cba210360d783df,0ca9ddb6.json,training,8,8,12,1.0,0.0,1.0,1.587,0.587,1.0,0.2222222222222222,0.7777777777777778,0.6666666666666666
f34624f31c59ba22aba6bb8cfdae3696,0ca9ddb6.json,training,0,0,0,,,,,,,0.0,,
f47cfbec469a34ad28f1694052e266e8,0ca9ddb6.json,training,0,0,0,,,,,,,0.0,,
fc58e937be66099c2b44350445dd6e8b,0ca9ddb6.json,training,4,4,12,1.0,0.0,1.5,1.587,0.08699999999999997,1.0,0.2222222222222222,0.7777777777777778,0.3333333333333333
0325bcc6197384a736c8a6daf0871e63,0d3d703e.json,training,0,0,0,,,,,,,0.0,,
c6b4b18668656e1e0d147eb24209a15d,0d3d703e.json,training,0,0,0,,,,,,,0.0,,
f34624f31c59ba22aba6bb8cfdae3696,0d3d703e.json,training,0,0,0,,,,,,,0.0,,
2a9f88a280e5a494865b11e466663ff0,0d3d703e.json,training,0,0,0,,,,,,,0.0,,
c6c5e0e0c07e573cd63c7fad29928e10,0d3d703e.json,training,0,0,0,,,,,,,0.0,,
da0da70f01db728bb465ab904a135d9e,0d3d703e.json,training,0,0,0,,,,,,,0.0,,
9ee1c7c7ec2090914eb1a4d914d515ba,0dfd9992.json,training,0,0,0,,,,,,,0.0,,
222e793daa759b482733882d0a63382f,0dfd9992.json,training,0,0,0,,,,,,,0.0,,
034ef526357510010f808ffd936adbaa,0e206a2e.json,training,9,9,32,1.0,0.0,1.7777777777777777,3.7725,1.9947222222222223,1.0,0.2222222222222222,0.7777777777777778,0.28125
1082d13c2da0b3b9e167722f27c22c53,0e206a2e.json,training,1,1,32,1.0,0.0,2.0,3.7725,1.7725,1.0,0.2222222222222222,0.7777777777777778,0.03125
f34624f31c59ba22aba6bb8cfdae3696,0e206a2e.json,training,0,0,0,,,,,,,0.0,,
10360ff54be27e4869e08964fe54b832,11852cab.json,training,3,3,3,1.0,0.0,1.0,3.6725,2.6725,1.0,0.1111111111111111,0.8888888888888888,1.0
56b32c8c22bbec221d6689e995e194d7,11852cab.json,training,0,0,0,,,,,,,0.0,,
5a2f015f138b57c89d21f179d9920da7,11852cab.json,training,0,0,0,,,,,,,0.0,,
eb56ec479a3e4a3fef3ad75d8f275928,11852cab.json,training,0,0,0,,,,,,,0.0,,
f4fd2cd945694257d37ccb56521675e2,11852cab.json,training,0,0,0,,,,,,,0.0,,
940324016ade90e6765a2aa730ba9b1a,11852cab.json,training,0,0,0,,,,,,,0.0,,
415a22ec2436001c46248d2a75bde2d2,1190e5a7.json,training,0,0,0,,,,,,,0.0,,
711d0c02b8e764941f0b4e87d382f5d2,1190e5a7.json,training,0,0,0,,,,,,,0.0,,
881ce8318e980e526e22b219d83ebd23,1190e5a7.json,training,0,0,0,,,,,,,0.0,,
eb56ec479a3e4a3fef3ad75d8f275928,1190e5a7.json,training,0,0,0,,,,,,,0.0,,
10360ff54be27e4869e08964fe54b832,1190e5a7.json,training,0,0,0,,,,,,,0.0,,
c6218d7320d50ae74968b85a7e831bda,1190e5a7.json,training,0,0,0,,,,,,,0.0,,
415a22ec2436001c46248d2a75bde2d2,137eaa0f.json,training,0,0,0,,,,,,,0.0,,
711d0c02b8e764941f0b4e87d382f5d2,137eaa0f.json,training,0,0,0,,,,,,,0.0,,
c6218d7320d50ae74968b85a7e831bda,137eaa0f.json,training,0,0,0,,,,,,,0.0,,
eb56ec479a3e4a3fef3ad75d8f275928,137eaa0f.json,training,2,0,9,,,,6.6735,,,0.5555555555555556,,0.2222222222222222
10360ff54be27e4869e08964fe54b832,137eaa0f.json,training,3,3,9,1.0,0.0,0.0,6.6735,6.6735,1.0,0.5555555555555556,0.4444444444444444,0.3333333333333333
2b06355cea411af7a6fa212c90eb3c6d,150deff5.json,training,0,0,0,,,,,,,0.0,,
2d4e2e1c38a24e0efedc2104ac079efc,150deff5.json,training,0,0,0,,,,,,,0.0,,
5a3f3824dd4e1b0ec4df317c010a9343,150deff5.json,training,0,0,0,,,,,,,0.0,,
6cefab1ec9368a792cd51554b4187a5d,150deff5.json,training,5,5,24,1.0,0.0,0.8,1.8105,1.0105,1.0,0.2222222222222222,0.7777777777777778,0.20833333333333334
7c3f0d5ec05185be127ab78876395426,150deff5.json,training,0,0,0,,,,,,,0.0,,
9a0d9fcb2f0772dd8ac4d42605f1d866,150deff5.json,training,1,1,24,1.0,0.0,0.0,1.8105,1.8105,1.0,0.2222222222222222,0.7777777777777778,0.041666666666666664
9c5561e0b4a04965e9827c50d369bfb8,150deff5.json,training,1,1,24,1.0,0.0,0.0,1.8105,1.8105,1.0,0.2222222222222222,0.7777777777777778,0.041666666666666664
af9bf0ddc3abdff8b566e97216d41dd6,150deff5.json,training,2,2,24,1.0,0.0,0.0,1.8105,1.8105,1.0,0.2222222222222222,0.7777777777777778,0.08333333333333333
eba2a92544ddf47684572e689664bec9,150deff5.json,training,0,0,0,,,,,,,0.0,,
8b9717aac8bb61039ed58c387e4fa250,150deff5.json,training,11,11,24,1.0,0.0,0.0,1.8105,1.8105,0.0,0.2222222222222222,-0.2222222222222222,0.4583333333333333
bf66a164234034d4709666dc364c8d55,150deff5.json,training,1,1,24,1.0,0.0,1.0,1.8105,0.8105,1.0,0.2222222222222222,0.7777777777777778,0.041666666666666664
16cc2e4ab0e117ad863ecadbc77288f6,178fcbfb.json,training,1,0,54,,,,0.7035,,,0.3333333333333333,,0.018518518518518517
37f84369d15c9cdc41b13b48b92a3e15,178fcbfb.json,training,0,0,0,,,,,,,0.0,,
eb56ec479a3e4a3fef3ad75d8f275928,178fcbfb.json,training,8,8,54,1.0,0.0,0.0,0.7035,0.7035,1.0,0.3333333333333333,0.6666666666666667,0.14814814814814814
f5cadb9507cf607a1be966569482aa3a,178fcbfb.json,training,0,0,0,,,,,,,0.0,,
034ef526357510010f808ffd936adbaa,1a07d186.json,training,0,0,0,,,,,,,0.0,,
12f27871246e06146bb8d78afb44162e,1a07d186.json,training,0,0,0,,,,,,,0.0,,
821f27ade1920224808280a9e9a5b503,1a07d186.json,training,0,0,0,,,,,,,0.0,,
a1ed73544bc9ce777ecbf84a402b407b,1a07d186.json,training,4,4,18,1.0,0.0,3.0,2.9735,-0.026499999999999968,1.0,0.4444444444444444,0.5555555555555556,0.2222222222222222
25c479b3a670f80770242190d6b0a1a8,1b2d62fb.json,training,6,5,15,1.0,0.0,0.0,1.4595,1.4595,1.0,0.2222222222222222,0.7777777777777778,0.4
821f27ade1920224808280a9e9a5b503,1b2d62fb.json,training,0,0,0,,,,,,,0.0,,
dd5a847778be2594fe617eb1965fe9e3,1b2d62fb.json,training,0,0,0,,,,,,,0.0,,
16cc2e4ab0e117ad863ecadbc77288f6,1b2d62fb.json,training,0,0,0,,,,,,,0.0,,
59785c8a3b558c1c1d6bc1448c1e4141,1b2d62fb.json,training,0,0,0,,,,,,,0.0,,
dda10b01506628ed6b3e938cff424852,1b2d62fb.json,training,0,0,0,,,,,,,0.0,,
16cc2e4ab0e117ad863ecadbc77288f6,1b60fb0c.json,training,10,9,9,1.0,0.0,1.0,4.3335,3.3335,1.0,0.1111111111111111,0.8888888888888888,1.1111111111111112
3813ca0ba11b09e86979c470f0e6725e,1b60fb0c.json,training,3,3,9,1.0,0.0,2.6666666666666665,4.3335,1.6668333333333334,0.6666666666666666,0.1111111111111111,0.5555555555555556,0.3333333333333333
821f27ade1920224808280a9e9a5b503,1b60fb0c.json,training,1,1,9,1.0,0.0,1.0,4.3335,3.3335,1.0,0.1111111111111111,0.8888888888888888,0.1111111111111111
dc02d170c3a8f681c4e4879219abb7ca,1b60fb0c.json,training,0,0,0,,,,,,,0.0,,
eb56ec479a3e4a3fef3ad75d8f275928,1b60fb0c.json,training,3,3,9,1.0,0.0,1.0,4.3335,3.3335,1.0,0.1111111111111111,0.8888888888888888,0.3333333333333333
f8a3212a7896f3ecde9fa4e5a30a8f6e,1b60fb0c.json,training,0,0,0,,,,,,,0.0,,
16cc2e4ab0e117ad863ecadbc77288f6,1bfc4729.json,training,0,0,0,,,,,,,0.0,,
6e8b87dd3f3994881c74e6b51ba3776d,1bfc4729.json,training,1,1,50,1.0,0.0,0.0,0.66,0.66,1.0,0.2222222222222222,0.7777777777777778,0.02
7e3feb578c44cbd17312fb7a6443ce3b,1bfc4729.json,training,0,0,0,,,,,,,0.0,,
821f27ade1920224808280a9e9a5b503,1bfc4729.json,training,0,0,0,,,,,,,0.0,,
a4d6115ab99ef8d43ef67fcf30e8c944,1bfc4729.json,training,1,1,50,1.0,0.0,1.0,0.66,-0.33999999999999997,0.0,0.2222222222222222,-0.2222222222222222,0.02
a9fd2523f8aab42fab3d623ac7895165,1bfc4729.json,training,0,0,0,,,,,,,0.0,,
da0da70f01db728bb465ab904a135d9e,1bfc4729.json,training,0,0,0,,,,,,,0.0,,
dd55f7f830586bcacfca0489ba65e224,1bfc4729.json,training,0,0,0,,,,,,,0.0,,
3813ca0ba11b09e86979c470f0e6725e,1bfc4729.json,training,4,4,50,1.0,0.0,0.75,0.66,-0.08999999999999997,1.0,0.2222222222222222,0.7777777777777778,0.08
e649dd24132828eae8699da5edad4787,1bfc4729.json,training,0,0,0,,,,,,,0.0,,
16cc2e4ab0e117ad863ecadbc77288f6,1c786137.json,training,53,50,54,1.0,0.0,0.46,4.6235,4.1635,1.0,0.4444444444444444,0.5555555555555556,0.9814814814814815
3813ca0ba11b09e86979c470f0e6725e,1c786137.json,training,5,5,54,1.0,0.0,0.4,4.6235,4.2235,1.0,0.4444444444444444,0.5555555555555556,0.09259259259259259
821f27ade1920224808280a9e9a5b503,1c786137.json,training,1,0,54,,,,4.6235,,,0.4444444444444444,,0.018518518518518517
a4d6115ab99ef8d43ef67fcf30e8c944,1c786137.json,training,0,0,0,,,,,,,0.0,,
dd0924ce10d6d0ea702335d1ddce2e4b,1c786137.json,training,0,0,0,,,,,,,0.0,,
e6210f1ee7117b9150301badf4abb2b5,1c786137.json,training,2,2,54,1.0,0.0,0.5,4.6235,4.1235,1.0,0.4444444444444444,0.5555555555555556,0.037037037037037035
e6f7e9fc0c780921eb4b746e269ab07b,1c786137.json,training,0,0,0,,,,,,,0.0,,
940324016ade90e6765a2aa730ba9b1a,1c786137.json,training,0,0,0,,,,,,,0.0,,
da0da70f01db728bb465ab904a135d9e,1c786137.json,training,0,0,0,,,,,,,0.0,,
0017a2904e34497d578228a0912f2367,1caeab9d.json,training,4,4,20,1.0,0.0,2.25,2.0395,-0.21050000000000013,0.75,0.3333333333333333,0.4166666666666667,0.2
2f3c34f6804cc1410db866e589d5c3dc,1caeab9d.json,training,3,3,20,1.0,0.0,0.0,2.0395,2.0395,0.3333333333333333,0.3333333333333333,0.0,0.15
34f7e4efcb37ae73f626d6a331b50cc1,1caeab9d.json,training,0,0,0,,,,,,,0.0,,
4affd3ef9a848d16093358ca301886e6,1caeab9d.json,training,2,2,20,1.0,0.0,1.0,2.0395,1.0394999999999999,1.0,0.3333333333333333,0.6666666666666667,0.1
4d31c1c155d542349c96c4499d715527,1caeab9d.json,training,2,2,20,1.0,0.0,1.0,2.0395,1.0394999999999999,1.0,0.3333333333333333,0.6666666666666667,0.1
5106f81a3451091e5b4732254e974268,1caeab9d.json,training,0,0,0,,,,,,,0.0,,
5d83a52178e710721682244db8e23eb6,1caeab9d.json,training,0,0,0,,,,,,,0.0,,
60961232d00d04a020d7581a31a45ae9,1caeab9d.json,training,2,2,20,1.0,0.0,1.0,2.0395,1.0394999999999999,1.0,0.3333333333333333,0.6666666666666667,0.1
6874f0f5ef455246df0a136923086497,1caeab9d.json,training,0,0,0,,,,,,,0.0,,
89a92ffbd376420cf0facae4d963fe7b,1caeab9d.json,training,1,1,20,1.0,0.0,1.0,2.0395,1.0394999999999999,1.0,0.3333333333333333,0.6666666666666667,0.05
8a6618e02b27c51ec7af66e0482f9598,1caeab9d.json,training,1,1,20,1.0,0.0,0.0,2.0395,2.0395,1.0,0.3333333333333333,0.6666666666666667,0.05
97da5a6d4139e31e47e05fbc5f7f799c,1caeab9d.json,training,2,2,20,1.0,0.0,1.0,2.0395,1.0394999999999999,1.0,0.3333333333333333,0.6666666666666667,0.1
a0f38b9a45451557246895e3d404e584,1caeab9d.json,training,11,11,20,1.0,0.0,2.4545454545454546,2.0395,-0.4150454545454547,0.5454545454545454,0.3333333333333333,0.2121212121212121,0.55
ac8d7e981b3e6bdefa2b1fe14203fb19,1caeab9d.json,training,0,0,0,,,,,,,0.0,,
b4d97dd14bcb2d4d0d05bd04928a7e2b,1caeab9d.json,training,0,0,0,,,,,,,0.0,,
c4d476d58119fdac1ed7f099e9e1715f,1caeab9d.json,training,0,0,0,,,,,,,0.0,,
ca10f9fa3b6c0be47a8f8df216bec019,1caeab9d.json,training,0,0,0,,,,,,,0.0,,
e4aad3d62e31d9a813bdab777f2ce7db,1caeab9d.json,training,1,1,20,1.0,0.0,4.0,2.0395,-1.9605000000000001,1.0,0.3333333333333333,0.6666666666666667,0.05
ea1172b7221bde42e6a5235374647630,1caeab9d.json,training,1,1,20,1.0,0.0,1.0,2.0395,1.0394999999999999,1.0,0.3333333333333333,0.6666666666666667,0.05
f19b058ef0092b8ff31f580c73e9dc51,1caeab9d.json,training,0,0,0,,,,,,,0.0,,
11bb9f0ba0c2cec8b1ea5629e4107d20,1caeab9d.json,training,0,0,0,,,,,,,0.0,,
1a3e36c59bdf2307e4133574eb601345,1caeab9d.json,training,1,1,20,1.0,0.0,1.0,2.0395,1.0394999999999999,1.0,0.3333333333333333,0.6666666666666667,0.05
a2c073e4409210c5b6b79573b6ceedd4,1caeab9d.json,training,0,0,0,,,,,,,0.0,,
f8fe319ac43f53ff18a4b8de15988d23,1caeab9d.json,training,0,0,0,,,,,,,0.0,,
2c730cf378fa751e079a8582beab9ad7,1caeab9d.json,training,0,0,0,,,,,,,0.0,,
26fd7f7aee49ba528d0821d9090b8985,1cf80156.json,training,0,0,0,,,,,,,0.0,,
3813ca0ba11b09e86979c470f0e6725e,1cf80156.json,training,1,1,11,1.0,0.0,1.0,6.082,5.082,1.0,0.1111111111111111,0.8888888888888888,0.09090909090909091
4d59d4f95ecb8b10e30151c05c5e3821,1cf80156.json,training,0,0,0,,,,,,,0.0,,
56b32c8c22bbec221d6689e995e194d7,1cf80156.json,training,0,0,0,,,,,,,0.0,,
7e3feb578c44cbd17312fb7a6443ce3b,1cf80156.json,training,0,0,0,,,,,,,0.0,,
a4d6115ab99ef8d43ef67fcf30e8c944,1cf80156.json,training,0,0,0,,,,,,,0.0,,
da0da70f01db728bb465ab904a135d9e,1cf80156.json,training,0,0,0,,,,,,,0.0,,
e649dd24132828eae8699da5edad4787,1cf80156.json,training,0,0,0,,,,,,,0.0,,
fcaec52804bd12d961cad270ff98c0f3,1cf80156.json,training,0,0,0,,,,,,,0.0,,
a172e2c89719428e69ebc972d3e98e62,1cf80156.json,training,0,0,0,,,,,,,0.0,,
0017a2904e34497d578228a0912f2367,1e0a9b12.json,training,0,0,0,,,,,,,0.0,,
0cbcacbe2f68c0e91762f7af0758776d,1e0a9b12.json,training,0,0,0,,,,,,,0.0,,
1a3e36c59bdf2307e4133574eb601345,1e0a9b12.json,training,3,3,10,1.0,0.0,0.6666666666666666,0.6615,-0.005166666666666653,1.0,0.6666666666666666,0.33333333333333337,0.3
2c730cf378fa751e079a8582beab9ad7,1e0a9b12.json,training,0,0,0,,,,,,,0.0,,
2e7d5ca3f138d5b3a952654f0b3e405c,1e0a9b12.json,training,0,0,0,,,,,,,0.0,,
2f3c34f6804cc1410db866e589d5c3dc,1e0a9b12.json,training,2,2,10,0.0,1.0,1.5,0.6615,-0.8385,1.0,0.6666666666666666,0.33333333333333337,0.2
34f7e4efcb37ae73f626d6a331b50cc1,1e0a9b12.json,training,0,0,0,,,,,,,0.0,,
4affd3ef9a848d16093358ca301886e6,1e0a9b12.json,training,0,0,0,,,,,,,0.0,,
5106f81a3451091e5b4732254e974268,1e0a9b12.json,training,0,0,0,,,,,,,0.0,,
5ceaf89932280233189336e8c517ef9b,1e0a9b12.json,training,0,0,0,,,,,,,0.0,,
60961232d00d04a020d7581a31a45ae9,1e0a9b12.json,training,0,0,0,,,,,,,0.0,,
6874f0f5ef455246df0a136923086497,1e0a9b12.json,training,0,0,0,,,,,,,0.0,,
89a92ffbd376420cf0facae4d963fe7b,1e0a9b12.json,training,0,0,0,,,,,,,0.0,,
8a6618e02b27c51ec7af66e0482f9598,1e0a9b12.json,training,2,2,10,1.0,0.0,1.0,0.6615,-0.3385,1.0,0.6666666666666666,0.33333333333333337,0.2
8ff70fb78af32b21b5fe3f647ebc9bcc,1e0a9b12.json,training,0,0,0,,,,,,,0.0,,
97da5a6d4139e31e47e05fbc5f7f799c,1e0a9b12.json,training,0,0,0,,,,,,,0.0,,
a0f38b9a45451557246895e3d404e584,1e0a9b12.json,training,1,1,10,1.0,0.0,0.0,0.6615,0.6615,1.0,0.6666666666666666,0.33333333333333337,0.1
a2c073e4409210c5b6b79573b6ceedd4,1e0a9b12.json,training,0,0,0,,,,,,,0.0,,
ac8d7e981b3e6bdefa2b1fe14203fb19,1e0a9b12.json,training,4,4,10,1.0,0.0,1.0,0.6615,-0.3385,1.0,0.6666666666666666,0.33333333333333337,0.4
b4d97dd14bcb2d4d0d05bd04928a7e2b,1e0a9b12.json,training,0,0,0,,,,,,,0.0,,
c4d476d58119fdac1ed7f099e9e1715f,1e0a9b12.json,training,0,0,0,,,,,,,0.0,,
ca10f9fa3b6c0be47a8f8df216bec019,1e0a9b12.json,training,1,1,10,1.0,0.0,1.0,0.6615,-0.3385,1.0,0.6666666666666666,0.33333333333333337,0.1
e4aad3d62e31d9a813bdab777f2ce7db,1e0a9b12.json,training,1,1,10,1.0,0.0,0.0,0.6615,0.6615,1.0,0.6666666666666666,0.33333333333333337,0.1
ea1172b7221bde42e6a5235374647630,1e0a9b12.json,training,0,0,0,,,,,,,0.0,,
f19b058ef0092b8ff31f580c73e9dc51,1e0a9b12.json,training,0,0,0,,,,,,,0.0,,
f8fe319ac43f53ff18a4b8de15988d23,1e0a9b12.json,training,0,0,0,,,,,,,0.0,,
11bb9f0ba0c2cec8b1ea5629e4107d20,1e0a9b12.json,training,0,0,0,,,,,,,0.0,,
a404e9216c9c854585bb2547aadea12b,1e0a9b12.json,training,5,5,10,1.0,0.0,0.8,0.6615,-0.13850000000000007,1.0,0.6666666666666666,0.33333333333333337,0.5
5d83a52178e710721682244db8e23eb6,1e0a9b12.json,training,0,0,0,,,,,,,0.0,,
14029d6d9faad3a8d5d66ebad48dcd8c,1e32b0e9.json,training,17,17,54,1.0,0.0,0.058823529411764705,1.6,1.5411764705882354,0.058823529411764705,0.1111111111111111,-0.0522875816993464,0.3148148148148148
25c479b3a670f80770242190d6b0a1a8,1e32b0e9.json,training,0,0,0,,,,,,,0.0,,
4d59d4f95ecb8b10e30151c05c5e3821,1e32b0e9.json,training,4,4,54,1.0,0.0,2.25,1.6,-0.6499999999999999,1.0,0.1111111111111111,0.8888888888888888,0.07407407407407407
56b32c8c22bbec221d6689e995e194d7,1e32b0e9.json,training,0,0,0,,,,,,,0.0,,
da0da70f01db728bb465ab904a135d9e,1e32b0e9.json,training,1,1,54,1.0,0.0,1.0,1.6,0.6000000000000001,1.0,0.1111111111111111,0.8888888888888888,0.018518518518518517
dd5a847778be2594fe617eb1965fe9e3,1e32b0e9.json,training,0,0,0,,,,,,,0.0,,
3813ca0ba11b09e86979c470f0e6725e,1e32b0e9.json,training,0,0,0,,,,,,,0.0,,
dda10b01506628ed6b3e938cff424852,1e32b0e9.json,training,1,1,54,1.0,0.0,1.0,1.6,0.6000000000000001,1.0,0.1111111111111111,0.8888888888888888,0.018518518518518517
3d6892fdef151e10ab09de77b4e5e6a0,1f0c79e5.json,training,4,4,23,1.0,0.0,0.25,2.772,2.522,0.0,0.1111111111111111,-0.1111111111111111,0.17391304347826086
4d59d4f95ecb8b10e30151c05c5e3821,1f642eb9.json,training,1,1,7,1.0,0.0,0.0,2.903,2.903,0.0,0.6666666666666666,-0.6666666666666666,0.14285714285714285
c0841ccd8b2c5b64b36888e79697cb1a,1f642eb9.json,training,9,9,7,1.0,0.0,2.2222222222222223,2.903,0.6807777777777777,0.2222222222222222,0.6666666666666666,-0.4444444444444444,1.2857142857142858
de6bc448f653520d986eec331522c562,1f642eb9.json,training,0,0,0,,,,,,,0.0,,
f659e49b6e0a3f73ca70a8dcda4a94cc,1f642eb9.json,training,1,1,7,1.0,0.0,3.0,2.903,-0.09699999999999998,0.0,0.6666666666666666,-0.6666666666666666,0.14285714285714285
da1b576b3e719bb309d7c2591a2fdded,1f642eb9.json,training,0,0,0,,,,,,,0.0,,
14029d6d9faad3a8d5d66ebad48dcd8c,1f85a75f.json,training,0,0,0,,,,,,,0.0,,
3d6892fdef151e10ab09de77b4e5e6a0,1f85a75f.json,training,0,0,0,,,,,,,0.0,,
415a22ec2436001c46248d2a75bde2d2,1f85a75f.json,training,0,0,0,,,,,,,0.0,,
4d59d4f95ecb8b10e30151c05c5e3821,1f85a75f.json,training,0,0,0,,,,,,,0.0,,
711d0c02b8e764941f0b4e87d382f5d2,1f85a75f.json,training,0,0,0,,,,,,,0.0,,
dda10b01506628ed6b3e938cff424852,1f85a75f.json,training,0,0,0,,,,,,,0.0,,
83bed31e4c57ed16bc89e8a1091f57f5,1f85a75f.json,training,2,0,13,,,,23.5455,,,0.2222222222222222,,0.15384615384615385
0017a2904e34497d578228a0912f2367,1f876c06.json,training,0,0,0,,,,,,,0.0,,
11bb9f0ba0c2cec8b1ea5629e4107d20,1f876c06.json,training,0,0,0,,,,,,,0.0,,
2204a682efe5fa9182c972e992355d99,1f876c06.json,training,0,0,0,,,,,,,0.0,,
2c730cf378fa751e079a8582beab9ad7,1f876c06.json,training,0,0,0,,,,,,,0.0,,
2f3c34f6804cc1410db866e589d5c3dc,1f876c06.json,training,1,1,14,1.0,0.0,1.0,1.524,0.524,1.0,0.5555555555555556,0.4444444444444444,0.07142857142857142
34f7e4efcb37ae73f626d6a331b50cc1,1f876c06.json,training,0,0,0,,,,,,,0.0,,
4affd3ef9a848d16093358ca301886e6,1f876c06.json,training,0,0,0,,,,,,,0.0,,
5106f81a3451091e5b4732254e974268,1f876c06.json,training,1,1,14,1.0,0.0,1.0,1.524,0.524,1.0,0.5555555555555556,0.4444444444444444,0.07142857142857142
5ceaf89932280233189336e8c517ef9b,1f876c06.json,training,0,0,0,,,,,,,0.0,,
5d83a52178e710721682244db8e23eb6,1f876c06.json,training,0,0,0,,,,,,,0.0,,
60961232d00d04a020d7581a31a45ae9,1f876c06.json,training,4,4,14,1.0,0.0,1.0,1.524,0.524,1.0,0.5555555555555556,0.4444444444444444,0.2857142857142857
8a6618e02b27c51ec7af66e0482f9598,1f876c06.json,training,0,0,0,,,,,,,0.0,,
97da5a6d4139e31e47e05fbc5f7f799c,1f876c06.json,training,0,0,0,,,,,,,0.0,,
a0f38b9a45451557246895e3d404e584,1f876c06.json,training,0,0,0,,,,,,,0.0,,
a2c073e4409210c5b6b79573b6ceedd4,1f876c06.json,training,2,2,14,1.0,0.0,1.0,1.524,0.524,1.0,0.5555555555555556,0.4444444444444444,0.14285714285714285
a404e9216c9c854585bb2547aadea12b,1f876c06.json,training,0,0,0,,,,,,,0.0,,
ac8d7e981b3e6bdefa2b1fe14203fb19,1f876c06.json,training,1,1,14,1.0,0.0,1.0,1.524,0.524,1.0,0.5555555555555556,0.4444444444444444,0.07142857142857142
b4d97dd14bcb2d4d0d05bd04928a7e2b,1f876c06.json,training,0,0,0,,,,,,,0.0,,
c4d476d58119fdac1ed7f099e9e1715f,1f876c06.json,training,10,10,14,1.0,0.0,1.8,1.524,-0.276,0.0,0.5555555555555556,-0.5555555555555556,0.7142857142857143
ca10f9fa3b6c0be47a8f8df216bec019,1f876c06.json,training,0,0,0,,,,,,,0.0,,
e4aad3d62e31d9a813bdab777f2ce7db,1f876c06.json,training,0,0,0,,,,,,,0.0,,
ea1172b7221bde42e6a5235374647630,1f876c06.json,training,1,1,14,1.0,0.0,1.0,1.524,0.524,1.0,0.5555555555555556,0.4444444444444444,0.07142857142857142
f19b058ef0092b8ff31f580c73e9dc51,1f876c06.json,training,0,0,0,,,,,,,0.0,,
f4ab1e6fed6e484ab6825cd85fb381a7,1f876c06.json,training,0,0,0,,,,,,,0.0,,
f8fe319ac43f53ff18a4b8de15988d23,1f876c06.json,training,0,0,0,,,,,,,0.0,,
2e7d5ca3f138d5b3a952654f0b3e405c,1f876c06.json,training,3,3,14,1.0,0.0,1.3333333333333333,1.524,0.19066666666666676,1.0,0.5555555555555556,0.4444444444444444,0.21428571428571427
6874f0f5ef455246df0a136923086497,1f876c06.json,training,0,0,0,,,,,,,0.0,,
0cbcacbe2f68c0e91762f7af0758776d,1f876c06.json,training,0,0,0,,,,,,,0.0,,
0017a2904e34497d578228a0912f2367,1fad071e.json,training,0,0,0,,,,,,,0.0,,
11bb9f0ba0c2cec8b1ea5629e4107d20,1fad071e.json,training,0,0,0,,,,,,,0.0,,
1a3e36c59bdf2307e4133574eb601345,1fad071e.json,training,0,0,0,,,,,,,0.0,,
2c730cf378fa751e079a8582beab9ad7,1fad071e.json,training,0,0,0,,,,,,,0.0,,
2f3c34f6804cc1410db866e589d5c3dc,1fad071e.json,training,0,0,0,,,,,,,0.0,,
34f7e4efcb37ae73f626d6a331b50cc1,1fad071e.json,training,0,0,0,,,,,,,0.0,,
4affd3ef9a848d16093358ca301886e6,1fad071e.json,training,1,1,3,1.0,0.0,1.0,6.388,5.388,1.0,0.1111111111111111,0.8888888888888888,0.3333333333333333
4d31c1c155d542349c96c4499d715527,1fad071e.json,training,2,2,3,1.0,0.0,0.0,6.388,6.388,0.0,0.1111111111111111,-0.1111111111111111,0.6666666666666666
5106f81a3451091e5b4732254e974268,1fad071e.json,training,0,0,0,,,,,,,0.0,,
5ceaf89932280233189336e8c517ef9b,1fad071e.json,training,0,0,0,,,,,,,0.0,,
5d83a52178e710721682244db8e23eb6,1fad071e.json,training,0,0,0,,,,,,,0.0,,
60961232d00d04a020d7581a31a45ae9,1fad071e.json,training,1,0,3,,,,6.388,,,0.1111111111111111,,0.3333333333333333
89a92ffbd376420cf0facae4d963fe7b,1fad071e.json,training,0,0,0,,,,,,,0.0,,
8a6618e02b27c51ec7af66e0482f9598,1fad071e.json,training,0,0,0,,,,,,,0.0,,
97da5a6d4139e31e47e05fbc5f7f799c,1fad071e.json,training,0,0,0,,,,,,,0.0,,
a0f38b9a45451557246895e3d404e584,1fad071e.json,training,0,0,0,,,,,,,0.0,,
a2c073e4409210c5b6b79573b6ceedd4,1fad071e.json,training,1,0,3,,,,6.388,,,0.1111111111111111,,0.3333333333333333
ac8d7e981b3e6bdefa2b1fe14203fb19,1fad071e.json,training,0,0,0,,,,,,,0.0,,
b4d97dd14bcb2d4d0d05bd04928a7e2b,1fad071e.json,training,0,0,0,,,,,,,0.0,,
ca10f9fa3b6c0be47a8f8df216bec019,1fad071e.json,training,0,0,0,,,,,,,0.0,,
e4aad3d62e31d9a813bdab777f2ce7db,1fad071e.json,training,0,0,0,,,,,,,0.0,,
ea1172b7221bde42e6a5235374647630,1fad071e.json,training,0,0,0,,,,,,,0.0,,
f19b058ef0092b8ff31f580c73e9dc51,1fad071e.json,training,0,0,0,,,,,,,0.0,,
f8fe319ac43f53ff18a4b8de15988d23,1fad071e.json,training,0,0,0,,,,,,,0.0,,
0cbcacbe2f68c0e91762f7af0758776d,1fad071e.json,training,0,0,0,,,,,,,0.0,,
6874f0f5ef455246df0a136923086497,1fad071e.json,training,0,0,0,,,,,,,0.0,,
8535b691c896c6d2b410e7ab8529853a,1fad071e.json,training,0,0,0,,,,,,,0.0,,
c4d476d58119fdac1ed7f099e9e1715f,1fad071e.json,training,0,0,0,,,,,,,0.0,,
2e7d5ca3f138d5b3a952654f0b3e405c,1fad071e.json,training,0,0,0,,,,,,,0.0,,
2f31ffc25dd0840a96fc600d5d985a1a,2013d3e2.json,training,0,0,0,,,,,,,0.0,,
59785c8a3b558c1c1d6bc1448c1e4141,2013d3e2.json,training,0,0,0,,,,,,,0.0,,
83bed31e4c57ed16bc89e8a1091f57f5,2013d3e2.json,training,0,0,0,,,,,,,0.0,,
8dff62dfaa224b7f24da273862f6fdcc,2013d3e2.json,training,0,0,0,,,,,,,0.0,,
c08a651efdec0448e032948cd492b2a0,2013d3e2.json,training,1,1,5,1.0,0.0,0.0,5.7435,5.7435,0.0,0.3333333333333333,-0.3333333333333333,0.2
de6bc448f653520d986eec331522c562,2013d3e2.json,training,0,0,0,,,,,,,0.0,,
47d4ec31a159ccf81b6a0926eb8c7fb9,2013d3e2.json,training,0,0,0,,,,,,,0.0,,
e7cef78320f7f1427e67bd4fe91990bf,2013d3e2.json,training,0,0,0,,,,,,,0.0,,
5a53612936c46f1746ed9b2caec28307,2204b7a8.json,training,1,1,9,1.0,0.0,0.0,1.782,1.782,0.0,0.2222222222222222,-0.2222222222222222,0.1111111111111111
e7cef78320f7f1427e67bd4fe91990bf,2204b7a8.json,training,0,0,0,,,,,,,0.0,,
f47cfbec469a34ad28f1694052e266e8,2204b7a8.json,training,0,0,0,,,,,,,0.0,,
83bed31e4c57ed16bc89e8a1091f57f5,22168020.json,training,1,1,14,1.0,0.0,1.0,1.999,0.9990000000000001,0.0,0.3333333333333333,-0.3333333333333333,0.07142857142857142
d5e9343fbc2245690dff714c2986b3f2,22168020.json,training,0,0,0,,,,,,,0.0,,
e7cef78320f7f1427e67bd4fe91990bf,22168020.json,training,2,2,14,1.0,0.0,0.0,1.999,1.999,1.0,0.3333333333333333,0.6666666666666667,0.14285714285714285
83bed31e4c57ed16bc89e8a1091f57f5,22233c11.json,training,46,46,8,1.0,0.0,3.5652173913043477,4.042,0.47678260869565214,0.391304347826087,0.1111111111111111,0.28019323671497587,5.75
e7cef78320f7f1427e67bd4fe91990bf,22233c11.json,training,0,0,0,,,,,,,0.0,,
18a3eb62c5cd13ff308ac299b1f5f0ad,2281f1f4.json,training,0,0,0,,,,,,,0.0,,
25c6a0d1b4c98c74455464daf607273d,2281f1f4.json,training,0,0,0,,,,,,,0.0,,
2780ccc98ed0d1462225fa8fc5409508,2281f1f4.json,training,1,1,25,1.0,0.0,3.0,1.076,-1.924,0.0,0.1111111111111111,-0.1111111111111111,0.04
2b06355cea411af7a6fa212c90eb3c6d,2281f1f4.json,training,0,0,0,,,,,,,0.0,,
2d4e2e1c38a24e0efedc2104ac079efc,2281f1f4.json,training,0,0,0,,,,,,,0.0,,
5a3f3824dd4e1b0ec4df317c010a9343,2281f1f4.json,training,0,0,0,,,,,,,0.0,,
6cefab1ec9368a792cd51554b4187a5d,2281f1f4.json,training,0,0,0,,,,,,,0.0,,
7c3f0d5ec05185be127ab78876395426,2281f1f4.json,training,0,0,0,,,,,,,0.0,,
8b9717aac8bb61039ed58c387e4fa250,2281f1f4.json,training,1,1,25,1.0,0.0,1.0,1.076,0.07600000000000007,1.0,0.1111111111111111,0.8888888888888888,0.04
eba2a92544ddf47684572e689664bec9,2281f1f4.json,training,0,0,0,,,,,,,0.0,,
9a0d9fcb2f0772dd8ac4d42605f1d866,2281f1f4.json,training,0,0,0,,,,,,,0.0,,
bf66a164234034d4709666dc364c8d55,2281f1f4.json,training,0,0,0,,,,,,,0.0,,
18a3eb62c5cd13ff308ac299b1f5f0ad,228f6490.json,training,0,0,0,,,,,,,0.0,,
2780ccc98ed0d1462225fa8fc5409508,228f6490.json,training,1,1,14,1.0,0.0,3.0,1.7095,-1.2905,0.0,0.3333333333333333,-0.3333333333333333,0.07142857142857142
2d4e2e1c38a24e0efedc2104ac079efc,228f6490.json,training,5,5,14,1.0,0.0,2.0,1.7095,-0.2905,1.0,0.3333333333333333,0.6666666666666667,0.35714285714285715
5a3f3824dd4e1b0ec4df317c010a9343,228f6490.json,training,0,0,0,,,,,,,0.0,,
6cefab1ec9368a792cd51554b4187a5d,228f6490.json,training,0,0,0,,,,,,,0.0,,
7c3f0d5ec05185be127ab78876395426,228f6490.json,training,3,3,14,1.0,0.0,2.3333333333333335,1.7095,-0.6238333333333335,0.0,0.3333333333333333,-0.3333333333333333,0.21428571428571427
9a0d9fcb2f0772dd8ac4d42605f1d866,228f6490.json,training,0,0,0,,,,,,,0.0,,
9c5561e0b4a04965e9827c50d369bfb8,228f6490.json,training,0,0,0,,,,,,,0.0,,
bf66a164234034d4709666dc364c8d55,228f6490.json,training,2,2,14,1.0,0.0,0.5,1.7095,1.2095,0.5,0.3333333333333333,0.16666666666666669,0.14285714285714285
eba2a92544ddf47684572e689664bec9,228f6490.json,training,0,0,0,,,,,,,0.0,,
16da963cc002d56a83eb8438e351bf05,228f6490.json,training,0,0,0,,,,,,,0.0,,
8b9717aac8bb61039ed58c387e4fa250,228f6490.json,training,0,0,0,,,,,,,0.0,,
2b06355cea411af7a6fa212c90eb3c6d,228f6490.json,training,0,0,0,,,,,,,0.0,,
069b5bcb5260e313c6c0ca720699b803,22eb0ac0.json,training,47,42,16,1.0,0.0,1.1428571428571428,1.4865,0.34364285714285714,0.0,0.2222222222222222,-0.2222222222222222,2.9375
6d53565351a5368df010a41ee5d5eb77,22eb0ac0.json,training,4,3,16,1.0,0.0,2.0,1.4865,-0.5135000000000001,0.0,0.2222222222222222,-0.2222222222222222,0.25
6f77133003bd360aec42b6f0d34ae75b,22eb0ac0.json,training,1,1,16,1.0,0.0,3.0,1.4865,-1.5135,1.0,0.2222222222222222,0.7777777777777778,0.0625
83bed31e4c57ed16bc89e8a1091f57f5,22eb0ac0.json,training,0,0,0,,,,,,,0.0,,
99820d664927a31792470aa731ee2fa5,22eb0ac0.json,training,0,0,0,,,,,,,0.0,,
c2e51a8b64ca5c5c1efdac73db7bdfbc,22eb0ac0.json,training,0,0,0,,,,,,,0.0,,
222e793daa759b482733882d0a63382f,234bbc79.json,training,0,0,0,,,,,,,0.0,,
9ee1c7c7ec2090914eb1a4d914d515ba,234bbc79.json,training,2,2,14,1.0,0.0,0.0,0.9585,0.9585,1.0,0.5555555555555556,0.4444444444444444,0.14285714285714285
6d53565351a5368df010a41ee5d5eb77,234bbc79.json,training,0,0,0,,,,,,,0.0,,
de6bc448f653520d986eec331522c562,234bbc79.json,training,10,10,14,1.0,0.0,1.0,0.9585,-0.04149999999999998,1.0,0.5555555555555556,0.4444444444444444,0.7142857142857143
59785c8a3b558c1c1d6bc1448c1e4141,234bbc79.json,training,3,3,14,1.0,0.0,1.3333333333333333,0.9585,-0.37483333333333324,1.0,0.5555555555555556,0.4444444444444444,0.21428571428571427
37f84369d15c9cdc41b13b48b92a3e15,23581191.json,training,0,0,0,,,,,,,0.0,,
6f77133003bd360aec42b6f0d34ae75b,23581191.json,training,1,1,30,1.0,0.0,1.0,0.719,-0.281,1.0,0.3333333333333333,0.6666666666666667,0.03333333333333333
c2a5313d1057d8a1683e090124b0c93b,23581191.json,training,0,0,0,,,,,,,0.0,,
d427e8b853550961c44eecd0fee85f70,239be575.json,training,1,0,1,,,,6.105,,,0.1111111111111111,,1.0
5dcd547d78e72c3ba247f5ad9e39768e,239be575.json,training,0,0,0,,,,,,,0.0,,
6d53565351a5368df010a41ee5d5eb77,239be575.json,training,0,0,0,,,,,,,0.0,,
96272dec10d650fcc9002e47bc766a63,239be575.json,training,0,0,0,,,,,,,0.0,,
516d58a8673eb4e139d9b649e5acfbfa,23b5c85d.json,training,0,0,0,,,,,,,0.0,,
6d53565351a5368df010a41ee5d5eb77,23b5c85d.json,training,0,0,0,,,,,,,0.0,,
6f77133003bd360aec42b6f0d34ae75b,23b5c85d.json,training,0,0,0,,,,,,,0.0,,
79c4bc130701b592b83f489ddb155ca2,23b5c85d.json,training,3,1,9,1.0,0.0,12.0,13.4455,1.4454999999999991,1.0,0.1111111111111111,0.8888888888888888,0.3333333333333333
81e120734ebbfa5d2931d013d530ce5d,23b5c85d.json,training,0,0,0,,,,,,,0.0,,
d0b6cd494122137b5e3a615211692d93,23b5c85d.json,training,0,0,0,,,,,,,0.0,,
d427e8b853550961c44eecd0fee85f70,23b5c85d.json,training,0,0,0,,,,,,,0.0,,
d692f427dcd1a02b5b4faa2fd698291b,23b5c85d.json,training,0,0,0,,,,,,,0.0,,
fcaec52804bd12d961cad270ff98c0f3,23b5c85d.json,training,0,0,0,,,,,,,0.0,,
135a83dad9805dd95494b46d28d91996,253bf280.json,training,0,0,0,,,,,,,0.0,,
1f88f07c19a3d6af55bbdf9509bceb19,253bf280.json,training,13,13,14,1.0,0.0,2.1538461538461537,2.594,0.4401538461538461,0.7692307692307693,0.1111111111111111,0.6581196581196582,0.9285714285714286
37f84369d15c9cdc41b13b48b92a3e15,253bf280.json,training,0,0,0,,,,,,,0.0,,
516d58a8673eb4e139d9b649e5acfbfa,253bf280.json,training,0,0,0,,,,,,,0.0,,
e649dd24132828eae8699da5edad4787,253bf280.json,training,3,2,14,1.0,0.0,1.0,2.594,1.5939999999999999,1.0,0.1111111111111111,0.8888888888888888,0.21428571428571427
f5cadb9507cf607a1be966569482aa3a,253bf280.json,training,0,0,0,,,,,,,0.0,,
6d53565351a5368df010a41ee5d5eb77,253bf280.json,training,0,0,0,,,,,,,0.0,,
d427e8b853550961c44eecd0fee85f70,253bf280.json,training,0,0,0,,,,,,,0.0,,
135a83dad9805dd95494b46d28d91996,25d487eb.json,training,0,0,0,,,,,,,0.0,,
d4e72ef608ed61e4881ed4b1d111460d,25d487eb.json,training,3,3,11,1.0,0.0,1.0,3.8085,2.8085,1.0,0.1111111111111111,0.8888888888888888,0.2727272727272727
dc02d170c3a8f681c4e4879219abb7ca,25d487eb.json,training,0,0,0,,,,,,,0.0,,
f8a3212a7896f3ecde9fa4e5a30a8f6e,25d487eb.json,training,0,0,0,,,,,,,0.0,,
1f88f07c19a3d6af55bbdf9509bceb19,25d487eb.json,training,2,2,11,1.0,0.0,1.0,3.8085,2.8085,1.0,0.1111111111111111,0.8888888888888888,0.18181818181818182
36f69f8a49aa27e8678744c752bd328c,25d487eb.json,training,3,3,11,1.0,0.0,3.0,3.8085,0.8085,0.0,0.1111111111111111,-0.1111111111111111,0.2727272727272727
8703165eee6307f2bb919060b698f031,25d487eb.json,training,0,0,0,,,,,,,0.0,,
034ef526357510010f808ffd936adbaa,25d8a9c8.json,training,0,0,0,,,,,,,0.0,,
12f27871246e06146bb8d78afb44162e,25d8a9c8.json,training,0,0,0,,,,,,,0.0,,
1f88f07c19a3d6af55bbdf9509bceb19,25d8a9c8.json,training,0,0,0,,,,,,,0.0,,
de6bc448f653520d986eec331522c562,25d8a9c8.json,training,0,0,0,,,,,,,0.0,,
069b5bcb5260e313c6c0ca720699b803,25ff71a9.json,training,0,0,0,,,,,,,0.0,,
43f22d39ec060a84dd16c116878380c7,25ff71a9.json,training,0,0,0,,,,,,,0.0,,
59785c8a3b558c1c1d6bc1448c1e4141,25ff71a9.json,training,0,0,0,,,,,,,0.0,,
6f77133003bd360aec42b6f0d34ae75b,25ff71a9.json,training,0,0,0,,,,,,,0.0,,
99820d664927a31792470aa731ee2fa5,25ff71a9.json,training,0,0,0,,,,,,,0.0,,
c2e51a8b64ca5c5c1efdac73db7bdfbc,25ff71a9.json,training,0,0,0,,,,,,,0.0,,
d0b6cd494122137b5e3a615211692d93,25ff71a9.json,training,0,0,0,,,,,,,0.0,,
d427e8b853550961c44eecd0fee85f70,25ff71a9.json,training,0,0,0,,,,,,,0.0,,
d4e72ef608ed61e4881ed4b1d111460d,25ff71a9.json,training,0,0,0,,,,,,,0.0,,
de6bc448f653520d986eec331522c562,25ff71a9.json,training,0,0,0,,,,,,,0.0,,
e0ca23fc8608e4415494fa1dccea837c,25ff71a9.json,training,4,1,2,1.0,0.0,2.0,1.3465,-0.6535,1.0,0.2222222222222222,0.7777777777777778,2.0
faad81dd4a698db576d23febbfe9812b,25ff71a9.json,training,0,0,0,,,,,,,0.0,,
e568305e81b5d144161927a72f4db913,25ff71a9.json,training,0,0,0,,,,,,,0.0,,
59e24a2423fa600bc7084a26363a4bf9,264363fd.json,training,3,3,72,1.0,0.0,0.0,4.5145,4.5145,0.0,0.3333333333333333,-0.3333333333333333,0.041666666666666664
d427e8b853550961c44eecd0fee85f70,264363fd.json,training,0,0,0,,,,,,,0.0,,
135a83dad9805dd95494b46d28d91996,264363fd.json,training,0,0,0,,,,,,,0.0,,
d4e72ef608ed61e4881ed4b1d111460d,264363fd.json,training,0,0,0,,,,,,,0.0,,
4498e7fd3e811b883afa98ece42455c1,272f95fa.json,training,0,0,0,,,,,,,0.0,,
7e3feb578c44cbd17312fb7a6443ce3b,272f95fa.json,training,1,1,114,1.0,0.0,0.0,1.1975,1.1975,0.0,0.5555555555555556,-0.5555555555555556,0.008771929824561403
a1726e860b2b9ee81c63be858359d19e,272f95fa.json,training,0,0,0,,,,,,,0.0,,
f076bb4cb6e46d77872910f2120690e4,272f95fa.json,training,0,0,0,,,,,,,0.0,,
181d68f2a1cbd08fd6fff66cd9b4422f,272f95fa.json,training,0,0,0,,,,,,,0.0,,
7b1f4554bd5281b869e2275fc62f5736,272f95fa.json,training,0,0,0,,,,,,,0.0,,
78399f01ef9a11daabacb2d79f62068b,27a28665.json,training,0,0,0,,,,,,,0.0,,
c3e7df97dcf4835ff92bff871e7e4a34,27a28665.json,training,0,0,0,,,,,,,0.0,,
e19a7333c23f83be137a51ec537f9613,27a28665.json,training,1,1,1,1.0,0.0,0.0,2.0465,2.0465,0.0,0.1111111111111111,-0.1111111111111111,1.0
135a83dad9805dd95494b46d28d91996,27a28665.json,training,1,0,1,,,,2.0465,,,0.1111111111111111,,1.0
e50624c58c0db044b7a82f65e89f295d,27a28665.json,training,0,0,0,,,,,,,0.0,,
fcb244a86ddc5371c7c368d001d8cb7a,27a28665.json,training,0,0,0,,,,,,,0.0,,
13e2dd31480ad7d1a2fbd2423c9bf9bf,28bf18c6.json,training,0,0,0,,,,,,,0.0,,
53c90e146ab9fe7554834b5030b269cc,28bf18c6.json,training,0,0,0,,,,,,,0.0,,
8dff62dfaa224b7f24da273862f6fdcc,28bf18c6.json,training,1,0,10,,,,2.9335,,,0.1111111111111111,,0.1
a1ed73544bc9ce777ecbf84a402b407b,28bf18c6.json,training,0,0,0,,,,,,,0.0,,
d0b6cd494122137b5e3a615211692d93,28bf18c6.json,training,1,0,10,,,,2.9335,,,0.1111111111111111,,0.1
d68bb49cc4295990cdae4e394b2ca8ff,28bf18c6.json,training,1,0,10,,,,2.9335,,,0.1111111111111111,,0.1
e568305e81b5d144161927a72f4db913,28bf18c6.json,training,6,5,10,1.0,0.0,4.4,2.9335,-1.4665000000000004,1.0,0.1111111111111111,0.8888888888888888,0.6
135a83dad9805dd95494b46d28d91996,28bf18c6.json,training,5,5,10,1.0,0.0,4.4,2.9335,-1.4665000000000004,1.0,0.1111111111111111,0.8888888888888888,0.5
ceea8483e282f829b9d2d280ffeed286,28bf18c6.json,training,0,0,0,,,,,,,0.0,,
c6b4b18668656e1e0d147eb24209a15d,28e73c20.json,training,3,3,180,1.0,0.0,1.0,0.4505,-0.5495,1.0,0.1111111111111111,0.8888888888888888,0.016666666666666666
c6c5e0e0c07e573cd63c7fad29928e10,28e73c20.json,training,2,2,180,1.0,0.0,1.0,0.4505,-0.5495,1.0,0.1111111111111111,0.8888888888888888,0.011111111111111112
56b32c8c22bbec221d6689e995e194d7,29623171.json,training,0,0,0,,,,,,,0.0,,
d68bb49cc4295990cdae4e394b2ca8ff,29623171.json,training,0,0,0,,,,,,,0.0,,
e20942a7d663d1095023069cd46105ee,29623171.json,training,6,6,22,1.0,0.0,1.0,1.3195,0.3194999999999999,1.0,0.2222222222222222,0.7777777777777778,0.2727272727272727
e97b01b2b6caf817135950e1e81d18b9,29623171.json,training,0,0,0,,,,,,,0.0,,
516d58a8673eb4e139d9b649e5acfbfa,29623171.json,training,0,0,0,,,,,,,0.0,,
a172e2c89719428e69ebc972d3e98e62,29623171.json,training,1,1,22,1.0,0.0,1.0,1.3195,0.3194999999999999,1.0,0.2222222222222222,0.7777777777777778,0.045454545454545456
03a36ced2e0df61cb2f93ced068e83a1,29c11459.json,training,1,1,18,1.0,0.0,0.0,0.7695,0.7695,1.0,0.5555555555555556,0.4444444444444444,0.05555555555555555
1be42830763d3b3880e377b963b5d8bf,29c11459.json,training,0,0,0,,,,,,,0.0,,
26fd7f7aee49ba528d0821d9090b8985,29c11459.json,training,0,0,0,,,,,,,0.0,,
516d58a8673eb4e139d9b649e5acfbfa,29c11459.json,training,0,0,0,,,,,,,0.0,,
56b32c8c22bbec221d6689e995e194d7,29c11459.json,training,0,0,0,,,,,,,0.0,,
5fde4ab8eee63fa6c91654a05319ca6f,29c11459.json,training,0,0,0,,,,,,,0.0,,
8dff62dfaa224b7f24da273862f6fdcc,29c11459.json,training,0,0,0,,,,,,,0.0,,
9d10627e92170e1adcc463f6dcfcb159,29c11459.json,training,0,0,0,,,,,,,0.0,,
d68bb49cc4295990cdae4e394b2ca8ff,29c11459.json,training,0,0,0,,,,,,,0.0,,
ab95782d4e9410ef7f416a3137924b90,29c11459.json,training,0,0,0,,,,,,,0.0,,
c2a5313d1057d8a1683e090124b0c93b,29ec7d0e.json,training,0,0,0,,,,,,,0.0,,
e7c15a924938586444d8b0643c60f288,29ec7d0e.json,training,0,0,0,,,,,,,0.0,,
f4fd2cd945694257d37ccb56521675e2,29ec7d0e.json,training,0,0,0,,,,,,,0.0,,
222e793daa759b482733882d0a63382f,2bcee788.json,training,0,0,0,,,,,,,0.0,,
3c709e4bca3db77f2b9cbac235be2acc,2bcee788.json,training,0,0,0,,,,,,,0.0,,
e1d8dd7b600f5bfadfee6223e3837408,2bcee788.json,training,0,0,0,,,,,,,0.0,,
54ced390b88c7c2e76c1e099b3d1382a,2bee17df.json,training,4,4,63,1.0,0.0,1.0,1.042,0.04200000000000004,0.25,0.1111111111111111,0.1388888888888889,0.06349206349206349
996ac6fbd3e71faf28c16acd5df74b7a,2bee17df.json,training,2,2,63,1.0,0.0,1.0,1.042,0.04200000000000004,1.0,0.1111111111111111,0.8888888888888888,0.031746031746031744
e568305e81b5d144161927a72f4db913,2bee17df.json,training,6,6,63,1.0,0.0,1.1666666666666667,1.042,-0.1246666666666667,1.0,0.1111111111111111,0.8888888888888888,0.09523809523809523
e20942a7d663d1095023069cd46105ee,2bee17df.json,training,38,38,63,1.0,0.0,1.105263157894737,1.042,-0.06326315789473691,1.0,0.1111111111111111,0.8888888888888888,0.6031746031746031
222e793daa759b482733882d0a63382f,2c608aff.json,training,0,0,0,,,,,,,0.0,,
a172e2c89719428e69ebc972d3e98e62,2c608aff.json,training,7,7,18,1.0,0.0,2.2857142857142856,3.9175,1.6317857142857144,0.8571428571428571,0.1111111111111111,0.746031746031746,0.3888888888888889
45107ae113142d97e8a1d4bc7f469a83,2c608aff.json,training,0,0,0,,,,,,,0.0,,
9ee1c7c7ec2090914eb1a4d914d515ba,2c608aff.json,training,9,9,18,1.0,0.0,2.0,3.9175,1.9175,0.5555555555555556,0.1111111111111111,0.4444444444444445,0.5
d68bb49cc4295990cdae4e394b2ca8ff,2c608aff.json,training,0,0,0,,,,,,,0.0,,
45107ae113142d97e8a1d4bc7f469a83,2dc579da.json,training,0,0,0,,,,,,,0.0,,
54ced390b88c7c2e76c1e099b3d1382a,2dc579da.json,training,0,0,0,,,,,,,0.0,,
99820d664927a31792470aa731ee2fa5,2dc579da.json,training,1,1,1,1.0,0.0,3.0,9.1665,6.166499999999999,1.0,0.1111111111111111,0.8888888888888888,1.0
c2e51a8b64ca5c5c1efdac73db7bdfbc,2dc579da.json,training,0,0,0,,,,,,,0.0,,
d68bb49cc4295990cdae4e394b2ca8ff,2dc579da.json,training,1,1,1,1.0,0.0,2.0,9.1665,7.166499999999999,1.0,0.1111111111111111,0.8888888888888888,1.0
f3402542961fb57e5873ec55ea226651,2dc579da.json,training,1,0,1,,,,9.1665,,,0.1111111111111111,,1.0
26fd7f7aee49ba528d0821d9090b8985,2dc579da.json,training,0,0,0,,,,,,,0.0,,
2b51f7c49cad5753db361b45f3060e2b,2dd70a9a.json,training,1,1,12,1.0,0.0,1.0,3.7,2.7,1.0,0.1111111111111111,0.8888888888888888,0.08333333333333333
45107ae113142d97e8a1d4bc7f469a83,2dd70a9a.json,training,1,1,12,1.0,0.0,1.0,3.7,2.7,1.0,0.1111111111111111,0.8888888888888888,0.08333333333333333
693771d5c031e573c3ddb06529d985c0,2dd70a9a.json,training,0,0,0,,,,,,,0.0,,
6ce74c0a4794b6f332b4e0c200cd5fff,2dd70a9a.json,training,2,2,12,1.0,0.0,5.5,3.7,-1.7999999999999998,0.0,0.1111111111111111,-0.1111111111111111,0.16666666666666666
da1b576b3e719bb309d7c2591a2fdded,2dd70a9a.json,training,0,0,0,,,,,,,0.0,,
f659e49b6e0a3f73ca70a8dcda4a94cc,2dd70a9a.json,training,0,0,0,,,,,,,0.0,,
c0841ccd8b2c5b64b36888e79697cb1a,2dd70a9a.json,training,0,0,0,,,,,,,0.0,,
f3402542961fb57e5873ec55ea226651,2dd70a9a.json,training,0,0,0,,,,,,,0.0,,
59e36641c3391529505bdf7af902cec0,2dd70a9a.json,training,0,0,0,,,,,,,0.0,,
45107ae113142d97e8a1d4bc7f469a83,2dee498d.json,training,1,1,0,1.0,0.0,,,,0.0,0.0,0.0,
59e36641c3391529505bdf7af902cec0,2dee498d.json,training,0,0,0,,,,,,,0.0,,
5fde4ab8eee63fa6c91654a05319ca6f,2dee498d.json,training,3,2,0,1.0,0.0,,,,0.0,0.0,0.0,
6ce74c0a4794b6f332b4e0c200cd5fff,2dee498d.json,training,0,0,0,,,,,,,0.0,,
7e3feb578c44cbd17312fb7a6443ce3b,2dee498d.json,training,0,0,0,,,,,,,0.0,,
a172e2c89719428e69ebc972d3e98e62,2dee498d.json,training,3,3,0,1.0,0.0,,,,0.0,0.0,0.0,
a938ac4a5d85ac41cf620a1ce6041488,2dee498d.json,training,1,0,0,,,,,,,0.0,,
dc02d170c3a8f681c4e4879219abb7ca,2dee498d.json,training,0,0,0,,,,,,,0.0,,
e0ca23fc8608e4415494fa1dccea837c,2dee498d.json,training,4,1,0,1.0,0.0,,,,0.0,0.0,0.0,
efe9ce9869ede985a278d211b5fea1cf,2dee498d.json,training,0,0,0,,,,,,,0.0,,
f3402542961fb57e5873ec55ea226651,2dee498d.json,training,0,0,0,,,,,,,0.0,,
f8a3212a7896f3ecde9fa4e5a30a8f6e,2dee498d.json,training,0,0,0,,,,,,,0.0,,
54ced390b88c7c2e76c1e099b3d1382a,2dee498d.json,training,1,1,0,0.0,1.0,,,,0.0,0.0,0.0,
e26808768ab851eacb64c9b8e97fe99a,2dee498d.json,training,0,0,0,,,,,,,0.0,,
16da963cc002d56a83eb8438e351bf05,31aa019c.json,training,2,2,37,1.0,0.0,0.0,0.864,0.864,1.0,0.2222222222222222,0.7777777777777778,0.05405405405405406
18a3eb62c5cd13ff308ac299b1f5f0ad,31aa019c.json,training,0,0,0,,,,,,,0.0,,
5a3f3824dd4e1b0ec4df317c010a9343,31aa019c.json,training,0,0,0,,,,,,,0.0,,
6cefab1ec9368a792cd51554b4187a5d,31aa019c.json,training,0,0,0,,,,,,,0.0,,
7c3f0d5ec05185be127ab78876395426,31aa019c.json,training,0,0,0,,,,,,,0.0,,
8b9717aac8bb61039ed58c387e4fa250,31aa019c.json,training,0,0,0,,,,,,,0.0,,
9a0d9fcb2f0772dd8ac4d42605f1d866,31aa019c.json,training,2,2,37,1.0,0.0,0.0,0.864,0.864,1.0,0.2222222222222222,0.7777777777777778,0.05405405405405406
b0b57f34f75c4b922e70f7e4a0b4ab94,31aa019c.json,training,2,2,37,1.0,0.0,0.0,0.864,0.864,1.0,0.2222222222222222,0.7777777777777778,0.05405405405405406
b9d3dceebe1c4fd1f649004aa37859ef,31aa019c.json,training,0,0,0,,,,,,,0.0,,
bf66a164234034d4709666dc364c8d55,31aa019c.json,training,0,0,0,,,,,,,0.0,,
eba2a92544ddf47684572e689664bec9,31aa019c.json,training,2,2,37,1.0,0.0,0.0,0.864,0.864,1.0,0.2222222222222222,0.7777777777777778,0.05405405405405406
2780ccc98ed0d1462225fa8fc5409508,31aa019c.json,training,0,0,0,,,,,,,0.0,,
2d4e2e1c38a24e0efedc2104ac079efc,31aa019c.json,training,0,0,0,,,,,,,0.0,,
9c5561e0b4a04965e9827c50d369bfb8,31aa019c.json,training,2,2,37,1.0,0.0,0.0,0.864,0.864,0.5,0.2222222222222222,0.2777777777777778,0.05405405405405406
26fd7f7aee49ba528d0821d9090b8985,321b1fc6.json,training,9,9,28,1.0,0.0,0.0,1.162,1.162,1.0,0.3333333333333333,0.6666666666666667,0.32142857142857145
45107ae113142d97e8a1d4bc7f469a83,321b1fc6.json,training,0,0,0,,,,,,,0.0,,
54ced390b88c7c2e76c1e099b3d1382a,321b1fc6.json,training,14,14,28,1.0,0.0,0.14285714285714285,1.162,1.0191428571428571,1.0,0.3333333333333333,0.6666666666666667,0.5
67f8aa504c4b4719a6da42e55f10a2ea,321b1fc6.json,training,3,3,28,1.0,0.0,0.0,1.162,1.162,1.0,0.3333333333333333,0.6666666666666667,0.10714285714285714
6ce74c0a4794b6f332b4e0c200cd5fff,321b1fc6.json,training,0,0,0,,,,,,,0.0,,
940324016ade90e6765a2aa730ba9b1a,321b1fc6.json,training,0,0,0,,,,,,,0.0,,
e26808768ab851eacb64c9b8e97fe99a,321b1fc6.json,training,0,0,0,,,,,,,0.0,,
f3402542961fb57e5873ec55ea226651,321b1fc6.json,training,0,0,0,,,,,,,0.0,,
59e36641c3391529505bdf7af902cec0,321b1fc6.json,training,0,0,0,,,,,,,0.0,,
a938ac4a5d85ac41cf620a1ce6041488,321b1fc6.json,training,0,0,0,,,,,,,0.0,,
3e61ddde750392e26f447d58ca939979,321b1fc6.json,training,4,4,28,1.0,0.0,0.0,1.162,1.162,1.0,0.3333333333333333,0.6666666666666667,0.14285714285714285
36f69f8a49aa27e8678744c752bd328c,32597951.json,training,0,0,0,,,,,,,0.0,,
6ce74c0a4794b6f332b4e0c200cd5fff,32597951.json,training,1,1,8,1.0,0.0,2.0,7.049,5.049,1.0,0.1111111111111111,0.8888888888888888,0.125
a938ac4a5d85ac41cf620a1ce6041488,32597951.json,training,0,0,0,,,,,,,0.0,,
e7c15a924938586444d8b0643c60f288,32597951.json,training,0,0,0,,,,,,,0.0,,
f3402542961fb57e5873ec55ea226651,32597951.json,training,0,0,0,,,,,,,0.0,,
f7aab0ad3f11018bb9e936dee279af55,32597951.json,training,0,0,0,,,,,,,0.0,,
4da8c339a3469b1bd33f0bc3ebeeec33,32597951.json,training,0,0,0,,,,,,,0.0,,
c2a5313d1057d8a1683e090124b0c93b,32597951.json,training,0,0,0,,,,,,,0.0,,
e26808768ab851eacb64c9b8e97fe99a,32597951.json,training,0,0,0,,,,,,,0.0,,
f4fd2cd945694257d37ccb56521675e2,32597951.json,training,1,1,8,1.0,0.0,1.0,7.049,6.049,1.0,0.1111111111111111,0.8888888888888888,0.125
13e2dd31480ad7d1a2fbd2423c9bf9bf,3345333e.json,training,2,2,20,1.0,0.0,0.0,5.113,5.113,1.0,0.2222222222222222,0.7777777777777778,0.1
74e0343583874dca3876286177040eba,3345333e.json,training,9,9,20,1.0,0.0,0.0,5.113,5.113,1.0,0.2222222222222222,0.7777777777777778,0.45
78399f01ef9a11daabacb2d79f62068b,3345333e.json,training,1,1,20,1.0,0.0,0.0,5.113,5.113,1.0,0.2222222222222222,0.7777777777777778,0.05
95ff15b5fe14938f30074abf710314b5,3345333e.json,training,0,0,0,,,,,,,0.0,,
aad2c72c4cd6813a84d879f68572cfb3,3345333e.json,training,9,9,20,1.0,0.0,0.0,5.113,5.113,1.0,0.2222222222222222,0.7777777777777778,0.45
d9371b8b280cc7811af6185e3153771b,3345333e.json,training,0,0,0,,,,,,,0.0,,
a938ac4a5d85ac41cf620a1ce6041488,3345333e.json,training,0,0,0,,,,,,,0.0,,
bd813833015d8322f53e9fa3321c6526,3345333e.json,training,0,0,0,,,,,,,0.0,,
e26808768ab851eacb64c9b8e97fe99a,3345333e.json,training,0,0,0,,,,,,,0.0,,
c7f8f6ce9884ce3a74d12a7a31f6ec6e,3428a4f5.json,training,0,0,0,,,,,,,0.0,,
11c876c67792c0c6bededc0c87e5b900,3618c87e.json,training,0,0,0,,,,,,,0.0,,
12f9d23e3cd30b9b3f8e9ee67f824814,3618c87e.json,training,0,0,0,,,,,,,0.0,,
2f31ffc25dd0840a96fc600d5d985a1a,3618c87e.json,training,0,0,0,,,,,,,0.0,,
47d4ec31a159ccf81b6a0926eb8c7fb9,3618c87e.json,training,0,0,0,,,,,,,0.0,,
74e0343583874dca3876286177040eba,3618c87e.json,training,0,0,0,,,,,,,0.0,,
78399f01ef9a11daabacb2d79f62068b,3618c87e.json,training,0,0,0,,,,,,,0.0,,
bd813833015d8322f53e9fa3321c6526,3618c87e.json,training,0,0,0,,,,,,,0.0,,
e13f835cab765619a96c578f3fa3eca6,3631a71a.json,training,9,9,82,1.0,0.0,0.4444444444444444,7.123,6.678555555555556,1.0,0.7777777777777778,0.2222222222222222,0.10975609756097561
104e63de43442ce89c5839f8712b6583,363442ee.json,training,0,0,0,,,,,,,0.0,,
74e0343583874dca3876286177040eba,363442ee.json,training,0,0,0,,,,,,,0.0,,
9d32dba2ba32bf13bb4b71bc7d174da4,363442ee.json,training,0,0,0,,,,,,,0.0,,
bd813833015d8322f53e9fa3321c6526,363442ee.json,training,0,0,0,,,,,,,0.0,,
48994222818d3cd44733034d7fa60c67,363442ee.json,training,0,0,0,,,,,,,0.0,,
11c876c67792c0c6bededc0c87e5b900,36d67576.json,training,0,0,0,,,,,,,0.0,,
74e0343583874dca3876286177040eba,36d67576.json,training,0,0,0,,,,,,,0.0,,
808d828037e92415806c19d6a0261778,36d67576.json,training,0,0,0,,,,,,,0.0,,
996ac6fbd3e71faf28c16acd5df74b7a,36d67576.json,training,5,5,12,1.0,0.0,1.0,3.9805,2.9805,0.0,0.2222222222222222,-0.2222222222222222,0.4166666666666667
a9fd2523f8aab42fab3d623ac7895165,36fdfd69.json,training,1,1,14,1.0,0.0,0.0,4.306,4.306,0.0,0.1111111111111111,-0.1111111111111111,0.07142857142857142
bd813833015d8322f53e9fa3321c6526,36fdfd69.json,training,2,2,14,1.0,0.0,1.0,4.306,3.306,0.5,0.1111111111111111,0.3888888888888889,0.14285714285714285
dd55f7f830586bcacfca0489ba65e224,36fdfd69.json,training,0,0,0,,,,,,,0.0,,
11c876c67792c0c6bededc0c87e5b900,3906de3d.json,training,9,9,24,1.0,0.0,0.8888888888888888,1.188,0.2991111111111111,0.0,0.2222222222222222,-0.2222222222222222,0.375
12f9d23e3cd30b9b3f8e9ee67f824814,3906de3d.json,training,0,0,0,,,,,,,0.0,,
181d68f2a1cbd08fd6fff66cd9b4422f,3906de3d.json,training,1,1,24,1.0,0.0,0.0,1.188,1.188,0.0,0.2222222222222222,-0.2222222222222222,0.041666666666666664
ae76f1633f50b15667524d3762e457de,3906de3d.json,training,8,8,24,1.0,0.0,1.875,1.188,-0.687,1.0,0.2222222222222222,0.7777777777777778,0.3333333333333333
066ab036824d647d6164a0705f9eb311,3906de3d.json,training,0,0,0,,,,,,,0.0,,
82d2bfdc33f904063c2049097dc4c3c5,3906de3d.json,training,0,0,0,,,,,,,0.0,,
16da963cc002d56a83eb8438e351bf05,39a8645d.json,training,0,0,0,,,,,,,0.0,,
18a3eb62c5cd13ff308ac299b1f5f0ad,39a8645d.json,training,0,0,0,,,,,,,0.0,,
25c6a0d1b4c98c74455464daf607273d,39a8645d.json,training,0,0,0,,,,,,,0.0,,
2780ccc98ed0d1462225fa8fc5409508,39a8645d.json,training,0,0,0,,,,,,,0.0,,
2d4e2e1c38a24e0efedc2104ac079efc,39a8645d.json,training,0,0,0,,,,,,,0.0,,
3a51fb2241834d80cd557f6649157744,39a8645d.json,training,0,0,0,,,,,,,0.0,,
5a3f3824dd4e1b0ec4df317c010a9343,39a8645d.json,training,0,0,0,,,,,,,0.0,,
7c3f0d5ec05185be127ab78876395426,39a8645d.json,training,0,0,0,,,,,,,0.0,,
8b9717aac8bb61039ed58c387e4fa250,39a8645d.json,training,2,0,6,,,,10.331,,,0.1111111111111111,,0.3333333333333333
9c5561e0b4a04965e9827c50d369bfb8,39a8645d.json,training,0,0,0,,,,,,,0.0,,
b0b57f34f75c4b922e70f7e4a0b4ab94,39a8645d.json,training,0,0,0,,,,,,,0.0,,
b9d3dceebe1c4fd1f649004aa37859ef,39a8645d.json,training,0,0,0,,,,,,,0.0,,
eba2a92544ddf47684572e689664bec9,39a8645d.json,training,34,34,6,1.0,0.0,11.058823529411764,10.331,-0.727823529411765,0.0,0.1111111111111111,-0.1111111111111111,5.666666666666667
f52e60932613eae87a17b9d58bbc3e4c,39a8645d.json,training,0,0,0,,,,,,,0.0,,
cadd12df9bd49b9d5b908816b0551da2,39e1d7f9.json,training,0,0,0,,,,,,,0.0,,
e13f835cab765619a96c578f3fa3eca6,39e1d7f9.json,training,0,0,0,,,,,,,0.0,,
fcaec52804bd12d961cad270ff98c0f3,39e1d7f9.json,training,0,0,0,,,,,,,0.0,,
ffbb0029213d80cec7a1319f2ff3da4b,39e1d7f9.json,training,0,0,0,,,,,,,0.0,,
16da963cc002d56a83eb8438e351bf05,3aa6fb7a.json,training,0,0,0,,,,,,,0.0,,
18a3eb62c5cd13ff308ac299b1f5f0ad,3aa6fb7a.json,training,0,0,0,,,,,,,0.0,,
25c6a0d1b4c98c74455464daf607273d,3aa6fb7a.json,training,0,0,0,,,,,,,0.0,,
2780ccc98ed0d1462225fa8fc5409508,3aa6fb7a.json,training,3,3,4,1.0,0.0,1.0,1.8945,0.8945000000000001,0.0,0.1111111111111111,-0.1111111111111111,0.75
2d4e2e1c38a24e0efedc2104ac079efc,3aa6fb7a.json,training,0,0,0,,,,,,,0.0,,
3a51fb2241834d80cd557f6649157744,3aa6fb7a.json,training,0,0,0,,,,,,,0.0,,
5a3f3824dd4e1b0ec4df317c010a9343,3aa6fb7a.json,training,0,0,0,,,,,,,0.0,,
8b9717aac8bb61039ed58c387e4fa250,3aa6fb7a.json,training,2,2,4,1.0,0.0,1.0,1.8945,0.8945000000000001,0.0,0.1111111111111111,-0.1111111111111111,0.5
9a0d9fcb2f0772dd8ac4d42605f1d866,3aa6fb7a.json,training,0,0,0,,,,,,,0.0,,
9c5561e0b4a04965e9827c50d369bfb8,3aa6fb7a.json,training,0,0,0,,,,,,,0.0,,
b0b57f34f75c4b922e70f7e4a0b4ab94,3aa6fb7a.json,training,0,0,0,,,,,,,0.0,,
b9d3dceebe1c4fd1f649004aa37859ef,3aa6fb7a.json,training,0,0,0,,,,,,,0.0,,
eba2a92544ddf47684572e689664bec9,3aa6fb7a.json,training,0,0,0,,,,,,,0.0,,
f52e60932613eae87a17b9d58bbc3e4c,3aa6fb7a.json,training,0,0,0,,,,,,,0.0,,
12f9d23e3cd30b9b3f8e9ee67f824814,3ac3eb23.json,training,1,0,24,,,,0.809,,,0.3333333333333333,,0.041666666666666664
55acab6561e513481ecd71a9e0b9fd3a,3ac3eb23.json,training,0,0,0,,,,,,,0.0,,
cffcb46b42ef51ff16b487391d2ae2ba,3ac3eb23.json,training,1,1,24,1.0,0.0,1.0,0.809,-0.19099999999999995,1.0,0.3333333333333333,0.6666666666666667,0.041666666666666664
dd0924ce10d6d0ea702335d1ddce2e4b,3ac3eb23.json,training,1,1,24,1.0,0.0,0.0,0.809,0.809,1.0,0.3333333333333333,0.6666666666666667,0.041666666666666664
e6210f1ee7117b9150301badf4abb2b5,3ac3eb23.json,training,0,0,0,,,,,,,0.0,,
e6f7e9fc0c780921eb4b746e269ab07b,3ac3eb23.json,training,0,0,0,,,,,,,0.0,,
fa0c6503fa67b4fa104e76600499d70a,3ac3eb23.json,training,1,1,24,1.0,0.0,2.0,0.809,-1.1909999999999998,1.0,0.3333333333333333,0.6666666666666667,0.041666666666666664
1a3e36c59bdf2307e4133574eb601345,3af2c5a8.json,training,0,0,0,,,,,,,0.0,,
2c730cf378fa751e079a8582beab9ad7,3af2c5a8.json,training,8,7,36,1.0,0.0,0.0,0.3955,0.3955,1.0,0.2222222222222222,0.7777777777777778,0.2222222222222222
34f7e4efcb37ae73f626d6a331b50cc1,3af2c5a8.json,training,0,0,0,,,,,,,0.0,,
4affd3ef9a848d16093358ca301886e6,3af2c5a8.json,training,1,1,36,1.0,0.0,1.0,0.3955,-0.6045,1.0,0.2222222222222222,0.7777777777777778,0.027777777777777776
5106f81a3451091e5b4732254e974268,3af2c5a8.json,training,1,1,36,1.0,0.0,1.0,0.3955,-0.6045,1.0,0.2222222222222222,0.7777777777777778,0.027777777777777776
5d83a52178e710721682244db8e23eb6,3af2c5a8.json,training,0,0,0,,,,,,,0.0,,
97da5a6d4139e31e47e05fbc5f7f799c,3af2c5a8.json,training,2,2,36,1.0,0.0,0.0,0.3955,0.3955,1.0,0.2222222222222222,0.7777777777777778,0.05555555555555555
a0f38b9a45451557246895e3d404e584,3af2c5a8.json,training,0,0,0,,,,,,,0.0,,
ac8d7e981b3e6bdefa2b1fe14203fb19,3af2c5a8.json,training,2,2,36,1.0,0.0,0.0,0.3955,0.3955,1.0,0.2222222222222222,0.7777777777777778,0.05555555555555555
b4d97dd14bcb2d4d0d05bd04928a7e2b,3af2c5a8.json,training,3,3,36,1.0,0.0,0.0,0.3955,0.3955,1.0,0.2222222222222222,0.7777777777777778,0.08333333333333333
c4d476d58119fdac1ed7f099e9e1715f,3af2c5a8.json,training,0,0,0,,,,,,,0.0,,
ca10f9fa3b6c0be47a8f8df216bec019,3af2c5a8.json,training,1,1,36,1.0,0.0,0.0,0.3955,0.3955,1.0,0.2222222222222222,0.7777777777777778,0.027777777777777776
e4aad3d62e31d9a813bdab777f2ce7db,3af2c5a8.json,training,0,0,0,,,,,,,0.0,,
f19b058ef0092b8ff31f580c73e9dc51,3af2c5a8.json,training,0,0,0,,,,,,,0.0,,
f8fe319ac43f53ff18a4b8de15988d23,3af2c5a8.json,training,4,3,36,1.0,0.0,0.0,0.3955,0.3955,1.0,0.2222222222222222,0.7777777777777778,0.1111111111111111
2f3c34f6804cc1410db866e589d5c3dc,3af2c5a8.json,training,2,2,36,1.0,0.0,0.0,0.3955,0.3955,1.0,0.2222222222222222,0.7777777777777778,0.05555555555555555
a2c073e4409210c5b6b79573b6ceedd4,3af2c5a8.json,training,2,2,36,1.0,0.0,0.0,0.3955,0.3955,1.0,0.2222222222222222,0.7777777777777778,0.05555555555555555
ea1172b7221bde42e6a5235374647630,3af2c5a8.json,training,0,0,0,,,,,,,0.0,,
0017a2904e34497d578228a0912f2367,3af2c5a8.json,training,0,0,0,,,,,,,0.0,,
8a6618e02b27c51ec7af66e0482f9598,3af2c5a8.json,training,0,0,0,,,,,,,0.0,,
e50624c58c0db044b7a82f65e89f295d,3bd67248.json,training,0,0,0,,,,,,,0.0,,
fcb244a86ddc5371c7c368d001d8cb7a,3bd67248.json,training,8,8,18,1.0,0.0,0.875,2.3845,1.5095,0.875,0.2222222222222222,0.6527777777777778,0.4444444444444444
dc02d170c3a8f681c4e4879219abb7ca,3bdb4ada.json,training,2,2,11,1.0,0.0,1.0,3.1935,2.1935,1.0,0.1111111111111111,0.8888888888888888,0.18181818181818182
e6f7e9fc0c780921eb4b746e269ab07b,3bdb4ada.json,training,0,0,0,,,,,,,0.0,,
f7aab0ad3f11018bb9e936dee279af55,3bdb4ada.json,training,0,0,0,,,,,,,0.0,,
30bd0cfca0e1eb1fdd3e5daee30e8c15,3bdb4ada.json,training,0,0,0,,,,,,,0.0,,
4498e7fd3e811b883afa98ece42455c1,3befdf3e.json,training,0,0,0,,,,,,,0.0,,
e391262ee27772f4b67744d5f902ae9f,3befdf3e.json,training,0,0,0,,,,,,,0.0,,
e5668c80c36691fee6f46ee5f8ce2061,3befdf3e.json,training,36,36,69,1.0,0.0,0.0,1.163,1.163,1.0,0.2222222222222222,0.7777777777777778,0.5217391304347826
949eaa38160b821a8f34d8eb4a7c1058,3befdf3e.json,training,0,0,0,,,,,,,0.0,,
f1a97fbdf77fb8b3405e227a737ea73e,3befdf3e.json,training,0,0,0,,,,,,,0.0,,
54ced390b88c7c2e76c1e099b3d1382a,3c9b0459.json,training,0,0,0,,,,,,,0.0,,
949eaa38160b821a8f34d8eb4a7c1058,3c9b0459.json,training,6,6,6,1.0,0.0,0.5,0.3305,-0.16949999999999998,1.0,0.3333333333333333,0.6666666666666667,1.0
a1ed73544bc9ce777ecbf84a402b407b,3c9b0459.json,training,0,0,0,,,,,,,0.0,,
bbe2335915c004fafb438f32c4d352ef,3c9b0459.json,training,0,0,0,,,,,,,0.0,,
cffcb46b42ef51ff16b487391d2ae2ba,3c9b0459.json,training,0,0,0,,,,,,,0.0,,
5a53612936c46f1746ed9b2caec28307,3de23699.json,training,0,0,0,,,,,,,0.0,,
8703165eee6307f2bb919060b698f031,3de23699.json,training,0,0,0,,,,,,,0.0,,
8f924cd27f7edf45e995bafff06b046c,3de23699.json,training,0,0,0,,,,,,,0.0,,
f47cfbec469a34ad28f1694052e266e8,3de23699.json,training,0,0,0,,,,,,,0.0,,
8703165eee6307f2bb919060b698f031,3e980e27.json,training,4,4,18,1.0,0.0,2.75,2.503,-0.2469999999999999,1.0,0.2222222222222222,0.7777777777777778,0.2222222222222222
dc02d170c3a8f681c4e4879219abb7ca,3e980e27.json,training,0,0,0,,,,,,,0.0,,
a956bff874d6e55df6817b02baf6ae1f,3e980e27.json,training,0,0,0,,,,,,,0.0,,
069b5bcb5260e313c6c0ca720699b803,3eda0437.json,training,1,1,9,1.0,0.0,1.0,9.1545,8.1545,1.0,0.1111111111111111,0.8888888888888888,0.1111111111111111
4082ad6cf383feffa260b951ab2596a6,3eda0437.json,training,0,0,0,,,,,,,0.0,,
736a8982ca05b0d998bdac92c7082541,3eda0437.json,training,0,0,0,,,,,,,0.0,,
8f924cd27f7edf45e995bafff06b046c,3eda0437.json,training,0,0,0,,,,,,,0.0,,
e20942a7d663d1095023069cd46105ee,3eda0437.json,training,0,0,0,,,,,,,0.0,,
c2e51a8b64ca5c5c1efdac73db7bdfbc,3eda0437.json,training,0,0,0,,,,,,,0.0,,
034ef526357510010f808ffd936adbaa,3f7978a0.json,training,0,0,0,,,,,,,0.0,,
0bec935fe961c9d91094854eae249ec5,3f7978a0.json,training,28,27,14,1.0,0.0,3.5185185185185186,4.789,1.270481481481481,1.0,0.3333333333333333,0.6666666666666667,2.0
12f27871246e06146bb8d78afb44162e,3f7978a0.json,training,1,1,14,1.0,0.0,0.0,4.789,4.789,1.0,0.3333333333333333,0.6666666666666667,0.07142857142857142
81e120734ebbfa5d2931d013d530ce5d,3f7978a0.json,training,0,0,0,,,,,,,0.0,,
881ce8318e980e526e22b219d83ebd23,3f7978a0.json,training,3,2,14,1.0,0.0,1.0,4.789,3.7889999999999997,1.0,0.3333333333333333,0.6666666666666667,0.21428571428571427
8f924cd27f7edf45e995bafff06b046c,3f7978a0.json,training,0,0,0,,,,,,,0.0,,
a1ed73544bc9ce777ecbf84a402b407b,3f7978a0.json,training,0,0,0,,,,,,,0.0,,
fa0c6503fa67b4fa104e76600499d70a,3f7978a0.json,training,2,1,14,1.0,0.0,0.0,4.789,4.789,1.0,0.3333333333333333,0.6666666666666667,0.14285714285714285
37f84369d15c9cdc41b13b48b92a3e15,40853293.json,training,1,1,43,1.0,0.0,1.0,2.867,1.867,0.0,0.5555555555555556,-0.5555555555555556,0.023255813953488372
8f924cd27f7edf45e995bafff06b046c,40853293.json,training,0,0,0,,,,,,,0.0,,
f5cadb9507cf607a1be966569482aa3a,40853293.json,training,7,7,43,1.0,0.0,0.5714285714285714,2.867,2.295571428571429,1.0,0.5555555555555556,0.4444444444444444,0.16279069767441862
3e61ddde750392e26f447d58ca939979,40853293.json,training,0,0,0,,,,,,,0.0,,
881ce8318e980e526e22b219d83ebd23,40853293.json,training,1,1,43,1.0,0.0,1.0,2.867,1.867,1.0,0.5555555555555556,0.4444444444444444,0.023255813953488372
14029d6d9faad3a8d5d66ebad48dcd8c,4093f84a.json,training,0,0,0,,,,,,,0.0,,
25c479b3a670f80770242190d6b0a1a8,4093f84a.json,training,0,0,0,,,,,,,0.0,,
396ef5237c25b235f3753aa5b55c3cb6,4093f84a.json,training,0,0,0,,,,,,,0.0,,
dd5a847778be2594fe617eb1965fe9e3,4093f84a.json,training,0,0,0,,,,,,,0.0,,
dda10b01506628ed6b3e938cff424852,4093f84a.json,training,0,0,0,,,,,,,0.0,,
0bec935fe961c9d91094854eae249ec5,4093f84a.json,training,21,21,18,1.0,0.0,1.8571428571428572,1.94,0.08285714285714274,1.0,0.2222222222222222,0.7777777777777778,1.1666666666666667
12f9d23e3cd30b9b3f8e9ee67f824814,4093f84a.json,training,14,14,18,1.0,0.0,1.4285714285714286,1.94,0.5114285714285713,1.0,0.2222222222222222,0.7777777777777778,0.7777777777777778
2b51f7c49cad5753db361b45f3060e2b,41e4d17e.json,training,2,2,48,1.0,0.0,1.0,1.3815,0.38149999999999995,1.0,0.1111111111111111,0.8888888888888888,0.041666666666666664
81e120734ebbfa5d2931d013d530ce5d,41e4d17e.json,training,1,1,48,1.0,0.0,1.0,1.3815,0.38149999999999995,1.0,0.1111111111111111,0.8888888888888888,0.020833333333333332
da1b576b3e719bb309d7c2591a2fdded,41e4d17e.json,training,18,18,48,1.0,0.0,1.0,1.3815,0.38149999999999995,0.8888888888888888,0.1111111111111111,0.7777777777777777,0.375
f659e49b6e0a3f73ca70a8dcda4a94cc,41e4d17e.json,training,0,0,0,,,,,,,0.0,,
3e61ddde750392e26f447d58ca939979,41e4d17e.json,training,0,0,0,,,,,,,0.0,,
c0841ccd8b2c5b64b36888e79697cb1a,41e4d17e.json,training,0,0,0,,,,,,,0.0,,
1f21284a2220c54c041cbeed539a28f1,4258a5f9.json,training,0,0,0,,,,,,,0.0,,
2f31ffc25dd0840a96fc600d5d985a1a,4258a5f9.json,training,0,0,0,,,,,,,0.0,,
47d4ec31a159ccf81b6a0926eb8c7fb9,4258a5f9.json,training,0,0,0,,,,,,,0.0,,
b45f198d54804113935eee8d2ad37f76,4258a5f9.json,training,0,0,0,,,,,,,0.0,,
faad81dd4a698db576d23febbfe9812b,4258a5f9.json,training,1,1,40,1.0,0.0,1.0,0.6095,-0.39049999999999996,1.0,0.1111111111111111,0.8888888888888888,0.025
021ad507747f3ad21be4d68af04963d8,42a50994.json,training,0,0,0,,,,,,,0.0,,
bb2402c842bdb4f8ef50c17cfe05996f,42a50994.json,training,0,0,0,,,,,,,0.0,,
c56ed75dce39b4d33a0a152df00bab7b,42a50994.json,training,0,0,0,,,,,,,0.0,,
dc02d170c3a8f681c4e4879219abb7ca,42a50994.json,training,0,0,0,,,,,,,0.0,,
e6210f1ee7117b9150301badf4abb2b5,42a50994.json,training,0,0,0,,,,,,,0.0,,
e6f7e9fc0c780921eb4b746e269ab07b,42a50994.json,training,2,2,12,1.0,0.0,4.0,2.811,-1.189,0.0,0.1111111111111111,-0.1111111111111111,0.16666666666666666
fa0c6503fa67b4fa104e76600499d70a,42a50994.json,training,1,1,12,1.0,0.0,4.0,2.811,-1.189,0.0,0.1111111111111111,-0.1111111111111111,0.08333333333333333
7128284d1b7e5361bcfcc07ad78af861,42a50994.json,training,0,0,0,,,,,,,0.0,,
cc9f009845ae997eb4d868541933ce9a,42a50994.json,training,0,0,0,,,,,,,0.0,,
d2443ffe1b7d9dda83c4a36a8c53249c,42a50994.json,training,0,0,0,,,,,,,0.0,,
e6b45b21877b8791f9279479d257be55,42a50994.json,training,0,0,0,,,,,,,0.0,,
021ad507747f3ad21be4d68af04963d8,4347f46a.json,training,0,0,0,,,,,,,0.0,,
0b565a53e11d471ed7ea2725448c2671,4347f46a.json,training,0,0,0,,,,,,,0.0,,
2509dc47b16a9e816dac2f90a989249d,4347f46a.json,training,1,1,53,1.0,0.0,2.0,2.3025,0.3025000000000002,0.0,0.1111111111111111,-0.1111111111111111,0.018867924528301886
262b15c895e7c049f634926358bdf1f9,4347f46a.json,training,0,0,0,,,,,,,0.0,,
59e24a2423fa600bc7084a26363a4bf9,4347f46a.json,training,0,0,0,,,,,,,0.0,,
7128284d1b7e5361bcfcc07ad78af861,4347f46a.json,training,1,1,53,1.0,0.0,3.0,2.3025,-0.6974999999999998,0.0,0.1111111111111111,-0.1111111111111111,0.018867924528301886
90ed6db80869ea24464571176131d078,4347f46a.json,training,1,0,53,,,,2.3025,,,0.1111111111111111,,0.018867924528301886
9ee1c7c7ec2090914eb1a4d914d515ba,4347f46a.json,training,0,0,0,,,,,,,0.0,,
bb2402c842bdb4f8ef50c17cfe05996f,4347f46a.json,training,1,1,53,1.0,0.0,1.0,2.3025,1.3025000000000002,1.0,0.1111111111111111,0.8888888888888888,0.018867924528301886
cc9f009845ae997eb4d868541933ce9a,4347f46a.json,training,0,0,0,,,,,,,0.0,,
e6b45b21877b8791f9279479d257be55,4347f46a.json,training,0,0,0,,,,,,,0.0,,
fa0c6503fa67b4fa104e76600499d70a,4347f46a.json,training,1,1,53,1.0,0.0,3.0,2.3025,-0.6974999999999998,0.0,0.1111111111111111,-0.1111111111111111,0.018867924528301886
939f2a5e75b338cfe4a50f53b3d638f5,4347f46a.json,training,0,0,0,,,,,,,0.0,,
16da963cc002d56a83eb8438e351bf05,444801d8.json,training,0,0,0,,,,,,,0.0,,
18a3eb62c5cd13ff308ac299b1f5f0ad,444801d8.json,training,0,0,0,,,,,,,0.0,,
25c6a0d1b4c98c74455464daf607273d,444801d8.json,training,2,2,22,1.0,0.0,0.0,1.6995,1.6995,0.0,0.2222222222222222,-0.2222222222222222,0.09090909090909091
2780ccc98ed0d1462225fa8fc5409508,444801d8.json,training,0,0,0,,,,,,,0.0,,
2d4e2e1c38a24e0efedc2104ac079efc,444801d8.json,training,0,0,0,,,,,,,0.0,,
37289334396727fffe878187ca738a35,444801d8.json,training,37,37,22,1.0,0.0,0.972972972972973,1.6995,0.726527027027027,0.13513513513513514,0.2222222222222222,-0.08708708708708707,1.6818181818181819
3a51fb2241834d80cd557f6649157744,444801d8.json,training,0,0,0,,,,,,,0.0,,
3ffa84ee2470b02c06148ebf4edbe973,444801d8.json,training,2,2,22,1.0,0.0,2.0,1.6995,-0.3005,0.0,0.2222222222222222,-0.2222222222222222,0.09090909090909091
8b9717aac8bb61039ed58c387e4fa250,444801d8.json,training,0,0,0,,,,,,,0.0,,
9c5561e0b4a04965e9827c50d369bfb8,444801d8.json,training,1,1,22,1.0,0.0,1.0,1.6995,0.6995,1.0,0.2222222222222222,0.7777777777777778,0.045454545454545456
b0b57f34f75c4b922e70f7e4a0b4ab94,444801d8.json,training,2,2,22,1.0,0.0,1.5,1.6995,0.1995,1.0,0.2222222222222222,0.7777777777777778,0.09090909090909091
b9d3dceebe1c4fd1f649004aa37859ef,444801d8.json,training,18,18,22,1.0,0.0,1.3888888888888888,1.6995,0.31061111111111117,0.8333333333333334,0.2222222222222222,0.6111111111111112,0.8181818181818182
f52e60932613eae87a17b9d58bbc3e4c,444801d8.json,training,1,1,22,1.0,0.0,1.0,1.6995,0.6995,1.0,0.2222222222222222,0.7777777777777778,0.045454545454545456
9a0d9fcb2f0772dd8ac4d42605f1d866,444801d8.json,training,0,0,0,,,,,,,0.0,,
021ad507747f3ad21be4d68af04963d8,445eab21.json,training,1,0,1,,,,7.4255,,,0.1111111111111111,,1.0
066ab036824d647d6164a0705f9eb311,445eab21.json,training,0,0,0,,,,,,,0.0,,
396ef5237c25b235f3753aa5b55c3cb6,445eab21.json,training,0,0,0,,,,,,,0.0,,
4082ad6cf383feffa260b951ab2596a6,445eab21.json,training,2,0,1,,,,7.4255,,,0.1111111111111111,,2.0
de28b66cf081b240ed814d6006d3c130,445eab21.json,training,2,0,1,,,,7.4255,,,0.1111111111111111,,2.0
0b565a53e11d471ed7ea2725448c2671,445eab21.json,training,0,0,0,,,,,,,0.0,,
2509dc47b16a9e816dac2f90a989249d,445eab21.json,training,0,0,0,,,,,,,0.0,,
5dcd547d78e72c3ba247f5ad9e39768e,445eab21.json,training,0,0,0,,,,,,,0.0,,
7128284d1b7e5361bcfcc07ad78af861,445eab21.json,training,0,0,0,,,,,,,0.0,,
939f2a5e75b338cfe4a50f53b3d638f5,445eab21.json,training,0,0,0,,,,,,,0.0,,
bb2402c842bdb4f8ef50c17cfe05996f,445eab21.json,training,0,0,0,,,,,,,0.0,,
cc9f009845ae997eb4d868541933ce9a,445eab21.json,training,0,0,0,,,,,,,0.0,,
e6b45b21877b8791f9279479d257be55,445eab21.json,training,0,0,0,,,,,,,0.0,,
faad81dd4a698db576d23febbfe9812b,445eab21.json,training,0,0,0,,,,,,,0.0,,
262b15c895e7c049f634926358bdf1f9,445eab21.json,training,0,0,0,,,,,,,0.0,,
0b565a53e11d471ed7ea2725448c2671,447fd412.json,training,5,5,70,1.0,0.0,1.2,2.6745,1.4745000000000001,0.8,0.1111111111111111,0.6888888888888889,0.07142857142857142
4082ad6cf383feffa260b951ab2596a6,447fd412.json,training,0,0,0,,,,,,,0.0,,
cc9f009845ae997eb4d868541933ce9a,447fd412.json,training,0,0,0,,,,,,,0.0,,
faad81dd4a698db576d23febbfe9812b,447fd412.json,training,39,39,70,1.0,0.0,1.8717948717948718,2.6745,0.8027051282051283,1.0,0.1111111111111111,0.8888888888888888,0.5571428571428572
bb2402c842bdb4f8ef50c17cfe05996f,447fd412.json,training,2,2,70,1.0,0.0,1.0,2.6745,1.6745,1.0,0.1111111111111111,0.8888888888888888,0.02857142857142857
0b565a53e11d471ed7ea2725448c2671,44d8ac46.json,training,4,4,9,1.0,0.0,8.25,5.7865,-2.4635,0.0,0.1111111111111111,-0.1111111111111111,0.4444444444444444
36f69f8a49aa27e8678744c752bd328c,44d8ac46.json,training,8,8,9,1.0,0.0,7.0,5.7865,-1.2134999999999998,1.0,0.1111111111111111,0.8888888888888888,0.8888888888888888
4082ad6cf383feffa260b951ab2596a6,44d8ac46.json,training,0,0,0,,,,,,,0.0,,
937450bbf4bbdb2cf59822b0d06a773f,44d8ac46.json,training,0,0,0,,,,,,,0.0,,
bb2402c842bdb4f8ef50c17cfe05996f,44d8ac46.json,training,0,0,0,,,,,,,0.0,,
c56ed75dce39b4d33a0a152df00bab7b,44d8ac46.json,training,0,0,0,,,,,,,0.0,,
021ad507747f3ad21be4d68af04963d8,44d8ac46.json,training,0,0,0,,,,,,,0.0,,
2509dc47b16a9e816dac2f90a989249d,44d8ac46.json,training,0,0,0,,,,,,,0.0,,
262b15c895e7c049f634926358bdf1f9,44d8ac46.json,training,0,0,0,,,,,,,0.0,,
a956bff874d6e55df6817b02baf6ae1f,44d8ac46.json,training,0,0,0,,,,,,,0.0,,
cc9f009845ae997eb4d868541933ce9a,44d8ac46.json,training,0,0,0,,,,,,,0.0,,
e6b45b21877b8791f9279479d257be55,44d8ac46.json,training,0,0,0,,,,,,,0.0,,
f7217d2a68babc06d246b9413cd9f08a,44d8ac46.json,training,0,0,0,,,,,,,0.0,,
939f2a5e75b338cfe4a50f53b3d638f5,44d8ac46.json,training,0,0,0,,,,,,,0.0,,
0bec935fe961c9d91094854eae249ec5,44f52bb0.json,training,0,0,0,,,,,,,0.0,,
4082ad6cf383feffa260b951ab2596a6,44f52bb0.json,training,0,0,0,,,,,,,0.0,,
949eaa38160b821a8f34d8eb4a7c1058,44f52bb0.json,training,0,0,0,,,,,,,0.0,,
cffcb46b42ef51ff16b487391d2ae2ba,44f52bb0.json,training,0,0,0,,,,,,,0.0,,
e19a7333c23f83be137a51ec537f9613,44f52bb0.json,training,0,0,0,,,,,,,0.0,,
edc7850dd3c0836d716b05ecde40f5f0,44f52bb0.json,training,1,0,1,,,,2.0465,,,0.1111111111111111,,1.0
fc58e937be66099c2b44350445dd6e8b,44f52bb0.json,training,0,0,0,,,,,,,0.0,,
fcb244a86ddc5371c7c368d001d8cb7a,44f52bb0.json,training,0,0,0,,,,,,,0.0,,
0d8ca0e70843f4ac419711dc95e2e35b,44f52bb0.json,training,0,0,0,,,,,,,0.0,,
c3e7df97dcf4835ff92bff871e7e4a34,44f52bb0.json,training,1,0,1,,,,2.0465,,,0.1111111111111111,,1.0
de28b66cf081b240ed814d6006d3c130,44f52bb0.json,training,0,0,0,,,,,,,0.0,,
4effa90362bbbec9a32f480b8b4dd049,4522001f.json,training,0,0,0,,,,,,,0.0,,
7b1f4554bd5281b869e2275fc62f5736,4522001f.json,training,0,0,0,,,,,,,0.0,,
949eaa38160b821a8f34d8eb4a7c1058,4522001f.json,training,1,1,76,1.0,0.0,0.0,0.0625,0.0625,1.0,0.2222222222222222,0.7777777777777778,0.013157894736842105
cffcb46b42ef51ff16b487391d2ae2ba,4522001f.json,training,0,0,0,,,,,,,0.0,,
de28b66cf081b240ed814d6006d3c130,4522001f.json,training,0,0,0,,,,,,,0.0,,
e1d8dd7b600f5bfadfee6223e3837408,4522001f.json,training,0,0,0,,,,,,,0.0,,
e391262ee27772f4b67744d5f902ae9f,4522001f.json,training,10,10,76,1.0,0.0,0.1,0.0625,-0.037500000000000006,1.0,0.2222222222222222,0.7777777777777778,0.13157894736842105
fc58e937be66099c2b44350445dd6e8b,4522001f.json,training,1,1,76,1.0,0.0,0.0,0.0625,0.0625,1.0,0.2222222222222222,0.7777777777777778,0.013157894736842105
0d8ca0e70843f4ac419711dc95e2e35b,4522001f.json,training,0,0,0,,,,,,,0.0,,
0d8ca0e70843f4ac419711dc95e2e35b,4612dd53.json,training,0,0,0,,,,,,,0.0,,
79c4bc130701b592b83f489ddb155ca2,4612dd53.json,training,0,0,0,,,,,,,0.0,,
8f3ac9aa04925ef789a54825a2089b4c,4612dd53.json,training,8,8,16,1.0,0.0,1.875,1.9165,0.04150000000000009,1.0,0.1111111111111111,0.8888888888888888,0.5
d692f427dcd1a02b5b4faa2fd698291b,4612dd53.json,training,0,0,0,,,,,,,0.0,,
fc58e937be66099c2b44350445dd6e8b,4612dd53.json,training,0,0,0,,,,,,,0.0,,
fcaec52804bd12d961cad270ff98c0f3,4612dd53.json,training,0,0,0,,,,,,,0.0,,
0d8ca0e70843f4ac419711dc95e2e35b,46442a0e.json,training,0,0,0,,,,,,,0.0,,
949eaa38160b821a8f34d8eb4a7c1058,46442a0e.json,training,17,17,27,1.0,0.0,0.17647058823529413,0.3625,0.18602941176470586,1.0,0.3333333333333333,0.6666666666666667,0.6296296296296297
104e63de43442ce89c5839f8712b6583,469497ad.json,training,1,1,613,1.0,0.0,0.0,0.019,0.019,1.0,0.7777777777777778,0.2222222222222222,0.0016313213703099511
e50624c58c0db044b7a82f65e89f295d,46f33fce.json,training,7,5,323,1.0,0.0,0.4,0.381,-0.019000000000000017,1.0,0.6666666666666666,0.33333333333333337,0.021671826625386997
0d8ca0e70843f4ac419711dc95e2e35b,46f33fce.json,training,0,0,0,,,,,,,0.0,,
9d32dba2ba32bf13bb4b71bc7d174da4,46f33fce.json,training,4,0,323,,,,0.381,,,0.6666666666666666,,0.01238390092879257
36793173c12b1a99895b5b11dfce3dfb,47c1f68c.json,training,4,4,51,1.0,0.0,3.0,0.9425,-2.0575,1.0,0.2222222222222222,0.7777777777777778,0.0784313725490196
b0b57f34f75c4b922e70f7e4a0b4ab94,47c1f68c.json,training,16,16,51,1.0,0.0,1.1875,0.9425,-0.245,1.0,0.2222222222222222,0.7777777777777778,0.3137254901960784
b9d3dceebe1c4fd1f649004aa37859ef,47c1f68c.json,training,0,0,0,,,,,,,0.0,,
f52e60932613eae87a17b9d58bbc3e4c,47c1f68c.json,training,0,0,0,,,,,,,0.0,,
7bf2de15d2719f7807d751b52df3dbbf,47c1f68c.json,training,0,0,0,,,,,,,0.0,,
e13f835cab765619a96c578f3fa3eca6,484b58aa.json,training,6,6,63,1.0,0.0,0.0,7.5325,7.5325,1.0,0.7777777777777778,0.2222222222222222,0.09523809523809523
0bec935fe961c9d91094854eae249ec5,48d8fb45.json,training,2,2,5,1.0,0.0,1.0,5.8805,4.8805,1.0,0.1111111111111111,0.8888888888888888,0.4
3750bf86a762bba929b583e49a0265e4,48d8fb45.json,training,0,0,0,,,,,,,0.0,,
56a928cf5d6f97915bb3e91ffdda17d7,48d8fb45.json,training,0,0,0,,,,,,,0.0,,
a956bff874d6e55df6817b02baf6ae1f,48d8fb45.json,training,2,0,5,,,,5.8805,,,0.1111111111111111,,0.4
a9fd2523f8aab42fab3d623ac7895165,48d8fb45.json,training,0,0,0,,,,,,,0.0,,
c56ed75dce39b4d33a0a152df00bab7b,48d8fb45.json,training,0,0,0,,,,,,,0.0,,
dd55f7f830586bcacfca0489ba65e224,48d8fb45.json,training,0,0,0,,,,,,,0.0,,
0325bcc6197384a736c8a6daf0871e63,4938f0c2.json,training,0,0,0,,,,,,,0.0,,
1ff91660afa988cc3dea74b222a1b9a9,4938f0c2.json,training,0,0,0,,,,,,,0.0,,
25184258e23814286057d7f171261b1a,4938f0c2.json,training,0,0,0,,,,,,,0.0,,
6e8b87dd3f3994881c74e6b51ba3776d,496994bd.json,training,0,0,0,,,,,,,0.0,,
81e120734ebbfa5d2931d013d530ce5d,496994bd.json,training,0,0,0,,,,,,,0.0,,
a9fd2523f8aab42fab3d623ac7895165,496994bd.json,training,0,0,0,,,,,,,0.0,,
c7f8f6ce9884ce3a74d12a7a31f6ec6e,496994bd.json,training,0,0,0,,,,,,,0.0,,
dd55f7f830586bcacfca0489ba65e224,496994bd.json,training,0,0,0,,,,,,,0.0,,
dde1eb7fb6a928fc39e2d76f5382ce28,496994bd.json,training,0,0,0,,,,,,,0.0,,
e683cc04e787c81cf0f943dbbe15137e,496994bd.json,training,0,0,0,,,,,,,0.0,,
38a99b2a08cf9af2812b093d387b42f1,496994bd.json,training,0,0,0,,,,,,,0.0,,
996ac6fbd3e71faf28c16acd5df74b7a,49d1d64f.json,training,0,0,0,,,,,,,0.0,,
cffcb46b42ef51ff16b487391d2ae2ba,49d1d64f.json,training,0,0,0,,,,,,,0.0,,
5a2f015f138b57c89d21f179d9920da7,4be741c5.json,training,0,0,0,,,,,,,0.0,,
e568305e81b5d144161927a72f4db913,4be741c5.json,training,0,0,0,,,,,,,0.0,,
e7c15a924938586444d8b0643c60f288,4be741c5.json,training,0,0,0,,,,,,,0.0,,
f4fd2cd945694257d37ccb56521675e2,4be741c5.json,training,0,0,0,,,,,,,0.0,,
5e5a9de8ba90eae4c09ba91a6a34bcf3,4c4377d9.json,training,0,0,0,,,,,,,0.0,,
79c4bc130701b592b83f489ddb155ca2,4c4377d9.json,training,0,0,0,,,,,,,0.0,,
8703165eee6307f2bb919060b698f031,4c4377d9.json,training,1,1,12,1.0,0.0,0.0,0.989,0.989,1.0,0.2222222222222222,0.7777777777777778,0.08333333333333333
98f0acfe67a39c503a559a1bf4c7e31b,4c4377d9.json,training,1,0,12,,,,0.989,,,0.2222222222222222,,0.08333333333333333
a956bff874d6e55df6817b02baf6ae1f,4c4377d9.json,training,0,0,0,,,,,,,0.0,,
d692f427dcd1a02b5b4faa2fd698291b,4c4377d9.json,training,0,0,0,,,,,,,0.0,,
fcaec52804bd12d961cad270ff98c0f3,4c4377d9.json,training,1,0,12,,,,0.989,,,0.2222222222222222,,0.08333333333333333
aae4b4ed43a4a422aa7cdb1b031d7569,4c4377d9.json,training,0,0,0,,,,,,,0.0,,
2cfea483e869811b28c49099f8fbd450,4c5c2cf0.json,training,20,20,27,1.0,0.0,1.8,2.9375,1.1375,1.0,0.1111111111111111,0.8888888888888888,0.7407407407407407
7866b2ea11ce1bc7b582f78cca7d8d16,4c5c2cf0.json,training,9,9,27,1.0,0.0,1.1111111111111112,2.9375,1.8263888888888888,1.0,0.1111111111111111,0.8888888888888888,0.3333333333333333
d2443ffe1b7d9dda83c4a36a8c53249c,4c5c2cf0.json,training,5,5,27,1.0,0.0,1.0,2.9375,1.9375,1.0,0.1111111111111111,0.8888888888888888,0.18518518518518517
e97b01b2b6caf817135950e1e81d18b9,4c5c2cf0.json,training,1,1,27,1.0,0.0,2.0,2.9375,0.9375,1.0,0.1111111111111111,0.8888888888888888,0.037037037037037035
36f69f8a49aa27e8678744c752bd328c,4c5c2cf0.json,training,6,6,27,1.0,0.0,1.0,2.9375,1.9375,1.0,0.1111111111111111,0.8888888888888888,0.2222222222222222
9d32dba2ba32bf13bb4b71bc7d174da4,50846271.json,training,0,0,0,,,,,,,0.0,,
f7217d2a68babc06d246b9413cd9f08a,50846271.json,training,1,1,17,1.0,0.0,1.0,4.2555,3.2554999999999996,1.0,0.1111111111111111,0.8888888888888888,0.058823529411764705
fadb0da4a3a77d385c0924bcf7a3db7c,50846271.json,training,0,0,0,,,,,,,0.0,,
03a36ced2e0df61cb2f93ced068e83a1,508bd3b6.json,training,4,4,10,1.0,0.0,1.0,3.746,2.746,0.25,0.1111111111111111,0.1388888888888889,0.4
0727096a7fe1e756721b3b85b6e19e11,508bd3b6.json,training,0,0,0,,,,,,,0.0,,
7866b2ea11ce1bc7b582f78cca7d8d16,508bd3b6.json,training,0,0,0,,,,,,,0.0,,
7e3feb578c44cbd17312fb7a6443ce3b,508bd3b6.json,training,0,0,0,,,,,,,0.0,,
a956bff874d6e55df6817b02baf6ae1f,508bd3b6.json,training,0,0,0,,,,,,,0.0,,
d5e9343fbc2245690dff714c2986b3f2,508bd3b6.json,training,0,0,0,,,,,,,0.0,,
4a1f36916718b179975c5a0cb6db02ce,508bd3b6.json,training,0,0,0,,,,,,,0.0,,
1123c2a5c52bff42c22de6fc5715b9ae,508bd3b6.json,training,0,0,0,,,,,,,0.0,,
133920c4c4f59b0ccb1e2b2b9037fb4d,50cb2852.json,training,0,0,0,,,,,,,0.0,,
43f22d39ec060a84dd16c116878380c7,50cb2852.json,training,1,1,33,1.0,0.0,3.0,1.905,-1.095,0.0,0.1111111111111111,-0.1111111111111111,0.030303030303030304
6baf6282bb55c43a816a2069ba0770dc,50cb2852.json,training,0,0,0,,,,,,,0.0,,
7866b2ea11ce1bc7b582f78cca7d8d16,50cb2852.json,training,1,1,33,1.0,0.0,1.0,1.905,0.905,1.0,0.1111111111111111,0.8888888888888888,0.030303030303030304
ad19c6b7b9c74e4aa50f3994ef295fe0,50cb2852.json,training,0,0,0,,,,,,,0.0,,
7c5a2b7aa2e0d2f7d2b8d75764a8077f,50cb2852.json,training,0,0,0,,,,,,,0.0,,
fb26924325fc3241407793ed39b24808,50cb2852.json,training,2,2,33,1.0,0.0,3.0,1.905,-1.095,1.0,0.1111111111111111,0.8888888888888888,0.06060606060606061
2b51f7c49cad5753db361b45f3060e2b,5117e062.json,training,1,1,6,1.0,0.0,1.0,9.434,8.434,1.0,0.1111111111111111,0.8888888888888888,0.16666666666666666
6d32307cbb1c37f7f7061e60d55561cf,5117e062.json,training,0,0,0,,,,,,,0.0,,
7866b2ea11ce1bc7b582f78cca7d8d16,5117e062.json,training,0,0,0,,,,,,,0.0,,
da1b576b3e719bb309d7c2591a2fdded,5117e062.json,training,0,0,0,,,,,,,0.0,,
e20942a7d663d1095023069cd46105ee,5117e062.json,training,0,0,0,,,,,,,0.0,,
edc7850dd3c0836d716b05ecde40f5f0,5117e062.json,training,0,0,0,,,,,,,0.0,,
f5f9deced6e3bb9274cf6aeec9829a6d,5117e062.json,training,0,0,0,,,,,,,0.0,,
f659e49b6e0a3f73ca70a8dcda4a94cc,5117e062.json,training,0,0,0,,,,,,,0.0,,
c0841ccd8b2c5b64b36888e79697cb1a,5117e062.json,training,0,0,0,,,,,,,0.0,,
13e2dd31480ad7d1a2fbd2423c9bf9bf,5168d44c.json,training,0,0,0,,,,,,,0.0,,
1f21284a2220c54c041cbeed539a28f1,5168d44c.json,training,6,6,10,1.0,0.0,1.3333333333333333,3.5785,2.245166666666667,1.0,0.2222222222222222,0.7777777777777778,0.6
361b14ac971f7edaabd1bcddc19878a4,5168d44c.json,training,0,0,0,,,,,,,0.0,,
47d4ec31a159ccf81b6a0926eb8c7fb9,5168d44c.json,training,0,0,0,,,,,,,0.0,,
9fc042903ad51212617dac008b33e52f,5168d44c.json,training,3,3,10,1.0,0.0,1.3333333333333333,3.5785,2.245166666666667,1.0,0.2222222222222222,0.7777777777777778,0.3
fb26924325fc3241407793ed39b24808,5168d44c.json,training,14,14,10,1.0,0.0,2.0714285714285716,3.5785,1.5070714285714284,0.7142857142857143,0.2222222222222222,0.4920634920634921,1.4
222e793daa759b482733882d0a63382f,539a4f51.json,training,0,0,0,,,,,,,0.0,,
43f22d39ec060a84dd16c116878380c7,539a4f51.json,training,0,0,0,,,,,,,0.0,,
ae76f1633f50b15667524d3762e457de,539a4f51.json,training,0,0,0,,,,,,,0.0,,
fb26924325fc3241407793ed39b24808,539a4f51.json,training,0,0,0,,,,,,,0.0,,
aae4b4ed43a4a422aa7cdb1b031d7569,539a4f51.json,training,1,1,75,1.0,0.0,3.0,0.5375,-2.4625,1.0,0.3333333333333333,0.6666666666666667,0.013333333333333334
4da8c339a3469b1bd33f0bc3ebeeec33,53b68214.json,training,0,0,0,,,,,,,0.0,,
83fa2a897e84d2828c500bb340f92f8d,53b68214.json,training,1,1,20,1.0,0.0,8.0,3.632,-4.368,1.0,0.2222222222222222,0.7777777777777778,0.05
f1b9ce4e8bbbd4cf7658000030063259,53b68214.json,training,0,0,0,,,,,,,0.0,,
fadb0da4a3a77d385c0924bcf7a3db7c,53b68214.json,training,0,0,0,,,,,,,0.0,,
fb26924325fc3241407793ed39b24808,53b68214.json,training,2,2,20,0.0,1.0,1.5,3.632,2.132,1.0,0.2222222222222222,0.7777777777777778,0.1
43f22d39ec060a84dd16c116878380c7,53b68214.json,training,6,6,20,0.0,1.0,3.5,3.632,0.13200000000000012,1.0,0.2222222222222222,0.7777777777777778,0.3
fb26924325fc3241407793ed39b24808,53b68214.json,training,0,0,0,,,,,,,0.0,,
0325bcc6197384a736c8a6daf0871e63,543a7ed5.json,training,2,2,75,1.0,0.0,1.0,0.917,-0.08299999999999996,1.0,0.2222222222222222,0.7777777777777778,0.02666666666666667
13e2dd31480ad7d1a2fbd2423c9bf9bf,543a7ed5.json,training,0,0,0,,,,,,,0.0,,
25184258e23814286057d7f171261b1a,543a7ed5.json,training,5,5,75,1.0,0.0,0.0,0.917,0.917,0.0,0.2222222222222222,-0.2222222222222222,0.06666666666666667
2a9f88a280e5a494865b11e466663ff0,543a7ed5.json,training,9,9,75,1.0,0.0,0.3333333333333333,0.917,0.5836666666666668,0.2222222222222222,0.2222222222222222,0.0,0.12
43f22d39ec060a84dd16c116878380c7,543a7ed5.json,training,2,2,75,1.0,0.0,1.0,0.917,-0.08299999999999996,1.0,0.2222222222222222,0.7777777777777778,0.02666666666666667
6cf9e9d24833aa3f3f94e0af878c34d8,543a7ed5.json,training,1,1,75,1.0,0.0,1.0,0.917,-0.08299999999999996,1.0,0.2222222222222222,0.7777777777777778,0.013333333333333334
aae4b4ed43a4a422aa7cdb1b031d7569,543a7ed5.json,training,1,1,75,1.0,0.0,0.0,0.917,0.917,0.0,0.2222222222222222,-0.2222222222222222,0.013333333333333334
e0d2e96f96a885a9eacc17871b23144a,543a7ed5.json,training,0,0,0,,,,,,,0.0,,
55acab6561e513481ecd71a9e0b9fd3a,54d82841.json,training,0,0,0,,,,,,,0.0,,
5e5a9de8ba90eae4c09ba91a6a34bcf3,54d82841.json,training,0,0,0,,,,,,,0.0,,
aae4b4ed43a4a422aa7cdb1b031d7569,54d82841.json,training,0,0,0,,,,,,,0.0,,
f4fd2cd945694257d37ccb56521675e2,54d82841.json,training,0,0,0,,,,,,,0.0,,
5a2f015f138b57c89d21f179d9920da7,54d82841.json,training,3,3,3,1.0,0.0,5.666666666666667,3.8635,-1.8031666666666668,0.0,0.1111111111111111,-0.1111111111111111,1.0
14029d6d9faad3a8d5d66ebad48dcd8c,54d9e175.json,training,0,0,0,,,,,,,0.0,,
25c479b3a670f80770242190d6b0a1a8,54d9e175.json,training,0,0,0,,,,,,,0.0,,
6d32307cbb1c37f7f7061e60d55561cf,54d9e175.json,training,0,0,0,,,,,,,0.0,,
9f10e52316620d5fc23b61ce63e92701,54d9e175.json,training,0,0,0,,,,,,,0.0,,
dd5a847778be2594fe617eb1965fe9e3,54d9e175.json,training,0,0,0,,,,,,,0.0,,
f8029052dd72166ca2c01ae9a16d23c9,54d9e175.json,training,0,0,0,,,,,,,0.0,,
396ef5237c25b235f3753aa5b55c3cb6,54d9e175.json,training,0,0,0,,,,,,,0.0,,
55acab6561e513481ecd71a9e0b9fd3a,5521c0d9.json,training,0,0,0,,,,,,,0.0,,
8001bc67639613bacd700dab68c4b80b,5521c0d9.json,training,0,0,0,,,,,,,0.0,,
8bddd730f896222814d8a32f5f7c707b,5521c0d9.json,training,0,0,0,,,,,,,0.0,,
e1bc1ffd18225e356e10c5d005b894bd,5521c0d9.json,training,0,0,0,,,,,,,0.0,,
dd0924ce10d6d0ea702335d1ddce2e4b,5521c0d9.json,training,0,0,0,,,,,,,0.0,,
e6210f1ee7117b9150301badf4abb2b5,5521c0d9.json,training,0,0,0,,,,,,,0.0,,
3e61ddde750392e26f447d58ca939979,5582e5ca.json,training,1,1,6,1.0,0.0,1.0,0.3255,-0.6745,0.0,0.1111111111111111,-0.1111111111111111,0.16666666666666666
55acab6561e513481ecd71a9e0b9fd3a,5582e5ca.json,training,0,0,0,,,,,,,0.0,,
5a2f015f138b57c89d21f179d9920da7,5582e5ca.json,training,0,0,0,,,,,,,0.0,,
6d32307cbb1c37f7f7061e60d55561cf,5582e5ca.json,training,2,2,6,1.0,0.0,0.0,0.3255,0.3255,0.0,0.1111111111111111,-0.1111111111111111,0.3333333333333333
8001bc67639613bacd700dab68c4b80b,5582e5ca.json,training,0,0,0,,,,,,,0.0,,
dc90c568e899119f6c14b8a2e690a87e,5582e5ca.json,training,0,0,0,,,,,,,0.0,,
dd0924ce10d6d0ea702335d1ddce2e4b,5582e5ca.json,training,0,0,0,,,,,,,0.0,,
e1bc1ffd18225e356e10c5d005b894bd,5582e5ca.json,training,0,0,0,,,,,,,0.0,,
f4fd2cd945694257d37ccb56521675e2,5582e5ca.json,training,0,0,0,,,,,,,0.0,,
f8029052dd72166ca2c01ae9a16d23c9,5582e5ca.json,training,0,0,0,,,,,,,0.0,,
37f84369d15c9cdc41b13b48b92a3e15,5614dbcf.json,training,0,0,0,,,,,,,0.0,,
4a1f36916718b179975c5a0cb6db02ce,5614dbcf.json,training,0,0,0,,,,,,,0.0,,
5e5a9de8ba90eae4c09ba91a6a34bcf3,5614dbcf.json,training,0,0,0,,,,,,,0.0,,
7342e2ee852da57b633b7b57222a4b95,5614dbcf.json,training,0,0,0,,,,,,,0.0,,
8c1de90b8cbc2e981fcc2da03a246803,5614dbcf.json,training,0,0,0,,,,,,,0.0,,
9d32dba2ba32bf13bb4b71bc7d174da4,5614dbcf.json,training,0,0,0,,,,,,,0.0,,
e1bc1ffd18225e356e10c5d005b894bd,5614dbcf.json,training,0,0,0,,,,,,,0.0,,
f5cadb9507cf607a1be966569482aa3a,5614dbcf.json,training,1,1,8,1.0,0.0,0.0,4.7215,4.7215,0.0,0.3333333333333333,-0.3333333333333333,0.125
00e84fc37e9b02ccca4af4b26250331a,56dc2b01.json,training,0,0,0,,,,,,,0.0,,
104e63de43442ce89c5839f8712b6583,56dc2b01.json,training,0,0,0,,,,,,,0.0,,
133920c4c4f59b0ccb1e2b2b9037fb4d,56dc2b01.json,training,0,0,0,,,,,,,0.0,,
7342e2ee852da57b633b7b57222a4b95,56dc2b01.json,training,1,1,20,1.0,0.0,0.0,1.7665,1.7665,1.0,0.3333333333333333,0.6666666666666667,0.05
8c1de90b8cbc2e981fcc2da03a246803,56dc2b01.json,training,0,0,0,,,,,,,0.0,,
c56ed75dce39b4d33a0a152df00bab7b,56dc2b01.json,training,0,0,0,,,,,,,0.0,,
9d32dba2ba32bf13bb4b71bc7d174da4,56dc2b01.json,training,0,0,0,,,,,,,0.0,,
00e84fc37e9b02ccca4af4b26250331a,56ff96f3.json,training,0,0,0,,,,,,,0.0,,
09f86a600661502b32236459ea61d808,56ff96f3.json,training,0,0,0,,,,,,,0.0,,
4da8c339a3469b1bd33f0bc3ebeeec33,56ff96f3.json,training,0,0,0,,,,,,,0.0,,
5e5a9de8ba90eae4c09ba91a6a34bcf3,56ff96f3.json,training,0,0,0,,,,,,,0.0,,
7342e2ee852da57b633b7b57222a4b95,56ff96f3.json,training,0,0,0,,,,,,,0.0,,
8c1de90b8cbc2e981fcc2da03a246803,56ff96f3.json,training,0,0,0,,,,,,,0.0,,
b117bbd6a0289c4519a404f9132a5ea4,56ff96f3.json,training,0,0,0,,,,,,,0.0,,
e0079569eeece3b17904c44d08567130,56ff96f3.json,training,0,0,0,,,,,,,0.0,,
f7aab0ad3f11018bb9e936dee279af55,56ff96f3.json,training,0,0,0,,,,,,,0.0,,
56a928cf5d6f97915bb3e91ffdda17d7,57aa92db.json,training,0,0,0,,,,,,,0.0,,
f7aab0ad3f11018bb9e936dee279af55,57aa92db.json,training,0,0,0,,,,,,,0.0,,
f7217d2a68babc06d246b9413cd9f08a,57aa92db.json,training,20,20,145,1.0,0.0,0.7,2.621,1.921,1.0,0.3333333333333333,0.6666666666666667,0.13793103448275862
711d0c02b8e764941f0b4e87d382f5d2,5ad4f10b.json,training,1,1,5,1.0,0.0,0.0,19.837,19.837,0.0,0.1111111111111111,-0.1111111111111111,0.2
7342e2ee852da57b633b7b57222a4b95,5ad4f10b.json,training,1,1,5,1.0,0.0,0.0,19.837,19.837,0.0,0.1111111111111111,-0.1111111111111111,0.2
8001bc67639613bacd700dab68c4b80b,5ad4f10b.json,training,0,0,0,,,,,,,0.0,,
8c1de90b8cbc2e981fcc2da03a246803,5ad4f10b.json,training,1,1,5,1.0,0.0,0.0,19.837,19.837,0.0,0.1111111111111111,-0.1111111111111111,0.2
00e84fc37e9b02ccca4af4b26250331a,5ad4f10b.json,training,0,0,0,,,,,,,0.0,,
53c90e146ab9fe7554834b5030b269cc,5ad4f10b.json,training,0,0,0,,,,,,,0.0,,
e1bc1ffd18225e356e10c5d005b894bd,5ad4f10b.json,training,5,5,5,1.0,0.0,0.0,19.837,19.837,0.0,0.1111111111111111,-0.1111111111111111,1.0
f7aab0ad3f11018bb9e936dee279af55,5ad4f10b.json,training,0,0,0,,,,,,,0.0,,
c6218d7320d50ae74968b85a7e831bda,5ad4f10b.json,training,0,0,0,,,,,,,0.0,,
00e84fc37e9b02ccca4af4b26250331a,5bd6f4ac.json,training,0,0,0,,,,,,,0.0,,
012f1674f4649982e9cc0c207c8ececf,5bd6f4ac.json,training,0,0,0,,,,,,,0.0,,
7342e2ee852da57b633b7b57222a4b95,5bd6f4ac.json,training,1,1,6,1.0,0.0,0.0,5.4175,5.4175,0.0,0.5555555555555556,-0.5555555555555556,0.16666666666666666
83fa2a897e84d2828c500bb340f92f8d,5bd6f4ac.json,training,0,0,0,,,,,,,0.0,,
9f10e52316620d5fc23b61ce63e92701,5bd6f4ac.json,training,0,0,0,,,,,,,0.0,,
e97b01b2b6caf817135950e1e81d18b9,5bd6f4ac.json,training,3,3,6,1.0,0.0,0.3333333333333333,5.4175,5.084166666666667,1.0,0.5555555555555556,0.4444444444444444,0.5
f1b9ce4e8bbbd4cf7658000030063259,5bd6f4ac.json,training,0,0,0,,,,,,,0.0,,
fadb0da4a3a77d385c0924bcf7a3db7c,5bd6f4ac.json,training,0,0,0,,,,,,,0.0,,
16da963cc002d56a83eb8438e351bf05,5c0a986e.json,training,0,0,0,,,,,,,0.0,,
18a3eb62c5cd13ff308ac299b1f5f0ad,5c0a986e.json,training,0,0,0,,,,,,,0.0,,
25c6a0d1b4c98c74455464daf607273d,5c0a986e.json,training,1,1,6,1.0,0.0,0.0,3.1375,3.1375,1.0,0.2222222222222222,0.7777777777777778,0.16666666666666666
2d4e2e1c38a24e0efedc2104ac079efc,5c0a986e.json,training,0,0,0,,,,,,,0.0,,
36793173c12b1a99895b5b11dfce3dfb,5c0a986e.json,training,0,0,0,,,,,,,0.0,,
3ffa84ee2470b02c06148ebf4edbe973,5c0a986e.json,training,0,0,0,,,,,,,0.0,,
62a8e2cd997625ce65a1b66be0412469,5c0a986e.json,training,0,0,0,,,,,,,0.0,,
7bf2de15d2719f7807d751b52df3dbbf,5c0a986e.json,training,0,0,0,,,,,,,0.0,,
b0b57f34f75c4b922e70f7e4a0b4ab94,5c0a986e.json,training,0,0,0,,,,,,,0.0,,
b9d3dceebe1c4fd1f649004aa37859ef,5c0a986e.json,training,0,0,0,,,,,,,0.0,,
f52e60932613eae87a17b9d58bbc3e4c,5c0a986e.json,training,0,0,0,,,,,,,0.0,,
3a51fb2241834d80cd557f6649157744,5c0a986e.json,training,0,0,0,,,,,,,0.0,,
5e5a9de8ba90eae4c09ba91a6a34bcf3,5daaa586.json,training,4,4,74,1.0,0.0,0.25,1.852,1.602,1.0,0.5555555555555556,0.4444444444444444,0.05405405405405406
83fa2a897e84d2828c500bb340f92f8d,5daaa586.json,training,9,9,74,1.0,0.0,0.5555555555555556,1.852,1.2964444444444445,1.0,0.5555555555555556,0.4444444444444444,0.12162162162162163
e97b01b2b6caf817135950e1e81d18b9,5daaa586.json,training,7,7,74,1.0,0.0,0.42857142857142855,1.852,1.4234285714285715,1.0,0.5555555555555556,0.4444444444444444,0.0945945945945946
01bcb5b2ec9a2b59f947986cfa573369,60b61512.json,training,0,0,0,,,,,,,0.0,,
67f8aa504c4b4719a6da42e55f10a2ea,60b61512.json,training,1,1,9,1.0,0.0,1.0,2.225,1.225,1.0,0.1111111111111111,0.8888888888888888,0.1111111111111111
f8029052dd72166ca2c01ae9a16d23c9,60b61512.json,training,0,0,0,,,,,,,0.0,,
08ac042547937929f95d827a01c90ec2,6150a2bd.json,training,0,0,0,,,,,,,0.0,,
16da963cc002d56a83eb8438e351bf05,6150a2bd.json,training,0,0,0,,,,,,,0.0,,
18a3eb62c5cd13ff308ac299b1f5f0ad,6150a2bd.json,training,0,0,0,,,,,,,0.0,,
2d4e2e1c38a24e0efedc2104ac079efc,6150a2bd.json,training,0,0,0,,,,,,,0.0,,
36793173c12b1a99895b5b11dfce3dfb,6150a2bd.json,training,0,0,0,,,,,,,0.0,,
37289334396727fffe878187ca738a35,6150a2bd.json,training,0,0,0,,,,,,,0.0,,
3a51fb2241834d80cd557f6649157744,6150a2bd.json,training,0,0,0,,,,,,,0.0,,
62a8e2cd997625ce65a1b66be0412469,6150a2bd.json,training,0,0,0,,,,,,,0.0,,
b0b57f34f75c4b922e70f7e4a0b4ab94,6150a2bd.json,training,1,1,8,1.0,0.0,1.0,0.1135,-0.8865,1.0,0.5555555555555556,0.4444444444444444,0.125
b9d3dceebe1c4fd1f649004aa37859ef,6150a2bd.json,training,0,0,0,,,,,,,0.0,,
f52e60932613eae87a17b9d58bbc3e4c,6150a2bd.json,training,0,0,0,,,,,,,0.0,,
3ffa84ee2470b02c06148ebf4edbe973,6150a2bd.json,training,0,0,0,,,,,,,0.0,,
7bf2de15d2719f7807d751b52df3dbbf,6150a2bd.json,training,0,0,0,,,,,,,0.0,,
2b51f7c49cad5753db361b45f3060e2b,623ea044.json,training,0,0,0,,,,,,,0.0,,
7dc2162197ce002a85b60bbac44b2cf4,623ea044.json,training,0,0,0,,,,,,,0.0,,
8bddd730f896222814d8a32f5f7c707b,623ea044.json,training,4,4,24,1.0,0.0,1.0,3.641,2.641,1.0,0.1111111111111111,0.8888888888888888,0.16666666666666666
935c18b553b15bac8dbeb95a7aad4232,623ea044.json,training,0,0,0,,,,,,,0.0,,
9a23174c113cfa3bee401d2ef6bb216a,623ea044.json,training,0,0,0,,,,,,,0.0,,
9bdc44f39ffaca394834f2ca247e4679,623ea044.json,training,0,0,0,,,,,,,0.0,,
aae4b4ed43a4a422aa7cdb1b031d7569,623ea044.json,training,0,0,0,,,,,,,0.0,,
d5de5e44ed5b66491038a3bbe84d71fd,623ea044.json,training,1,1,24,1.0,0.0,1.0,3.641,2.641,1.0,0.1111111111111111,0.8888888888888888,0.041666666666666664
dde1eb7fb6a928fc39e2d76f5382ce28,623ea044.json,training,0,0,0,,,,,,,0.0,,
e19a7333c23f83be137a51ec537f9613,623ea044.json,training,2,2,24,1.0,0.0,1.0,3.641,2.641,1.0,0.1111111111111111,0.8888888888888888,0.08333333333333333
edc7850dd3c0836d716b05ecde40f5f0,623ea044.json,training,0,0,0,,,,,,,0.0,,
efe9ce9869ede985a278d211b5fea1cf,623ea044.json,training,0,0,0,,,,,,,0.0,,
f5f9deced6e3bb9274cf6aeec9829a6d,623ea044.json,training,3,3,24,1.0,0.0,1.0,3.641,2.641,1.0,0.1111111111111111,0.8888888888888888,0.125
bbe2335915c004fafb438f32c4d352ef,623ea044.json,training,0,0,0,,,,,,,0.0,,
08ac042547937929f95d827a01c90ec2,62c24649.json,training,4,4,27,1.0,0.0,0.25,0.3625,0.11249999999999999,1.0,0.4444444444444444,0.5555555555555556,0.14814814814814814
16da963cc002d56a83eb8438e351bf05,62c24649.json,training,1,1,27,1.0,0.0,0.0,0.3625,0.3625,1.0,0.4444444444444444,0.5555555555555556,0.037037037037037035
3ffa84ee2470b02c06148ebf4edbe973,62c24649.json,training,8,8,27,1.0,0.0,0.875,0.3625,-0.5125,1.0,0.4444444444444444,0.5555555555555556,0.2962962962962963
7bf2de15d2719f7807d751b52df3dbbf,62c24649.json,training,0,0,0,,,,,,,0.0,,
b0b57f34f75c4b922e70f7e4a0b4ab94,62c24649.json,training,2,2,27,1.0,0.0,0.5,0.3625,-0.1375,1.0,0.4444444444444444,0.5555555555555556,0.07407407407407407
b9d3dceebe1c4fd1f649004aa37859ef,62c24649.json,training,4,4,27,1.0,0.0,1.0,0.3625,-0.6375,1.0,0.4444444444444444,0.5555555555555556,0.14814814814814814
f52e60932613eae87a17b9d58bbc3e4c,62c24649.json,training,2,0,27,,,,0.3625,,,0.4444444444444444,,0.07407407407407407
3a51fb2241834d80cd557f6649157744,62c24649.json,training,0,0,0,,,,,,,0.0,,
87563262df7b34f3c5962f9020fcc0bb,62c24649.json,training,0,0,0,,,,,,,0.0,,
3b4642bd167f8416ed91f52e66f91a90,63613498.json,training,0,0,0,,,,,,,0.0,,
e58568496d2090ed40f1c1614a51265c,63613498.json,training,0,0,0,,,,,,,0.0,,
5a2f015f138b57c89d21f179d9920da7,6430c8c4.json,training,1,1,13,1.0,0.0,4.0,1.874,-2.126,1.0,0.2222222222222222,0.7777777777777778,0.07692307692307693
e1bc1ffd18225e356e10c5d005b894bd,6430c8c4.json,training,0,0,0,,,,,,,0.0,,
e7c15a924938586444d8b0643c60f288,6430c8c4.json,training,0,0,0,,,,,,,0.0,,
f4fd2cd945694257d37ccb56521675e2,6430c8c4.json,training,0,0,0,,,,,,,0.0,,
1123c2a5c52bff42c22de6fc5715b9ae,6430c8c4.json,training,3,3,13,1.0,0.0,0.6666666666666666,1.874,1.2073333333333336,1.0,0.2222222222222222,0.7777777777777778,0.23076923076923078
3b4642bd167f8416ed91f52e66f91a90,6430c8c4.json,training,0,0,0,,,,,,,0.0,,
300d2de4dcac03fb59a1c0bc978fdc39,6455b5f5.json,training,0,0,0,,,,,,,0.0,,
937450bbf4bbdb2cf59822b0d06a773f,6455b5f5.json,training,0,0,0,,,,,,,0.0,,
f7217d2a68babc06d246b9413cd9f08a,6455b5f5.json,training,0,0,0,,,,,,,0.0,,
2cfea483e869811b28c49099f8fbd450,6455b5f5.json,training,0,0,0,,,,,,,0.0,,
7dc2162197ce002a85b60bbac44b2cf4,6455b5f5.json,training,3,3,69,1.0,0.0,4.0,1.9525,-2.0475000000000003,1.0,0.2222222222222222,0.7777777777777778,0.043478260869565216
3b4642bd167f8416ed91f52e66f91a90,6455b5f5.json,training,0,0,0,,,,,,,0.0,,
300d2de4dcac03fb59a1c0bc978fdc39,662c240a.json,training,1,1,0,1.0,0.0,,,,0.0,0.0,0.0,
9d10627e92170e1adcc463f6dcfcb159,662c240a.json,training,0,0,0,,,,,,,0.0,,
03a36ced2e0df61cb2f93ced068e83a1,662c240a.json,training,0,0,0,,,,,,,0.0,,
2cfea483e869811b28c49099f8fbd450,662c240a.json,training,0,0,0,,,,,,,0.0,,
c09eb8d54fce913a257b0733929d739c,662c240a.json,training,1,1,0,1.0,0.0,,,,0.0,0.0,0.0,
d5de5e44ed5b66491038a3bbe84d71fd,662c240a.json,training,0,0,0,,,,,,,0.0,,
0727096a7fe1e756721b3b85b6e19e11,662c240a.json,training,0,0,0,,,,,,,0.0,,
3b4642bd167f8416ed91f52e66f91a90,662c240a.json,training,0,0,0,,,,,,,0.0,,
415e62616c6a5b5d18301792e8f2e8ce,662c240a.json,training,0,0,0,,,,,,,0.0,,
7dc2162197ce002a85b60bbac44b2cf4,662c240a.json,training,0,0,0,,,,,,,0.0,,
ab95782d4e9410ef7f416a3137924b90,662c240a.json,training,0,0,0,,,,,,,0.0,,
1737d5662fed2a6e880b0ae9c085e966,67385a82.json,training,0,0,0,,,,,,,0.0,,
300d2de4dcac03fb59a1c0bc978fdc39,67385a82.json,training,0,0,0,,,,,,,0.0,,
3b4642bd167f8416ed91f52e66f91a90,67385a82.json,training,0,0,0,,,,,,,0.0,,
430fa5ce224b848c92ea2419c651988a,67385a82.json,training,0,0,0,,,,,,,0.0,,
67f8aa504c4b4719a6da42e55f10a2ea,67385a82.json,training,0,0,0,,,,,,,0.0,,
937450bbf4bbdb2cf59822b0d06a773f,67385a82.json,training,0,0,0,,,,,,,0.0,,
dde1eb7fb6a928fc39e2d76f5382ce28,67385a82.json,training,9,9,9,1.0,0.0,0.0,0.9405,0.9405,0.0,0.1111111111111111,-0.1111111111111111,1.0
f1b9ce4e8bbbd4cf7658000030063259,67385a82.json,training,1,1,9,1.0,0.0,0.0,0.9405,0.9405,0.0,0.1111111111111111,-0.1111111111111111,0.1111111111111111
f7217d2a68babc06d246b9413cd9f08a,67385a82.json,training,0,0,0,,,,,,,0.0,,
30c6b1eee2be733745c36dce48155367,67385a82.json,training,0,0,0,,,,,,,0.0,,
fadb0da4a3a77d385c0924bcf7a3db7c,67385a82.json,training,0,0,0,,,,,,,0.0,,
300d2de4dcac03fb59a1c0bc978fdc39,673ef223.json,training,10,10,52,1.0,0.0,0.1,2.2265,2.1265,0.0,0.2222222222222222,-0.2222222222222222,0.19230769230769232
67f8aa504c4b4719a6da42e55f10a2ea,673ef223.json,training,0,0,0,,,,,,,0.0,,
8001bc67639613bacd700dab68c4b80b,673ef223.json,training,0,0,0,,,,,,,0.0,,
90ed6db80869ea24464571176131d078,673ef223.json,training,4,4,52,1.0,0.0,0.75,2.2265,1.4765000000000001,0.75,0.2222222222222222,0.5277777777777778,0.07692307692307693
9f10e52316620d5fc23b61ce63e92701,673ef223.json,training,2,2,52,1.0,0.0,1.0,2.2265,1.2265000000000001,1.0,0.2222222222222222,0.7777777777777778,0.038461538461538464
b4f9ec4467f3b0b6b8fdd714db401af4,673ef223.json,training,0,0,0,,,,,,,0.0,,
e0079569eeece3b17904c44d08567130,673ef223.json,training,0,0,0,,,,,,,0.0,,
181d68f2a1cbd08fd6fff66cd9b4422f,673ef223.json,training,0,0,0,,,,,,,0.0,,
9a23174c113cfa3bee401d2ef6bb216a,673ef223.json,training,3,3,52,1.0,0.0,0.3333333333333333,2.2265,1.8931666666666669,0.3333333333333333,0.2222222222222222,0.1111111111111111,0.057692307692307696
9ee1c7c7ec2090914eb1a4d914d515ba,673ef223.json,training,5,5,52,1.0,0.0,1.0,2.2265,1.2265000000000001,1.0,0.2222222222222222,0.7777777777777778,0.09615384615384616
08ac042547937929f95d827a01c90ec2,6773b310.json,training,0,0,0,,,,,,,0.0,,
19f69ac203258689f6823e2c49cea6b7,6773b310.json,training,0,0,0,,,,,,,0.0,,
36793173c12b1a99895b5b11dfce3dfb,6773b310.json,training,0,0,0,,,,,,,0.0,,
3a51fb2241834d80cd557f6649157744,6773b310.json,training,7,7,4,1.0,0.0,0.5714285714285714,7.463,6.891571428571429,0.0,0.1111111111111111,-0.1111111111111111,1.75
3ffa84ee2470b02c06148ebf4edbe973,6773b310.json,training,0,0,0,,,,,,,0.0,,
627649179882e0b0ec32bd350ca2024a,6773b310.json,training,0,0,0,,,,,,,0.0,,
87563262df7b34f3c5962f9020fcc0bb,6773b310.json,training,0,0,0,,,,,,,0.0,,
b0b57f34f75c4b922e70f7e4a0b4ab94,6773b310.json,training,0,0,0,,,,,,,0.0,,
f52e60932613eae87a17b9d58bbc3e4c,6773b310.json,training,0,0,0,,,,,,,0.0,,
30c6b1eee2be733745c36dce48155367,67a3c6ac.json,training,0,0,0,,,,,,,0.0,,
415a22ec2436001c46248d2a75bde2d2,67a3c6ac.json,training,0,0,0,,,,,,,0.0,,
711d0c02b8e764941f0b4e87d382f5d2,67a3c6ac.json,training,0,0,0,,,,,,,0.0,,
935c18b553b15bac8dbeb95a7aad4232,67a3c6ac.json,training,0,0,0,,,,,,,0.0,,
b284442a9f5db82450b61311bdeb7454,67a3c6ac.json,training,0,0,0,,,,,,,0.0,,
b4f9ec4467f3b0b6b8fdd714db401af4,67a3c6ac.json,training,0,0,0,,,,,,,0.0,,
c6218d7320d50ae74968b85a7e831bda,67a3c6ac.json,training,0,0,0,,,,,,,0.0,,
f00195846d60c9fa9130e4d1e01ccd35,67a3c6ac.json,training,0,0,0,,,,,,,0.0,,
04a63b44aa5dc7b9fa3cb54018622769,67a423a3.json,training,0,0,0,,,,,,,0.0,,
11c876c67792c0c6bededc0c87e5b900,67a423a3.json,training,0,0,0,,,,,,,0.0,,
1737d5662fed2a6e880b0ae9c085e966,67a423a3.json,training,2,2,8,1.0,0.0,0.5,4.5875,4.0875,0.5,0.1111111111111111,0.3888888888888889,0.25
30c6b1eee2be733745c36dce48155367,67a423a3.json,training,6,6,8,1.0,0.0,1.1666666666666667,4.5875,3.4208333333333334,0.0,0.1111111111111111,-0.1111111111111111,0.75
59e24a2423fa600bc7084a26363a4bf9,67a423a3.json,training,0,0,0,,,,,,,0.0,,
9ee1c7c7ec2090914eb1a4d914d515ba,67a423a3.json,training,0,0,0,,,,,,,0.0,,
b4f9ec4467f3b0b6b8fdd714db401af4,67a423a3.json,training,0,0,0,,,,,,,0.0,,
d5de5e44ed5b66491038a3bbe84d71fd,67a423a3.json,training,0,0,0,,,,,,,0.0,,
e58568496d2090ed40f1c1614a51265c,67a423a3.json,training,0,0,0,,,,,,,0.0,,
f00195846d60c9fa9130e4d1e01ccd35,67a423a3.json,training,0,0,0,,,,,,,0.0,,
ceea8483e282f829b9d2d280ffeed286,67a423a3.json,training,0,0,0,,,,,,,0.0,,
11c876c67792c0c6bededc0c87e5b900,67e8384a.json,training,0,0,0,,,,,,,0.0,,
55acab6561e513481ecd71a9e0b9fd3a,67e8384a.json,training,0,0,0,,,,,,,0.0,,
56a928cf5d6f97915bb3e91ffdda17d7,67e8384a.json,training,0,0,0,,,,,,,0.0,,
935c18b553b15bac8dbeb95a7aad4232,67e8384a.json,training,2,0,27,,,,0.3625,,,0.4444444444444444,,0.07407407407407407
b284442a9f5db82450b61311bdeb7454,67e8384a.json,training,0,0,0,,,,,,,0.0,,
b4f9ec4467f3b0b6b8fdd714db401af4,67e8384a.json,training,0,0,0,,,,,,,0.0,,
e6210f1ee7117b9150301badf4abb2b5,67e8384a.json,training,0,0,0,,,,,,,0.0,,
e6f7e9fc0c780921eb4b746e269ab07b,67e8384a.json,training,0,0,0,,,,,,,0.0,,
4effa90362bbbec9a32f480b8b4dd049,67e8384a.json,training,0,0,0,,,,,,,0.0,,
ceea8483e282f829b9d2d280ffeed286,67e8384a.json,training,0,0,0,,,,,,,0.0,,
012f1674f4649982e9cc0c207c8ececf,681b3aeb.json,training,0,0,0,,,,,,,0.0,,
01cba85cdc833679422f857a20831ade,681b3aeb.json,training,0,0,0,,,,,,,0.0,,
5a53612936c46f1746ed9b2caec28307,681b3aeb.json,training,0,0,0,,,,,,,0.0,,
b9477066eeaaa2ee213cd9a88e571f56,681b3aeb.json,training,6,4,9,1.0,0.0,0.0,5.6365,5.6365,0.5,0.2222222222222222,0.2777777777777778,0.6666666666666666
bbe2335915c004fafb438f32c4d352ef,681b3aeb.json,training,0,0,0,,,,,,,0.0,,
c96ab975f03b1b06ee0ca7c5ace24f5a,681b3aeb.json,training,0,0,0,,,,,,,0.0,,
f00195846d60c9fa9130e4d1e01ccd35,681b3aeb.json,training,2,2,9,1.0,0.0,0.0,5.6365,5.6365,0.0,0.2222222222222222,-0.2222222222222222,0.2222222222222222
f47cfbec469a34ad28f1694052e266e8,681b3aeb.json,training,0,0,0,,,,,,,0.0,,
2cfea483e869811b28c49099f8fbd450,6855a6e4.json,training,13,13,26,1.0,0.0,1.3846153846153846,3.0765,1.6918846153846152,0.3076923076923077,0.2222222222222222,0.0854700854700855,0.5
a1ed73544bc9ce777ecbf84a402b407b,6855a6e4.json,training,0,0,0,,,,,,,0.0,,
b4f9ec4467f3b0b6b8fdd714db401af4,6855a6e4.json,training,0,0,0,,,,,,,0.0,,
dd1dcbaa09e13328c0ca69f29a06e400,6855a6e4.json,training,10,10,26,1.0,0.0,1.0,3.0765,2.0765,1.0,0.2222222222222222,0.7777777777777778,0.38461538461538464
012f1674f4649982e9cc0c207c8ececf,6855a6e4.json,training,1,1,26,1.0,0.0,1.0,3.0765,2.0765,1.0,0.2222222222222222,0.7777777777777778,0.038461538461538464
1123c2a5c52bff42c22de6fc5715b9ae,6855a6e4.json,training,0,0,0,,,,,,,0.0,,
4effa90362bbbec9a32f480b8b4dd049,6855a6e4.json,training,0,0,0,,,,,,,0.0,,
b284442a9f5db82450b61311bdeb7454,6855a6e4.json,training,0,0,0,,,,,,,0.0,,
bbe2335915c004fafb438f32c4d352ef,6855a6e4.json,training,0,0,0,,,,,,,0.0,,
d210c9666954d5f78ea32ec049d34bae,6855a6e4.json,training,0,0,0,,,,,,,0.0,,
d5de5e44ed5b66491038a3bbe84d71fd,6855a6e4.json,training,0,0,0,,,,,,,0.0,,
f00195846d60c9fa9130e4d1e01ccd35,6855a6e4.json,training,0,0,0,,,,,,,0.0,,
ceea8483e282f829b9d2d280ffeed286,6855a6e4.json,training,0,0,0,,,,,,,0.0,,
ad19c6b7b9c74e4aa50f3994ef295fe0,68b16354.json,training,1,1,32,1.0,0.0,0.0,0.4305,0.4305,1.0,0.6666666666666666,0.33333333333333337,0.03125
fc778fd62d0345dcab08c8a5b1e2e41b,68b16354.json,training,0,0,0,,,,,,,0.0,,
c6b4b18668656e1e0d147eb24209a15d,68b16354.json,training,0,0,0,,,,,,,0.0,,
4effa90362bbbec9a32f480b8b4dd049,694f12f3.json,training,0,0,0,,,,,,,0.0,,
88fe0689f0b4a82ee3e66d6552533cd7,694f12f3.json,training,3,3,20,1.0,0.0,2.0,1.94,-0.06000000000000005,0.3333333333333333,0.2222222222222222,0.1111111111111111,0.15
8bddd730f896222814d8a32f5f7c707b,694f12f3.json,training,0,0,0,,,,,,,0.0,,
b9477066eeaaa2ee213cd9a88e571f56,694f12f3.json,training,0,0,0,,,,,,,0.0,,
dd1dcbaa09e13328c0ca69f29a06e400,694f12f3.json,training,0,0,0,,,,,,,0.0,,
e0d2e96f96a885a9eacc17871b23144a,694f12f3.json,training,4,4,20,1.0,0.0,0.0,1.94,1.94,1.0,0.2222222222222222,0.7777777777777778,0.2
e7c15a924938586444d8b0643c60f288,694f12f3.json,training,0,0,0,,,,,,,0.0,,
f8029052dd72166ca2c01ae9a16d23c9,694f12f3.json,training,0,0,0,,,,,,,0.0,,
37f84369d15c9cdc41b13b48b92a3e15,694f12f3.json,training,0,0,0,,,,,,,0.0,,
c09eb8d54fce913a257b0733929d739c,694f12f3.json,training,0,0,0,,,,,,,0.0,,
c2a5313d1057d8a1683e090124b0c93b,694f12f3.json,training,0,0,0,,,,,,,0.0,,
415e62616c6a5b5d18301792e8f2e8ce,6a1e5592.json,training,0,0,0,,,,,,,0.0,,
56a928cf5d6f97915bb3e91ffdda17d7,6a1e5592.json,training,0,0,0,,,,,,,0.0,,
b9477066eeaaa2ee213cd9a88e571f56,6a1e5592.json,training,0,0,0,,,,,,,0.0,,
bbe2335915c004fafb438f32c4d352ef,6a1e5592.json,training,0,0,0,,,,,,,0.0,,
dd1dcbaa09e13328c0ca69f29a06e400,6a1e5592.json,training,8,8,50,1.0,0.0,0.375,0.923,0.548,0.375,0.2222222222222222,0.1527777777777778,0.16
e0d2e96f96a885a9eacc17871b23144a,6a1e5592.json,training,9,9,50,1.0,0.0,0.8888888888888888,0.923,0.0341111111111112,0.8888888888888888,0.2222222222222222,0.6666666666666666,0.18
f8029052dd72166ca2c01ae9a16d23c9,6a1e5592.json,training,0,0,0,,,,,,,0.0,,
b284442a9f5db82450b61311bdeb7454,6a1e5592.json,training,0,0,0,,,,,,,0.0,,
034ef526357510010f808ffd936adbaa,6aa20dc0.json,training,2,2,56,1.0,0.0,1.0,3.814,2.814,1.0,0.1111111111111111,0.8888888888888888,0.03571428571428571
04a63b44aa5dc7b9fa3cb54018622769,6aa20dc0.json,training,1,0,56,,,,3.814,,,0.1111111111111111,,0.017857142857142856
415e62616c6a5b5d18301792e8f2e8ce,6aa20dc0.json,training,2,2,56,1.0,0.0,2.5,3.814,1.314,0.0,0.1111111111111111,-0.1111111111111111,0.03571428571428571
5fde4ab8eee63fa6c91654a05319ca6f,6aa20dc0.json,training,3,1,56,1.0,0.0,0.0,3.814,3.814,0.0,0.1111111111111111,-0.1111111111111111,0.05357142857142857
a1ed73544bc9ce777ecbf84a402b407b,6aa20dc0.json,training,0,0,0,,,,,,,0.0,,
b66ccd8c9127963324d4a8ffcad953e1,6aa20dc0.json,training,0,0,0,,,,,,,0.0,,
dd1dcbaa09e13328c0ca69f29a06e400,6aa20dc0.json,training,0,0,0,,,,,,,0.0,,
12f27871246e06146bb8d78afb44162e,6aa20dc0.json,training,0,0,0,,,,,,,0.0,,
2cfea483e869811b28c49099f8fbd450,6aa20dc0.json,training,0,0,0,,,,,,,0.0,,
b9477066eeaaa2ee213cd9a88e571f56,6aa20dc0.json,training,0,0,0,,,,,,,0.0,,
415e62616c6a5b5d18301792e8f2e8ce,6b9890af.json,training,2,2,125,1.0,0.0,1.0,5.611,4.611,1.0,0.3333333333333333,0.6666666666666667,0.016
5fde4ab8eee63fa6c91654a05319ca6f,6b9890af.json,training,0,0,0,,,,,,,0.0,,
63abf018481b5ee48f4b2f85b36e7abc,6b9890af.json,training,1,0,125,,,,5.611,,,0.3333333333333333,,0.008
9f10e52316620d5fc23b61ce63e92701,6b9890af.json,training,15,14,125,1.0,0.0,6.357142857142857,5.611,-0.746142857142857,1.0,0.3333333333333333,0.6666666666666667,0.12
b284442a9f5db82450b61311bdeb7454,6b9890af.json,training,0,0,0,,,,,,,0.0,,
b66ccd8c9127963324d4a8ffcad953e1,6b9890af.json,training,4,4,125,1.0,0.0,1.25,5.611,4.361,1.0,0.3333333333333333,0.6666666666666667,0.032
dd1dcbaa09e13328c0ca69f29a06e400,6b9890af.json,training,1,0,125,,,,5.611,,,0.3333333333333333,,0.008
e0d2e96f96a885a9eacc17871b23144a,6b9890af.json,training,0,0,0,,,,,,,0.0,,
e391262ee27772f4b67744d5f902ae9f,6b9890af.json,training,0,0,0,,,,,,,0.0,,
f00195846d60c9fa9130e4d1e01ccd35,6b9890af.json,training,3,3,125,1.0,0.0,0.6666666666666666,5.611,4.944333333333333,1.0,0.3333333333333333,0.6666666666666667,0.024
0017a2904e34497d578228a0912f2367,6c434453.json,training,0,0,0,,,,,,,0.0,,
1a3e36c59bdf2307e4133574eb601345,6c434453.json,training,7,7,18,1.0,0.0,0.0,2.767,2.767,0.5714285714285714,0.2222222222222222,0.3492063492063492,0.3888888888888889
2c730cf378fa751e079a8582beab9ad7,6c434453.json,training,0,0,0,,,,,,,0.0,,
2e7d5ca3f138d5b3a952654f0b3e405c,6c434453.json,training,0,0,0,,,,,,,0.0,,
2f3c34f6804cc1410db866e589d5c3dc,6c434453.json,training,1,1,18,1.0,0.0,4.0,2.767,-1.233,0.0,0.2222222222222222,-0.2222222222222222,0.05555555555555555
34f7e4efcb37ae73f626d6a331b50cc1,6c434453.json,training,0,0,0,,,,,,,0.0,,
4affd3ef9a848d16093358ca301886e6,6c434453.json,training,0,0,0,,,,,,,0.0,,
5106f81a3451091e5b4732254e974268,6c434453.json,training,0,0,0,,,,,,,0.0,,
5ceaf89932280233189336e8c517ef9b,6c434453.json,training,8,8,18,1.0,0.0,0.0,2.767,2.767,1.0,0.2222222222222222,0.7777777777777778,0.4444444444444444
5d83a52178e710721682244db8e23eb6,6c434453.json,training,0,0,0,,,,,,,0.0,,
60961232d00d04a020d7581a31a45ae9,6c434453.json,training,8,8,18,1.0,0.0,0.0,2.767,2.767,1.0,0.2222222222222222,0.7777777777777778,0.4444444444444444
89a92ffbd376420cf0facae4d963fe7b,6c434453.json,training,0,0,0,,,,,,,0.0,,
8a6618e02b27c51ec7af66e0482f9598,6c434453.json,training,0,0,0,,,,,,,0.0,,
8ff70fb78af32b21b5fe3f647ebc9bcc,6c434453.json,training,1,1,18,1.0,0.0,0.0,2.767,2.767,1.0,0.2222222222222222,0.7777777777777778,0.05555555555555555
97da5a6d4139e31e47e05fbc5f7f799c,6c434453.json,training,3,3,18,1.0,0.0,3.6666666666666665,2.767,-0.8996666666666666,0.0,0.2222222222222222,-0.2222222222222222,0.16666666666666666
a0f38b9a45451557246895e3d404e584,6c434453.json,training,0,0,0,,,,,,,0.0,,
a2c073e4409210c5b6b79573b6ceedd4,6c434453.json,training,0,0,0,,,,,,,0.0,,
b4d97dd14bcb2d4d0d05bd04928a7e2b,6c434453.json,training,0,0,0,,,,,,,0.0,,
c4d476d58119fdac1ed7f099e9e1715f,6c434453.json,training,0,0,0,,,,,,,0.0,,
ca10f9fa3b6c0be47a8f8df216bec019,6c434453.json,training,0,0,0,,,,,,,0.0,,
e4aad3d62e31d9a813bdab777f2ce7db,6c434453.json,training,0,0,0,,,,,,,0.0,,
ea1172b7221bde42e6a5235374647630,6c434453.json,training,0,0,0,,,,,,,0.0,,
f19b058ef0092b8ff31f580c73e9dc51,6c434453.json,training,5,5,18,1.0,0.0,0.2,2.767,2.5669999999999997,1.0,0.2222222222222222,0.7777777777777778,0.2777777777777778
f8fe319ac43f53ff18a4b8de15988d23,6c434453.json,training,0,0,0,,,,,,,0.0,,
6874f0f5ef455246df0a136923086497,6c434453.json,training,0,0,0,,,,,,,0.0,,
a404e9216c9c854585bb2547aadea12b,6c434453.json,training,19,19,18,1.0,0.0,3.210526315789474,2.767,-0.443526315789474,1.0,0.2222222222222222,0.7777777777777778,1.0555555555555556
f4ab1e6fed6e484ab6825cd85fb381a7,6c434453.json,training,0,0,0,,,,,,,0.0,,
4d31c1c155d542349c96c4499d715527,6c434453.json,training,2,2,18,1.0,0.0,5.0,2.767,-2.233,1.0,0.2222222222222222,0.7777777777777778,0.1111111111111111
56a928cf5d6f97915bb3e91ffdda17d7,6cdd2623.json,training,1,0,65,,,,1.26,,,0.2222222222222222,,0.015384615384615385
63abf018481b5ee48f4b2f85b36e7abc,6cdd2623.json,training,0,0,0,,,,,,,0.0,,
96272dec10d650fcc9002e47bc766a63,6cdd2623.json,training,0,0,0,,,,,,,0.0,,
b66ccd8c9127963324d4a8ffcad953e1,6cdd2623.json,training,4,4,65,1.0,0.0,1.5,1.26,-0.24,1.0,0.2222222222222222,0.7777777777777778,0.06153846153846154
b9477066eeaaa2ee213cd9a88e571f56,6cdd2623.json,training,0,0,0,,,,,,,0.0,,
c09eb8d54fce913a257b0733929d739c,6cdd2623.json,training,0,0,0,,,,,,,0.0,,
d23e0501e57a73a6f2a579f5b6312a78,6cdd2623.json,training,0,0,0,,,,,,,0.0,,
012f1674f4649982e9cc0c207c8ececf,6cf79266.json,training,0,0,0,,,,,,,0.0,,
2b51f7c49cad5753db361b45f3060e2b,6cf79266.json,training,1,1,27,1.0,0.0,1.0,5.3825,4.3825,1.0,0.1111111111111111,0.8888888888888888,0.037037037037037035
3d6892fdef151e10ab09de77b4e5e6a0,6cf79266.json,training,1,1,27,1.0,0.0,1.0,5.3825,4.3825,1.0,0.1111111111111111,0.8888888888888888,0.037037037037037035
74e0343583874dca3876286177040eba,6cf79266.json,training,0,0,0,,,,,,,0.0,,
d23e0501e57a73a6f2a579f5b6312a78,6cf79266.json,training,0,0,0,,,,,,,0.0,,
dde1eb7fb6a928fc39e2d76f5382ce28,6cf79266.json,training,1,1,27,1.0,0.0,5.0,5.3825,0.3825000000000003,0.0,0.1111111111111111,-0.1111111111111111,0.037037037037037035
edc7850dd3c0836d716b05ecde40f5f0,6cf79266.json,training,0,0,0,,,,,,,0.0,,
f5f9deced6e3bb9274cf6aeec9829a6d,6cf79266.json,training,0,0,0,,,,,,,0.0,,
1123c2a5c52bff42c22de6fc5715b9ae,6cf79266.json,training,0,0,0,,,,,,,0.0,,
5fde4ab8eee63fa6c91654a05319ca6f,6cf79266.json,training,0,0,0,,,,,,,0.0,,
f659e49b6e0a3f73ca70a8dcda4a94cc,6cf79266.json,training,0,0,0,,,,,,,0.0,,
9f10e52316620d5fc23b61ce63e92701,6d0160f0.json,training,0,0,0,,,,,,,0.0,,
b66ccd8c9127963324d4a8ffcad953e1,6d0160f0.json,training,1,1,36,1.0,0.0,0.0,0.8955,0.8955,1.0,0.5555555555555556,0.4444444444444444,0.027777777777777776
c6c5e0e0c07e573cd63c7fad29928e10,6d0160f0.json,training,11,11,36,1.0,0.0,1.2727272727272727,0.8955,-0.37722727272727274,0.5454545454545454,0.5555555555555556,-0.010101010101010166,0.3055555555555556
d210c9666954d5f78ea32ec049d34bae,6d0160f0.json,training,6,6,36,1.0,0.0,0.8333333333333334,0.8955,0.06216666666666659,0.0,0.5555555555555556,-0.5555555555555556,0.16666666666666666
d23e0501e57a73a6f2a579f5b6312a78,6d0160f0.json,training,0,0,0,,,,,,,0.0,,
81d8561aff1c4cfefa3a2c8cc34fefd0,6d0160f0.json,training,0,0,0,,,,,,,0.0,,
104e63de43442ce89c5839f8712b6583,6d0aefbc.json,training,0,0,0,,,,,,,0.0,,
133920c4c4f59b0ccb1e2b2b9037fb4d,6d0aefbc.json,training,0,0,0,,,,,,,0.0,,
81d8561aff1c4cfefa3a2c8cc34fefd0,6d0aefbc.json,training,1,1,9,1.0,0.0,2.0,0.958,-1.042,1.0,0.3333333333333333,0.6666666666666667,0.1111111111111111
b66ccd8c9127963324d4a8ffcad953e1,6d0aefbc.json,training,0,0,0,,,,,,,0.0,,
c09eb8d54fce913a257b0733929d739c,6d0aefbc.json,training,0,0,0,,,,,,,0.0,,
d23e0501e57a73a6f2a579f5b6312a78,6d0aefbc.json,training,0,0,0,,,,,,,0.0,,
e0079569eeece3b17904c44d08567130,6d0aefbc.json,training,0,0,0,,,,,,,0.0,,
1123c2a5c52bff42c22de6fc5715b9ae,6d58a25d.json,training,1,1,38,1.0,0.0,9.0,5.6685,-3.3315,1.0,0.1111111111111111,0.8888888888888888,0.02631578947368421
415a22ec2436001c46248d2a75bde2d2,6d58a25d.json,training,4,4,38,1.0,0.0,5.75,5.6685,-0.08150000000000013,0.0,0.1111111111111111,-0.1111111111111111,0.10526315789473684
711d0c02b8e764941f0b4e87d382f5d2,6d58a25d.json,training,0,0,0,,,,,,,0.0,,
8bddd730f896222814d8a32f5f7c707b,6d58a25d.json,training,0,0,0,,,,,,,0.0,,
d23e0501e57a73a6f2a579f5b6312a78,6d58a25d.json,training,0,0,0,,,,,,,0.0,,
c6218d7320d50ae74968b85a7e831bda,6d58a25d.json,training,0,0,0,,,,,,,0.0,,
14029d6d9faad3a8d5d66ebad48dcd8c,6d75e8bb.json,training,0,0,0,,,,,,,0.0,,
25c479b3a670f80770242190d6b0a1a8,6d75e8bb.json,training,0,0,0,,,,,,,0.0,,
cbdec8e1996326ba6157f5ecd2beb248,6d75e8bb.json,training,0,0,0,,,,,,,0.0,,
dd5a847778be2594fe617eb1965fe9e3,6d75e8bb.json,training,0,0,0,,,,,,,0.0,,
dda10b01506628ed6b3e938cff424852,6d75e8bb.json,training,0,0,0,,,,,,,0.0,,
e0079569eeece3b17904c44d08567130,6d75e8bb.json,training,0,0,0,,,,,,,0.0,,
0f911d7964c190a572b144e9c393533f,6e02f1e3.json,training,0,0,0,,,,,,,0.0,,
2b51f7c49cad5753db361b45f3060e2b,6e02f1e3.json,training,0,0,0,,,,,,,0.0,,
81d8561aff1c4cfefa3a2c8cc34fefd0,6e02f1e3.json,training,0,0,0,,,,,,,0.0,,
cbdec8e1996326ba6157f5ecd2beb248,6e02f1e3.json,training,0,0,0,,,,,,,0.0,,
e19a7333c23f83be137a51ec537f9613,6e02f1e3.json,training,0,0,0,,,,,,,0.0,,
edc7850dd3c0836d716b05ecde40f5f0,6e02f1e3.json,training,0,0,0,,,,,,,0.0,,
f659e49b6e0a3f73ca70a8dcda4a94cc,6e02f1e3.json,training,0,0,0,,,,,,,0.0,,
c0841ccd8b2c5b64b36888e79697cb1a,6e02f1e3.json,training,0,0,0,,,,,,,0.0,,
880eef9ce51f8d65df0e4b71d49ec5d3,6e02f1e3.json,training,0,0,0,,,,,,,0.0,,
04a63b44aa5dc7b9fa3cb54018622769,6e19193c.json,training,0,0,0,,,,,,,0.0,,
092c655b226cf0fa112f49976a758a88,6e19193c.json,training,0,0,0,,,,,,,0.0,,
1f88f07c19a3d6af55bbdf9509bceb19,6e19193c.json,training,0,0,0,,,,,,,0.0,,
32d2f53cf0e841d8a438ba3d50582512,6e19193c.json,training,0,0,0,,,,,,,0.0,,
cbdec8e1996326ba6157f5ecd2beb248,6e19193c.json,training,0,0,0,,,,,,,0.0,,
d564383b85180c421146556ec8616309,6e19193c.json,training,0,0,0,,,,,,,0.0,,
0017a2904e34497d578228a0912f2367,6e82a1ae.json,training,0,0,0,,,,,,,0.0,,
1a3e36c59bdf2307e4133574eb601345,6e82a1ae.json,training,0,0,0,,,,,,,0.0,,
2c730cf378fa751e079a8582beab9ad7,6e82a1ae.json,training,2,2,18,1.0,0.0,1.0,1.3855,0.38549999999999995,1.0,0.3333333333333333,0.6666666666666667,0.1111111111111111
2f3c34f6804cc1410db866e589d5c3dc,6e82a1ae.json,training,7,7,18,1.0,0.0,0.2857142857142857,1.3855,1.0997857142857144,0.7142857142857143,0.3333333333333333,0.380952380952381,0.3888888888888889
34f7e4efcb37ae73f626d6a331b50cc1,6e82a1ae.json,training,1,1,18,1.0,0.0,1.0,1.3855,0.38549999999999995,1.0,0.3333333333333333,0.6666666666666667,0.05555555555555555
4d31c1c155d542349c96c4499d715527,6e82a1ae.json,training,12,12,18,1.0,0.0,0.25,1.3855,1.1355,0.9166666666666666,0.3333333333333333,0.5833333333333333,0.6666666666666666
5106f81a3451091e5b4732254e974268,6e82a1ae.json,training,0,0,0,,,,,,,0.0,,
5d83a52178e710721682244db8e23eb6,6e82a1ae.json,training,4,4,18,1.0,0.0,0.75,1.3855,0.6355,0.75,0.3333333333333333,0.4166666666666667,0.2222222222222222
60961232d00d04a020d7581a31a45ae9,6e82a1ae.json,training,7,7,18,1.0,0.0,1.1428571428571428,1.3855,0.24264285714285716,1.0,0.3333333333333333,0.6666666666666667,0.3888888888888889
8535b691c896c6d2b410e7ab8529853a,6e82a1ae.json,training,9,9,18,1.0,0.0,0.0,1.3855,1.3855,1.0,0.3333333333333333,0.6666666666666667,0.5
89a92ffbd376420cf0facae4d963fe7b,6e82a1ae.json,training,1,1,18,1.0,0.0,1.0,1.3855,0.38549999999999995,1.0,0.3333333333333333,0.6666666666666667,0.05555555555555555
8a6618e02b27c51ec7af66e0482f9598,6e82a1ae.json,training,0,0,0,,,,,,,0.0,,
a0f38b9a45451557246895e3d404e584,6e82a1ae.json,training,1,1,18,1.0,0.0,1.0,1.3855,0.38549999999999995,1.0,0.3333333333333333,0.6666666666666667,0.05555555555555555
a404e9216c9c854585bb2547aadea12b,6e82a1ae.json,training,23,23,18,1.0,0.0,0.043478260869565216,1.3855,1.3420217391304348,0.391304347826087,0.3333333333333333,0.05797101449275366,1.2777777777777777
ac8d7e981b3e6bdefa2b1fe14203fb19,6e82a1ae.json,training,1,1,18,1.0,0.0,1.0,1.3855,0.38549999999999995,1.0,0.3333333333333333,0.6666666666666667,0.05555555555555555
b4d97dd14bcb2d4d0d05bd04928a7e2b,6e82a1ae.json,training,0,0,0,,,,,,,0.0,,
c4d476d58119fdac1ed7f099e9e1715f,6e82a1ae.json,training,4,4,18,1.0,0.0,0.0,1.3855,1.3855,0.75,0.3333333333333333,0.4166666666666667,0.2222222222222222
ea1172b7221bde42e6a5235374647630,6e82a1ae.json,training,1,1,18,1.0,0.0,1.0,1.3855,0.38549999999999995,1.0,0.3333333333333333,0.6666666666666667,0.05555555555555555
2204a682efe5fa9182c972e992355d99,6e82a1ae.json,training,4,4,18,1.0,0.0,0.0,1.3855,1.3855,0.0,0.3333333333333333,-0.3333333333333333,0.2222222222222222
5ceaf89932280233189336e8c517ef9b,6e82a1ae.json,training,0,0,0,,,,,,,0.0,,
e4aad3d62e31d9a813bdab777f2ce7db,6e82a1ae.json,training,0,0,0,,,,,,,0.0,,
f19b058ef0092b8ff31f580c73e9dc51,6e82a1ae.json,training,1,1,18,1.0,0.0,0.0,1.3855,1.3855,1.0,0.3333333333333333,0.6666666666666667,0.05555555555555555
2e7d5ca3f138d5b3a952654f0b3e405c,6e82a1ae.json,training,0,0,0,,,,,,,0.0,,
4affd3ef9a848d16093358ca301886e6,6e82a1ae.json,training,0,0,0,,,,,,,0.0,,
ca10f9fa3b6c0be47a8f8df216bec019,6e82a1ae.json,training,0,0,0,,,,,,,0.0,,
4effa90362bbbec9a32f480b8b4dd049,6ecd11f4.json,training,5,5,13,1.0,0.0,0.6,16.3835,15.783500000000002,0.0,0.6666666666666666,-0.6666666666666666,0.38461538461538464
1082d13c2da0b3b9e167722f27c22c53,6ecd11f4.json,training,0,0,0,,,,,,,0.0,,
4498e7fd3e811b883afa98ece42455c1,6ecd11f4.json,training,0,0,0,,,,,,,0.0,,
05a508b8596ad4202a9ace8a4cc5bd82,6f8cd79b.json,training,1,0,22,,,,0.6435,,,0.1111111111111111,,0.045454545454545456
0959e09f9a4f70cf7e7b4eb76d00be9e,6f8cd79b.json,training,0,0,0,,,,,,,0.0,,
6baf6282bb55c43a816a2069ba0770dc,6f8cd79b.json,training,0,0,0,,,,,,,0.0,,
7c5a2b7aa2e0d2f7d2b8d75764a8077f,6f8cd79b.json,training,0,0,0,,,,,,,0.0,,
81d8561aff1c4cfefa3a2c8cc34fefd0,6f8cd79b.json,training,0,0,0,,,,,,,0.0,,
8bddd730f896222814d8a32f5f7c707b,6f8cd79b.json,training,0,0,0,,,,,,,0.0,,
ad19c6b7b9c74e4aa50f3994ef295fe0,6f8cd79b.json,training,0,0,0,,,,,,,0.0,,
cbdec8e1996326ba6157f5ecd2beb248,6f8cd79b.json,training,12,12,22,1.0,0.0,1.0,0.6435,-0.35650000000000004,1.0,0.1111111111111111,0.8888888888888888,0.5454545454545454
d564383b85180c421146556ec8616309,6f8cd79b.json,training,0,0,0,,,,,,,0.0,,
fc778fd62d0345dcab08c8a5b1e2e41b,6f8cd79b.json,training,0,0,0,,,,,,,0.0,,
181d68f2a1cbd08fd6fff66cd9b4422f,6f8cd79b.json,training,0,0,0,,,,,,,0.0,,
092c655b226cf0fa112f49976a758a88,6fa7a44f.json,training,1,1,9,1.0,0.0,3.0,0.968,-2.032,0.0,0.4444444444444444,-0.4444444444444444,0.1111111111111111
0959e09f9a4f70cf7e7b4eb76d00be9e,6fa7a44f.json,training,0,0,0,,,,,,,0.0,,
09f86a600661502b32236459ea61d808,6fa7a44f.json,training,0,0,0,,,,,,,0.0,,
4c121794a4acd0b58c6f9101923a9543,6fa7a44f.json,training,0,0,0,,,,,,,0.0,,
81d8561aff1c4cfefa3a2c8cc34fefd0,6fa7a44f.json,training,0,0,0,,,,,,,0.0,,
3d6892fdef151e10ab09de77b4e5e6a0,6fa7a44f.json,training,0,0,0,,,,,,,0.0,,
0f911d7964c190a572b144e9c393533f,72322fa7.json,training,0,0,0,,,,,,,0.0,,
935c18b553b15bac8dbeb95a7aad4232,72322fa7.json,training,0,0,0,,,,,,,0.0,,
f7217d2a68babc06d246b9413cd9f08a,72322fa7.json,training,0,0,0,,,,,,,0.0,,
32d2f53cf0e841d8a438ba3d50582512,72ca375d.json,training,0,0,0,,,,,,,0.0,,
6449a5a210666d1a098474643a30c4dc,72ca375d.json,training,0,0,0,,,,,,,0.0,,
96272dec10d650fcc9002e47bc766a63,72ca375d.json,training,1,0,6,,,,5.242,,,0.1111111111111111,,0.16666666666666666
98f0acfe67a39c503a559a1bf4c7e31b,72ca375d.json,training,0,0,0,,,,,,,0.0,,
aad2c72c4cd6813a84d879f68572cfb3,72ca375d.json,training,0,0,0,,,,,,,0.0,,
ef7fb6c6638343f0fa88bad6fb4baf57,72ca375d.json,training,1,0,6,,,,5.242,,,0.1111111111111111,,0.16666666666666666
092c655b226cf0fa112f49976a758a88,72ca375d.json,training,2,2,6,1.0,0.0,1.0,5.242,4.242,0.0,0.1111111111111111,-0.1111111111111111,0.3333333333333333
0959e09f9a4f70cf7e7b4eb76d00be9e,72ca375d.json,training,0,0,0,,,,,,,0.0,,
95ff15b5fe14938f30074abf710314b5,72ca375d.json,training,0,0,0,,,,,,,0.0,,
b0f10c0db79e55b652683f14500efad2,72ca375d.json,training,0,0,0,,,,,,,0.0,,
d3a1b6daf7a500100bffab07143f4f23,72ca375d.json,training,1,1,6,1.0,0.0,0.0,5.242,5.242,0.0,0.1111111111111111,-0.1111111111111111,0.16666666666666666
e495ca4d74f9d62a8396c094a93c2032,72ca375d.json,training,5,5,6,1.0,0.0,0.4,5.242,4.842,0.0,0.1111111111111111,-0.1111111111111111,0.8333333333333334
838b8505eaf5143a9f6d15f0eda26b9f,73251a56.json,training,0,0,0,,,,,,,0.0,,
e50624c58c0db044b7a82f65e89f295d,73251a56.json,training,0,0,0,,,,,,,0.0,,
034ef526357510010f808ffd936adbaa,7447852a.json,training,6,6,18,1.0,0.0,2.1666666666666665,1.422,-0.7446666666666666,1.0,0.1111111111111111,0.8888888888888888,0.3333333333333333
092c655b226cf0fa112f49976a758a88,7447852a.json,training,1,1,18,1.0,0.0,2.0,1.422,-0.5780000000000001,0.0,0.1111111111111111,-0.1111111111111111,0.05555555555555555
1082d13c2da0b3b9e167722f27c22c53,7447852a.json,training,0,0,0,,,,,,,0.0,,
1f93a624495f6690d823ac4742ee5299,7447852a.json,training,0,0,0,,,,,,,0.0,,
2fbe1b3944536ac722299656cb7e654a,7447852a.json,training,8,8,18,1.0,0.0,1.875,1.422,-0.45300000000000007,0.0,0.1111111111111111,-0.1111111111111111,0.4444444444444444
32d2f53cf0e841d8a438ba3d50582512,7447852a.json,training,0,0,0,,,,,,,0.0,,
576180d54c66ad449c20f1350359b40f,7447852a.json,training,0,0,0,,,,,,,0.0,,
6cf9e9d24833aa3f3f94e0af878c34d8,7447852a.json,training,2,2,18,1.0,0.0,2.0,1.422,-0.5780000000000001,0.0,0.1111111111111111,-0.1111111111111111,0.1111111111111111
935c18b553b15bac8dbeb95a7aad4232,7447852a.json,training,0,0,0,,,,,,,0.0,,
b0f10c0db79e55b652683f14500efad2,7447852a.json,training,1,1,18,1.0,0.0,0.0,1.422,1.422,0.0,0.1111111111111111,-0.1111111111111111,0.05555555555555555
d3a1b6daf7a500100bffab07143f4f23,7447852a.json,training,0,0,0,,,,,,,0.0,,
d564383b85180c421146556ec8616309,7447852a.json,training,0,0,0,,,,,,,0.0,,
0959e09f9a4f70cf7e7b4eb76d00be9e,7468f01a.json,training,0,0,0,,,,,,,0.0,,
576180d54c66ad449c20f1350359b40f,7468f01a.json,training,0,0,0,,,,,,,0.0,,
c09eb8d54fce913a257b0733929d739c,7468f01a.json,training,0,0,0,,,,,,,0.0,,
6cf9e9d24833aa3f3f94e0af878c34d8,7468f01a.json,training,0,0,0,,,,,,,0.0,,
b117bbd6a0289c4519a404f9132a5ea4,7468f01a.json,training,0,0,0,,,,,,,0.0,,
d3a1b6daf7a500100bffab07143f4f23,7468f01a.json,training,5,5,44,1.0,0.0,0.2,6.9035,6.7035,1.0,0.2222222222222222,0.7777777777777778,0.11363636363636363
1f93a624495f6690d823ac4742ee5299,7468f01a.json,training,1,1,44,1.0,0.0,1.0,6.9035,5.9035,1.0,0.2222222222222222,0.7777777777777778,0.022727272727272728
1f93a624495f6690d823ac4742ee5299,746b3537.json,training,0,0,0,,,,,,,0.0,,
b0f10c0db79e55b652683f14500efad2,746b3537.json,training,0,0,0,,,,,,,0.0,,
d3a1b6daf7a500100bffab07143f4f23,746b3537.json,training,2,0,4,,,,2.763,,,0.4444444444444444,,0.5
05a508b8596ad4202a9ace8a4cc5bd82,746b3537.json,training,0,0,0,,,,,,,0.0,,
576180d54c66ad449c20f1350359b40f,746b3537.json,training,0,0,0,,,,,,,0.0,,
83fa2a897e84d2828c500bb340f92f8d,746b3537.json,training,0,0,0,,,,,,,0.0,,
e97b01b2b6caf817135950e1e81d18b9,746b3537.json,training,0,0,0,,,,,,,0.0,,
2f31ffc25dd0840a96fc600d5d985a1a,74dd1130.json,training,0,0,0,,,,,,,0.0,,
2fbe1b3944536ac722299656cb7e654a,74dd1130.json,training,0,0,0,,,,,,,0.0,,
95ff15b5fe14938f30074abf710314b5,74dd1130.json,training,0,0,0,,,,,,,0.0,,
98f0acfe67a39c503a559a1bf4c7e31b,74dd1130.json,training,0,0,0,,,,,,,0.0,,
d9371b8b280cc7811af6185e3153771b,74dd1130.json,training,0,0,0,,,,,,,0.0,,
576180d54c66ad449c20f1350359b40f,74dd1130.json,training,0,0,0,,,,,,,0.0,,
aad2c72c4cd6813a84d879f68572cfb3,74dd1130.json,training,0,0,0,,,,,,,0.0,,
bc83391aa21644d749cf5c0d93374321,74dd1130.json,training,0,0,0,,,,,,,0.0,,
d3a1b6daf7a500100bffab07143f4f23,74dd1130.json,training,0,0,0,,,,,,,0.0,,
f649d6eb34f7b0ab966dcb6a36e60146,74dd1130.json,training,0,0,0,,,,,,,0.0,,
95ff15b5fe14938f30074abf710314b5,75b8110e.json,training,0,0,0,,,,,,,0.0,,
96272dec10d650fcc9002e47bc766a63,75b8110e.json,training,0,0,0,,,,,,,0.0,,
afe8f91d905519e231473e946e2674be,75b8110e.json,training,9,9,13,1.0,0.0,0.1111111111111111,3.0415,2.930388888888889,1.0,0.3333333333333333,0.6666666666666667,0.6923076923076923
afe8f91d905519e231473e946e2674be,760b3cac.json,training,0,0,0,,,,,,,0.0,,
ef31fe508f1ed204a67a1cf0856c1954,760b3cac.json,training,0,0,0,,,,,,,0.0,,
f649d6eb34f7b0ab966dcb6a36e60146,760b3cac.json,training,0,0,0,,,,,,,0.0,,
28e2048269ca4e96f46a41a1ffd4cfe8,776ffc46.json,training,0,0,0,,,,,,,0.0,,
44749b34fa707ed3fc41a5d95662ba13,776ffc46.json,training,8,8,10,1.0,0.0,6.75,6.6545,-0.09550000000000036,0.75,0.1111111111111111,0.6388888888888888,0.8
6e8b87dd3f3994881c74e6b51ba3776d,776ffc46.json,training,0,0,0,,,,,,,0.0,,
bc83391aa21644d749cf5c0d93374321,776ffc46.json,training,0,0,0,,,,,,,0.0,,
afe8f91d905519e231473e946e2674be,776ffc46.json,training,0,0,0,,,,,,,0.0,,
c7f8f6ce9884ce3a74d12a7a31f6ec6e,776ffc46.json,training,0,0,0,,,,,,,0.0,,
ef31fe508f1ed204a67a1cf0856c1954,776ffc46.json,training,0,0,0,,,,,,,0.0,,
f5cadb9507cf607a1be966569482aa3a,776ffc46.json,training,0,0,0,,,,,,,0.0,,
0959e09f9a4f70cf7e7b4eb76d00be9e,77fdfe62.json,training,0,0,0,,,,,,,0.0,,
28e2048269ca4e96f46a41a1ffd4cfe8,77fdfe62.json,training,0,0,0,,,,,,,0.0,,
79c4bc130701b592b83f489ddb155ca2,77fdfe62.json,training,0,0,0,,,,,,,0.0,,
afe8f91d905519e231473e946e2674be,77fdfe62.json,training,0,0,0,,,,,,,0.0,,
d692f427dcd1a02b5b4faa2fd698291b,77fdfe62.json,training,0,0,0,,,,,,,0.0,,
ee75b0042f4a2e6e46e567608663d77d,77fdfe62.json,training,0,0,0,,,,,,,0.0,,
28e2048269ca4e96f46a41a1ffd4cfe8,780d0b14.json,training,0,0,0,,,,,,,0.0,,
51ea0c62ad9d4e9b12f8f225b9c20bb0,780d0b14.json,training,0,0,0,,,,,,,0.0,,
53c90e146ab9fe7554834b5030b269cc,780d0b14.json,training,0,0,0,,,,,,,0.0,,
a9fd2523f8aab42fab3d623ac7895165,780d0b14.json,training,2,2,7,1.0,0.0,0.0,21.16,21.16,1.0,0.5555555555555556,0.4444444444444444,0.2857142857142857
afe8f91d905519e231473e946e2674be,780d0b14.json,training,1,0,7,,,,21.16,,,0.5555555555555556,,0.14285714285714285
dd55f7f830586bcacfca0489ba65e224,780d0b14.json,training,0,0,0,,,,,,,0.0,,
e495ca4d74f9d62a8396c094a93c2032,780d0b14.json,training,0,0,0,,,,,,,0.0,,
a1ed73544bc9ce777ecbf84a402b407b,780d0b14.json,training,0,0,0,,,,,,,0.0,,
c08a651efdec0448e032948cd492b2a0,780d0b14.json,training,1,0,7,,,,21.16,,,0.5555555555555556,,0.14285714285714285
ad19c6b7b9c74e4aa50f3994ef295fe0,7837ac64.json,training,0,0,0,,,,,,,0.0,,
c6b4b18668656e1e0d147eb24209a15d,7837ac64.json,training,0,0,0,,,,,,,0.0,,
fc778fd62d0345dcab08c8a5b1e2e41b,7837ac64.json,training,0,0,0,,,,,,,0.0,,
12f27871246e06146bb8d78afb44162e,794b24be.json,training,1,1,3,1.0,0.0,0.0,0.7685,0.7685,1.0,0.2222222222222222,0.7777777777777778,0.3333333333333333
1ae93fbf23e0e8330f43bf9983a1fe2a,794b24be.json,training,2,2,3,1.0,0.0,0.0,0.7685,0.7685,0.0,0.2222222222222222,-0.2222222222222222,0.6666666666666666
28e2048269ca4e96f46a41a1ffd4cfe8,794b24be.json,training,0,0,0,,,,,,,0.0,,
44749b34fa707ed3fc41a5d95662ba13,794b24be.json,training,0,0,0,,,,,,,0.0,,
4c3a42232400bafae82e3e04fc159de9,794b24be.json,training,0,0,0,,,,,,,0.0,,
8703165eee6307f2bb919060b698f031,794b24be.json,training,0,0,0,,,,,,,0.0,,
a1ed73544bc9ce777ecbf84a402b407b,794b24be.json,training,0,0,0,,,,,,,0.0,,
cca19671575d799eaff74baa67d2e9ea,794b24be.json,training,0,0,0,,,,,,,0.0,,
11a56e8dce08aebca1bde3b782a2ef6c,794b24be.json,training,2,2,3,1.0,0.0,0.5,0.7685,0.26849999999999996,1.0,0.2222222222222222,0.7777777777777778,0.6666666666666666
dd55f7f830586bcacfca0489ba65e224,794b24be.json,training,0,0,0,,,,,,,0.0,,
0f911d7964c190a572b144e9c393533f,7b6016b9.json,training,0,0,0,,,,,,,0.0,,
1ae93fbf23e0e8330f43bf9983a1fe2a,7b6016b9.json,training,0,0,0,,,,,,,0.0,,
55acab6561e513481ecd71a9e0b9fd3a,7b6016b9.json,training,0,0,0,,,,,,,0.0,,
5a2f015f138b57c89d21f179d9920da7,7b6016b9.json,training,0,0,0,,,,,,,0.0,,
b0f10c0db79e55b652683f14500efad2,7b6016b9.json,training,0,0,0,,,,,,,0.0,,
f4fd2cd945694257d37ccb56521675e2,7b6016b9.json,training,0,0,0,,,,,,,0.0,,
28e2048269ca4e96f46a41a1ffd4cfe8,7b6016b9.json,training,0,0,0,,,,,,,0.0,,
11a56e8dce08aebca1bde3b782a2ef6c,7b7f7511.json,training,1,1,0,1.0,0.0,,,,0.0,0.0,0.0,
7c5a2b7aa2e0d2f7d2b8d75764a8077f,7b7f7511.json,training,0,0,0,,,,,,,0.0,,
ad19c6b7b9c74e4aa50f3994ef295fe0,7b7f7511.json,training,0,0,0,,,,,,,0.0,,
fc778fd62d0345dcab08c8a5b1e2e41b,7b7f7511.json,training,0,0,0,,,,,,,0.0,,
a57d172babad17f6614f6cb26d288892,7b7f7511.json,training,0,0,0,,,,,,,0.0,,
0017a2904e34497d578228a0912f2367,7c008303.json,training,1,1,14,1.0,0.0,1.0,2.1175,1.1175000000000002,1.0,0.4444444444444444,0.5555555555555556,0.07142857142857142
1a3e36c59bdf2307e4133574eb601345,7c008303.json,training,2,0,14,,,,2.1175,,,0.4444444444444444,,0.14285714285714285
2c730cf378fa751e079a8582beab9ad7,7c008303.json,training,0,0,0,,,,,,,0.0,,
2e7d5ca3f138d5b3a952654f0b3e405c,7c008303.json,training,0,0,0,,,,,,,0.0,,
2f3c34f6804cc1410db866e589d5c3dc,7c008303.json,training,0,0,0,,,,,,,0.0,,
34f7e4efcb37ae73f626d6a331b50cc1,7c008303.json,training,3,3,14,1.0,0.0,0.3333333333333333,2.1175,1.784166666666667,0.6666666666666666,0.4444444444444444,0.2222222222222222,0.21428571428571427
4affd3ef9a848d16093358ca301886e6,7c008303.json,training,0,0,0,,,,,,,0.0,,
5106f81a3451091e5b4732254e974268,7c008303.json,training,3,1,14,1.0,0.0,1.0,2.1175,1.1175000000000002,1.0,0.4444444444444444,0.5555555555555556,0.21428571428571427
5ceaf89932280233189336e8c517ef9b,7c008303.json,training,0,0,0,,,,,,,0.0,,
5d83a52178e710721682244db8e23eb6,7c008303.json,training,11,11,14,1.0,0.0,0.0,2.1175,2.1175,1.0,0.4444444444444444,0.5555555555555556,0.7857142857142857
60961232d00d04a020d7581a31a45ae9,7c008303.json,training,7,5,14,1.0,0.0,2.0,2.1175,0.11750000000000016,1.0,0.4444444444444444,0.5555555555555556,0.5
8535b691c896c6d2b410e7ab8529853a,7c008303.json,training,0,0,0,,,,,,,0.0,,
8a6618e02b27c51ec7af66e0482f9598,7c008303.json,training,0,0,0,,,,,,,0.0,,
97da5a6d4139e31e47e05fbc5f7f799c,7c008303.json,training,1,1,14,1.0,0.0,0.0,2.1175,2.1175,1.0,0.4444444444444444,0.5555555555555556,0.07142857142857142
a0f38b9a45451557246895e3d404e584,7c008303.json,training,0,0,0,,,,,,,0.0,,
a2c073e4409210c5b6b79573b6ceedd4,7c008303.json,training,0,0,0,,,,,,,0.0,,
ac8d7e981b3e6bdefa2b1fe14203fb19,7c008303.json,training,14,14,14,1.0,0.0,0.0,2.1175,2.1175,0.0,0.4444444444444444,-0.4444444444444444,1.0
b4d97dd14bcb2d4d0d05bd04928a7e2b,7c008303.json,training,0,0,0,,,,,,,0.0,,
c4d476d58119fdac1ed7f099e9e1715f,7c008303.json,training,12,12,14,1.0,0.0,0.08333333333333333,2.1175,2.0341666666666667,0.5,0.4444444444444444,0.05555555555555558,0.8571428571428571
ca10f9fa3b6c0be47a8f8df216bec019,7c008303.json,training,0,0,0,,,,,,,0.0,,
ea1172b7221bde42e6a5235374647630,7c008303.json,training,6,4,14,0.25,0.75,4.25,2.1175,-2.1325,1.0,0.4444444444444444,0.5555555555555556,0.42857142857142855
f19b058ef0092b8ff31f580c73e9dc51,7c008303.json,training,0,0,0,,,,,,,0.0,,
08ac042547937929f95d827a01c90ec2,7ddcd7ec.json,training,13,13,8,1.0,0.0,1.9230769230769231,2.7065,0.783423076923077,1.0,0.1111111111111111,0.8888888888888888,1.625
19f69ac203258689f6823e2c49cea6b7,7ddcd7ec.json,training,0,0,0,,,,,,,0.0,,
36793173c12b1a99895b5b11dfce3dfb,7ddcd7ec.json,training,0,0,0,,,,,,,0.0,,
3a51fb2241834d80cd557f6649157744,7ddcd7ec.json,training,0,0,0,,,,,,,0.0,,
3ffa84ee2470b02c06148ebf4edbe973,7ddcd7ec.json,training,0,0,0,,,,,,,0.0,,
627649179882e0b0ec32bd350ca2024a,7ddcd7ec.json,training,2,2,8,1.0,0.0,3.0,2.7065,-0.29349999999999987,1.0,0.1111111111111111,0.8888888888888888,0.25
62a8e2cd997625ce65a1b66be0412469,7ddcd7ec.json,training,1,1,8,1.0,0.0,1.0,2.7065,1.7065000000000001,1.0,0.1111111111111111,0.8888888888888888,0.125
63dcb241b88d5ac635590dddbb2fb733,7ddcd7ec.json,training,0,0,0,,,,,,,0.0,,
7bf2de15d2719f7807d751b52df3dbbf,7ddcd7ec.json,training,0,0,0,,,,,,,0.0,,
b0b57f34f75c4b922e70f7e4a0b4ab94,7ddcd7ec.json,training,0,0,0,,,,,,,0.0,,
b9d3dceebe1c4fd1f649004aa37859ef,7ddcd7ec.json,training,0,0,0,,,,,,,0.0,,
f52e60932613eae87a17b9d58bbc3e4c,7ddcd7ec.json,training,0,0,0,,,,,,,0.0,,
37289334396727fffe878187ca738a35,7ddcd7ec.json,training,0,0,0,,,,,,,0.0,,
87563262df7b34f3c5962f9020fcc0bb,7ddcd7ec.json,training,0,0,0,,,,,,,0.0,,
11a56e8dce08aebca1bde3b782a2ef6c,7df24a62.json,training,0,0,0,,,,,,,0.0,,
3c709e4bca3db77f2b9cbac235be2acc,7df24a62.json,training,1,1,39,1.0,0.0,12.0,7.6825,-4.3175,0.0,0.1111111111111111,-0.1111111111111111,0.02564102564102564
55acab6561e513481ecd71a9e0b9fd3a,7df24a62.json,training,0,0,0,,,,,,,0.0,,
5a2f015f138b57c89d21f179d9920da7,7df24a62.json,training,3,3,39,1.0,0.0,1.0,7.6825,6.6825,1.0,0.1111111111111111,0.8888888888888888,0.07692307692307693
e6210f1ee7117b9150301badf4abb2b5,7df24a62.json,training,0,0,0,,,,,,,0.0,,
a57d172babad17f6614f6cb26d288892,7df24a62.json,training,0,0,0,,,,,,,0.0,,
0f911d7964c190a572b144e9c393533f,7e0986d6.json,training,0,0,0,,,,,,,0.0,,
11a56e8dce08aebca1bde3b782a2ef6c,7e0986d6.json,training,0,0,0,,,,,,,0.0,,
31a818b33a93e222cc78dbfe1a8bc7fd,7e0986d6.json,training,0,0,0,,,,,,,0.0,,
3c709e4bca3db77f2b9cbac235be2acc,7e0986d6.json,training,1,1,13,1.0,0.0,2.0,2.258,0.258,1.0,0.2222222222222222,0.7777777777777778,0.07692307692307693
96272dec10d650fcc9002e47bc766a63,7e0986d6.json,training,0,0,0,,,,,,,0.0,,
a57d172babad17f6614f6cb26d288892,7e0986d6.json,training,0,0,0,,,,,,,0.0,,
0138e26b1db21b7448ede3f6b41368a7,7f4411dc.json,training,0,0,0,,,,,,,0.0,,
0d4a0f8ff95703ca2eb155521d9f612c,7f4411dc.json,training,0,0,0,,,,,,,0.0,,
0ee1bfab25305de4803f1080215642b4,7f4411dc.json,training,0,0,0,,,,,,,0.0,,
11b4ca1730847a2dd2dc8294a5286d22,7f4411dc.json,training,0,0,0,,,,,,,0.0,,
2123a17da297fccbe7e2623903b25517,7f4411dc.json,training,0,0,0,,,,,,,0.0,,
384a07c78a4bb1e7b98f5c585adea52c,7f4411dc.json,training,0,0,0,,,,,,,0.0,,
3c709e4bca3db77f2b9cbac235be2acc,7f4411dc.json,training,1,1,10,1.0,0.0,3.0,1.899,-1.101,0.0,0.1111111111111111,-0.1111111111111111,0.1
3f79667dd7a47977c46aa3cfdd923fe0,7f4411dc.json,training,0,0,0,,,,,,,0.0,,
54c0be96e41b21eea0aea9a823816606,7f4411dc.json,training,0,0,0,,,,,,,0.0,,
5534fae33ff80a4af7528a52f9a29b7d,7f4411dc.json,training,0,0,0,,,,,,,0.0,,
559a93ee16491182c746993714b7785c,7f4411dc.json,training,2,0,10,,,,1.899,,,0.1111111111111111,,0.2
802c407d4568ef19026e16478fae4bdb,7f4411dc.json,training,0,0,0,,,,,,,0.0,,
80823be5b5aad16ddfbb78763733f2e6,7f4411dc.json,training,0,0,0,,,,,,,0.0,,
959f89b9842091a996604e1753806ae6,7f4411dc.json,training,0,0,0,,,,,,,0.0,,
a22e4c58264de099a0caf3d42b6dabd3,7f4411dc.json,training,0,0,0,,,,,,,0.0,,
a57d172babad17f6614f6cb26d288892,7f4411dc.json,training,1,1,10,1.0,0.0,2.0,1.899,-0.10099999999999998,0.0,0.1111111111111111,-0.1111111111111111,0.1
cfa501159cb573e76f3df064e988e130,7f4411dc.json,training,0,0,0,,,,,,,0.0,,
d25891353b86d0f06d559f652e2bdaf5,7f4411dc.json,training,0,0,0,,,,,,,0.0,,
da1b576b3e719bb309d7c2591a2fdded,7f4411dc.json,training,0,0,0,,,,,,,0.0,,
f659e49b6e0a3f73ca70a8dcda4a94cc,7f4411dc.json,training,0,0,0,,,,,,,0.0,,
fb11b459ca7e8efc451096a15f906516,7f4411dc.json,training,0,0,0,,,,,,,0.0,,
31c9d60f1a463af7bac5180a9835f9f6,7f4411dc.json,training,0,0,0,,,,,,,0.0,,
53c90e146ab9fe7554834b5030b269cc,7f4411dc.json,training,1,1,10,1.0,0.0,1.0,1.899,0.899,0.0,0.1111111111111111,-0.1111111111111111,0.1
0138e26b1db21b7448ede3f6b41368a7,7fe24cdd.json,training,5,3,27,1.0,0.0,0.0,0.3625,0.3625,1.0,0.5555555555555556,0.4444444444444444,0.18518518518518517
069b5bcb5260e313c6c0ca720699b803,7fe24cdd.json,training,5,5,27,1.0,0.0,0.0,0.3625,0.3625,1.0,0.5555555555555556,0.4444444444444444,0.18518518518518517
3c709e4bca3db77f2b9cbac235be2acc,7fe24cdd.json,training,6,6,27,1.0,0.0,0.0,0.3625,0.3625,1.0,0.5555555555555556,0.4444444444444444,0.2222222222222222
80823be5b5aad16ddfbb78763733f2e6,7fe24cdd.json,training,5,5,27,1.0,0.0,0.0,0.3625,0.3625,0.6,0.5555555555555556,0.0444444444444444,0.18518518518518517
959f89b9842091a996604e1753806ae6,7fe24cdd.json,training,0,0,0,,,,,,,0.0,,
99820d664927a31792470aa731ee2fa5,7fe24cdd.json,training,0,0,0,,,,,,,0.0,,
a22e4c58264de099a0caf3d42b6dabd3,7fe24cdd.json,training,0,0,0,,,,,,,0.0,,
a57d172babad17f6614f6cb26d288892,7fe24cdd.json,training,8,8,27,1.0,0.0,0.0,0.3625,0.3625,1.0,0.5555555555555556,0.4444444444444444,0.2962962962962963
c08a651efdec0448e032948cd492b2a0,7fe24cdd.json,training,3,3,27,1.0,0.0,0.0,0.3625,0.3625,1.0,0.5555555555555556,0.4444444444444444,0.1111111111111111
c2e51a8b64ca5c5c1efdac73db7bdfbc,7fe24cdd.json,training,0,0,0,,,,,,,0.0,,
cfa501159cb573e76f3df064e988e130,7fe24cdd.json,training,0,0,0,,,,,,,0.0,,
d25891353b86d0f06d559f652e2bdaf5,7fe24cdd.json,training,2,2,27,1.0,0.0,0.5,0.3625,-0.1375,1.0,0.5555555555555556,0.4444444444444444,0.07407407407407407
fb11b459ca7e8efc451096a15f906516,7fe24cdd.json,training,0,0,0,,,,,,,0.0,,
2123a17da297fccbe7e2623903b25517,7fe24cdd.json,training,4,4,27,1.0,0.0,0.25,0.3625,0.11249999999999999,1.0,0.5555555555555556,0.4444444444444444,0.14814814814814814
31c9d60f1a463af7bac5180a9835f9f6,7fe24cdd.json,training,2,0,27,,,,0.3625,,,0.5555555555555556,,0.07407407407407407
384a07c78a4bb1e7b98f5c585adea52c,7fe24cdd.json,training,0,0,0,,,,,,,0.0,,
802c407d4568ef19026e16478fae4bdb,7fe24cdd.json,training,0,0,0,,,,,,,0.0,,
3f79667dd7a47977c46aa3cfdd923fe0,7fe24cdd.json,training,0,0,0,,,,,,,0.0,,
0138e26b1db21b7448ede3f6b41368a7,80af3007.json,training,1,1,42,1.0,0.0,1.0,5.46,4.46,1.0,0.2222222222222222,0.7777777777777778,0.023809523809523808
03a36ced2e0df61cb2f93ced068e83a1,80af3007.json,training,18,18,42,1.0,0.0,1.0,5.46,4.46,1.0,0.2222222222222222,0.7777777777777778,0.42857142857142855
31c9d60f1a463af7bac5180a9835f9f6,80af3007.json,training,9,9,42,1.0,0.0,1.0,5.46,4.46,1.0,0.2222222222222222,0.7777777777777778,0.21428571428571427
80823be5b5aad16ddfbb78763733f2e6,80af3007.json,training,2,2,42,1.0,0.0,1.0,5.46,4.46,1.0,0.2222222222222222,0.7777777777777778,0.047619047619047616
959f89b9842091a996604e1753806ae6,80af3007.json,training,18,18,42,1.0,0.0,1.0,5.46,4.46,1.0,0.2222222222222222,0.7777777777777778,0.42857142857142855
9d10627e92170e1adcc463f6dcfcb159,80af3007.json,training,1,1,42,1.0,0.0,1.0,5.46,4.46,1.0,0.2222222222222222,0.7777777777777778,0.023809523809523808
802c407d4568ef19026e16478fae4bdb,80af3007.json,training,0,0,0,,,,,,,0.0,,
0138e26b1db21b7448ede3f6b41368a7,810b9b61.json,training,0,0,0,,,,,,,0.0,,
04a63b44aa5dc7b9fa3cb54018622769,810b9b61.json,training,0,0,0,,,,,,,0.0,,
0f911d7964c190a572b144e9c393533f,810b9b61.json,training,0,0,0,,,,,,,0.0,,
2123a17da297fccbe7e2623903b25517,810b9b61.json,training,17,17,24,1.0,0.0,5.0,2.143,-2.857,1.0,0.1111111111111111,0.8888888888888888,0.7083333333333334
31c9d60f1a463af7bac5180a9835f9f6,810b9b61.json,training,0,0,0,,,,,,,0.0,,
384a07c78a4bb1e7b98f5c585adea52c,810b9b61.json,training,3,3,24,1.0,0.0,4.0,2.143,-1.8570000000000002,0.6666666666666666,0.1111111111111111,0.5555555555555556,0.125
3f79667dd7a47977c46aa3cfdd923fe0,810b9b61.json,training,7,7,24,1.0,0.0,1.1428571428571428,2.143,1.000142857142857,0.5714285714285714,0.1111111111111111,0.4603174603174603,0.2916666666666667
54c0be96e41b21eea0aea9a823816606,810b9b61.json,training,0,0,0,,,,,,,0.0,,
559a93ee16491182c746993714b7785c,810b9b61.json,training,0,0,0,,,,,,,0.0,,
6e8b87dd3f3994881c74e6b51ba3776d,810b9b61.json,training,0,0,0,,,,,,,0.0,,
802c407d4568ef19026e16478fae4bdb,810b9b61.json,training,1,1,24,1.0,0.0,6.0,2.143,-3.857,0.0,0.1111111111111111,-0.1111111111111111,0.041666666666666664
959f89b9842091a996604e1753806ae6,810b9b61.json,training,1,1,24,1.0,0.0,3.0,2.143,-0.8570000000000002,0.0,0.1111111111111111,-0.1111111111111111,0.041666666666666664
a22e4c58264de099a0caf3d42b6dabd3,810b9b61.json,training,0,0,0,,,,,,,0.0,,
a9fd2523f8aab42fab3d623ac7895165,810b9b61.json,training,0,0,0,,,,,,,0.0,,
c7f8f6ce9884ce3a74d12a7a31f6ec6e,810b9b61.json,training,0,0,0,,,,,,,0.0,,
cfa501159cb573e76f3df064e988e130,810b9b61.json,training,0,0,0,,,,,,,0.0,,
d25891353b86d0f06d559f652e2bdaf5,810b9b61.json,training,0,0,0,,,,,,,0.0,,
fb11b459ca7e8efc451096a15f906516,810b9b61.json,training,3,3,24,1.0,0.0,1.0,2.143,1.1429999999999998,1.0,0.1111111111111111,0.8888888888888888,0.125
5534fae33ff80a4af7528a52f9a29b7d,810b9b61.json,training,0,0,0,,,,,,,0.0,,
573cc73465f8c69fbe8d857adcea12eb,810b9b61.json,training,0,0,0,,,,,,,0.0,,
0d4a0f8ff95703ca2eb155521d9f612c,810b9b61.json,training,0,0,0,,,,,,,0.0,,
11b4ca1730847a2dd2dc8294a5286d22,810b9b61.json,training,0,0,0,,,,,,,0.0,,
80823be5b5aad16ddfbb78763733f2e6,810b9b61.json,training,0,0,0,,,,,,,0.0,,
0138e26b1db21b7448ede3f6b41368a7,82819916.json,training,4,4,28,1.0,0.0,0.0,1.55,1.55,1.0,0.5555555555555556,0.4444444444444444,0.14285714285714285
2123a17da297fccbe7e2623903b25517,82819916.json,training,2,2,28,1.0,0.0,0.5,1.55,1.05,1.0,0.5555555555555556,0.4444444444444444,0.07142857142857142
31c9d60f1a463af7bac5180a9835f9f6,82819916.json,training,8,8,28,1.0,0.0,1.5,1.55,0.050000000000000044,0.625,0.5555555555555556,0.06944444444444442,0.2857142857142857
384a07c78a4bb1e7b98f5c585adea52c,82819916.json,training,2,2,28,1.0,0.0,0.5,1.55,1.05,1.0,0.5555555555555556,0.4444444444444444,0.07142857142857142
5534fae33ff80a4af7528a52f9a29b7d,82819916.json,training,3,3,28,1.0,0.0,0.3333333333333333,1.55,1.2166666666666668,1.0,0.5555555555555556,0.4444444444444444,0.10714285714285714
559a93ee16491182c746993714b7785c,82819916.json,training,0,0,0,,,,,,,0.0,,
573cc73465f8c69fbe8d857adcea12eb,82819916.json,training,1,1,28,1.0,0.0,1.0,1.55,0.55,0.0,0.5555555555555556,-0.5555555555555556,0.03571428571428571
802c407d4568ef19026e16478fae4bdb,82819916.json,training,0,0,0,,,,,,,0.0,,
80823be5b5aad16ddfbb78763733f2e6,82819916.json,training,1,1,28,1.0,0.0,0.0,1.55,1.55,1.0,0.5555555555555556,0.4444444444444444,0.03571428571428571
a1726e860b2b9ee81c63be858359d19e,82819916.json,training,16,16,28,1.0,0.0,0.0,1.55,1.55,1.0,0.5555555555555556,0.4444444444444444,0.5714285714285714
d25891353b86d0f06d559f652e2bdaf5,82819916.json,training,0,0,0,,,,,,,0.0,,
f076bb4cb6e46d77872910f2120690e4,82819916.json,training,4,4,28,1.0,0.0,0.0,1.55,1.55,1.0,0.5555555555555556,0.4444444444444444,0.14285714285714285
3f79667dd7a47977c46aa3cfdd923fe0,82819916.json,training,0,0,0,,,,,,,0.0,,
959f89b9842091a996604e1753806ae6,82819916.json,training,0,0,0,,,,,,,0.0,,
a22e4c58264de099a0caf3d42b6dabd3,82819916.json,training,0,0,0,,,,,,,0.0,,
fb11b459ca7e8efc451096a15f906516,82819916.json,training,0,0,0,,,,,,,0.0,,
83fa2a897e84d2828c500bb340f92f8d,83302e8f.json,training,1,1,474,1.0,0.0,1.0,0.378,-0.622,1.0,0.2222222222222222,0.7777777777777778,0.002109704641350211
e97b01b2b6caf817135950e1e81d18b9,83302e8f.json,training,0,0,0,,,,,,,0.0,,
f1b9ce4e8bbbd4cf7658000030063259,83302e8f.json,training,1,1,474,1.0,0.0,1.0,0.378,-0.622,1.0,0.2222222222222222,0.7777777777777778,0.002109704641350211
ee75b0042f4a2e6e46e567608663d77d,834ec97d.json,training,0,0,0,,,,,,,0.0,,
04a63b44aa5dc7b9fa3cb54018622769,834ec97d.json,training,1,1,25,1.0,0.0,0.0,3.423,3.423,0.0,0.2222222222222222,-0.2222222222222222,0.04
e97b01b2b6caf817135950e1e81d18b9,834ec97d.json,training,0,0,0,,,,,,,0.0,,
1ae93fbf23e0e8330f43bf9983a1fe2a,8403a5d5.json,training,0,0,0,,,,,,,0.0,,
ad19c6b7b9c74e4aa50f3994ef295fe0,8403a5d5.json,training,0,0,0,,,,,,,0.0,,
fc778fd62d0345dcab08c8a5b1e2e41b,8403a5d5.json,training,0,0,0,,,,,,,0.0,,
7c5a2b7aa2e0d2f7d2b8d75764a8077f,8403a5d5.json,training,0,0,0,,,,,,,0.0,,
e495ca4d74f9d62a8396c094a93c2032,8403a5d5.json,training,0,0,0,,,,,,,0.0,,
104e63de43442ce89c5839f8712b6583,846bdb03.json,training,2,0,27,,,,3.9305,,,0.4444444444444444,,0.07407407407407407
133920c4c4f59b0ccb1e2b2b9037fb4d,846bdb03.json,training,0,0,0,,,,,,,0.0,,
ee75b0042f4a2e6e46e567608663d77d,846bdb03.json,training,4,4,27,1.0,0.0,0.0,3.9305,3.9305,1.0,0.4444444444444444,0.5555555555555556,0.14814814814814814
287cf23755310bb9e8a3a2cf10eda058,846bdb03.json,training,2,2,27,1.0,0.0,1.0,3.9305,2.9305,1.0,0.4444444444444444,0.5555555555555556,0.07407407407407407
0551addd41d9876eb18bc6cb5c1e698b,855e0971.json,training,0,0,0,,,,,,,0.0,,
287cf23755310bb9e8a3a2cf10eda058,855e0971.json,training,0,0,0,,,,,,,0.0,,
44749b34fa707ed3fc41a5d95662ba13,855e0971.json,training,1,0,16,,,,2.7615,,,0.1111111111111111,,0.0625
881ce8318e980e526e22b219d83ebd23,855e0971.json,training,0,0,0,,,,,,,0.0,,
93a134360ea60c0d8e066a30122742d8,855e0971.json,training,0,0,0,,,,,,,0.0,,
9bdc44f39ffaca394834f2ca247e4679,855e0971.json,training,0,0,0,,,,,,,0.0,,
b0f10c0db79e55b652683f14500efad2,855e0971.json,training,2,2,16,1.0,0.0,1.5,2.7615,1.2614999999999998,1.0,0.1111111111111111,0.8888888888888888,0.125
b7d41f06c9766a87c0749b302dc84b79,855e0971.json,training,0,0,0,,,,,,,0.0,,
c3e7df97dcf4835ff92bff871e7e4a34,855e0971.json,training,0,0,0,,,,,,,0.0,,
e19a7333c23f83be137a51ec537f9613,855e0971.json,training,1,1,16,1.0,0.0,1.0,2.7615,1.7614999999999998,1.0,0.1111111111111111,0.8888888888888888,0.0625
e50624c58c0db044b7a82f65e89f295d,855e0971.json,training,0,0,0,,,,,,,0.0,,
fcb244a86ddc5371c7c368d001d8cb7a,855e0971.json,training,1,1,16,1.0,0.0,1.0,2.7615,1.7614999999999998,1.0,0.1111111111111111,0.8888888888888888,0.0625
0551addd41d9876eb18bc6cb5c1e698b,85c4e7cd.json,training,0,0,0,,,,,,,0.0,,
25c479b3a670f80770242190d6b0a1a8,85c4e7cd.json,training,1,1,168,1.0,0.0,1.0,0.1515,-0.8485,1.0,0.6666666666666666,0.33333333333333337,0.005952380952380952
287cf23755310bb9e8a3a2cf10eda058,85c4e7cd.json,training,6,6,168,1.0,0.0,0.0,0.1515,0.1515,1.0,0.6666666666666666,0.33333333333333337,0.03571428571428571
8c0ab5403e1a2ee998e611c7fe5357e0,85c4e7cd.json,training,3,3,168,1.0,0.0,0.0,0.1515,0.1515,0.0,0.6666666666666666,-0.6666666666666666,0.017857142857142856
1ff91660afa988cc3dea74b222a1b9a9,868de0fa.json,training,1,1,134,1.0,0.0,3.0,1.452,-1.548,0.0,0.2222222222222222,-0.2222222222222222,0.007462686567164179
25184258e23814286057d7f171261b1a,868de0fa.json,training,0,0,0,,,,,,,0.0,,
2a9f88a280e5a494865b11e466663ff0,868de0fa.json,training,50,50,134,1.0,0.0,0.86,1.452,0.592,0.02,0.2222222222222222,-0.20222222222222222,0.373134328358209
fab4ec6a0f4a4c7b60e7b216d9e2ba94,868de0fa.json,training,2,2,134,1.0,0.0,0.0,1.452,1.452,0.0,0.2222222222222222,-0.2222222222222222,0.014925373134328358
0325bcc6197384a736c8a6daf0871e63,868de0fa.json,training,0,0,0,,,,,,,0.0,,
8d56dfd1928ffe671d3b72155bc069a4,868de0fa.json,training,0,0,0,,,,,,,0.0,,
415a22ec2436001c46248d2a75bde2d2,8731374e.json,training,2,2,55,1.0,0.0,1.0,5.7285,4.7285,1.0,0.2222222222222222,0.7777777777777778,0.03636363636363636
711d0c02b8e764941f0b4e87d382f5d2,8731374e.json,training,0,0,0,,,,,,,0.0,,
e5ffd1b663c372eba4d3c448892815d7,8731374e.json,training,2,0,55,,,,5.7285,,,0.2222222222222222,,0.03636363636363636
a424d5c3ec30af6593c94a81beb067d2,8731374e.json,training,0,0,0,,,,,,,0.0,,
25bb4292d5ee41e6ebd0379d679b7db3,88a10436.json,training,0,0,0,,,,,,,0.0,,
3750bf86a762bba929b583e49a0265e4,88a10436.json,training,0,0,0,,,,,,,0.0,,
63abf018481b5ee48f4b2f85b36e7abc,88a10436.json,training,0,0,0,,,,,,,0.0,,
6cf9e9d24833aa3f3f94e0af878c34d8,88a10436.json,training,0,0,0,,,,,,,0.0,,
8d33a4bbfd09368f0064ce40c08d9c60,88a10436.json,training,0,0,0,,,,,,,0.0,,
93a134360ea60c0d8e066a30122742d8,88a10436.json,training,0,0,0,,,,,,,0.0,,
8d56dfd1928ffe671d3b72155bc069a4,88a10436.json,training,0,0,0,,,,,,,0.0,,
0ee1bfab25305de4803f1080215642b4,88a62173.json,training,2,0,1,,,,3.4105,,,0.1111111111111111,,2.0
1d6395d60dbc19640f0d0f76f1408e4f,88a62173.json,training,2,0,1,,,,3.4105,,,0.1111111111111111,,2.0
25bb4292d5ee41e6ebd0379d679b7db3,88a62173.json,training,0,0,0,,,,,,,0.0,,
287cf23755310bb9e8a3a2cf10eda058,88a62173.json,training,0,0,0,,,,,,,0.0,,
3750bf86a762bba929b583e49a0265e4,88a62173.json,training,2,2,1,1.0,0.0,1.5,3.4105,1.9104999999999999,0.0,0.1111111111111111,-0.1111111111111111,2.0
9a23174c113cfa3bee401d2ef6bb216a,88a62173.json,training,0,0,0,,,,,,,0.0,,
1ae93fbf23e0e8330f43bf9983a1fe2a,890034e9.json,training,3,3,18,1.0,0.0,1.0,7.7805,6.7805,1.0,0.1111111111111111,0.8888888888888888,0.16666666666666666
25bb4292d5ee41e6ebd0379d679b7db3,890034e9.json,training,0,0,0,,,,,,,0.0,,
2b51f7c49cad5753db361b45f3060e2b,890034e9.json,training,0,0,0,,,,,,,0.0,,
3750bf86a762bba929b583e49a0265e4,890034e9.json,training,0,0,0,,,,,,,0.0,,
8d33a4bbfd09368f0064ce40c08d9c60,890034e9.json,training,0,0,0,,,,,,,0.0,,
b5089cbaa2f5e18824ed9536cd98f155,890034e9.json,training,0,0,0,,,,,,,0.0,,
c0841ccd8b2c5b64b36888e79697cb1a,890034e9.json,training,83,79,18,0.8987341772151899,0.10126582278481013,9.949367088607595,7.7805,-2.1688670886075947,0.1518987341772152,0.1111111111111111,0.04078762306610409,4.611111111111111
f659e49b6e0a3f73ca70a8dcda4a94cc,890034e9.json,training,1,1,18,1.0,0.0,1.0,7.7805,6.7805,1.0,0.1111111111111111,0.8888888888888888,0.05555555555555555
51ea0c62ad9d4e9b12f8f225b9c20bb0,890034e9.json,training,26,26,18,1.0,0.0,6.5,7.7805,1.2805,0.0,0.1111111111111111,-0.1111111111111111,1.4444444444444444
881ce8318e980e526e22b219d83ebd23,890034e9.json,training,0,0,0,,,,,,,0.0,,
edc7850dd3c0836d716b05ecde40f5f0,890034e9.json,training,0,0,0,,,,,,,0.0,,
25bb4292d5ee41e6ebd0379d679b7db3,8a004b2b.json,training,0,0,0,,,,,,,0.0,,
2b51f7c49cad5753db361b45f3060e2b,8a004b2b.json,training,1,1,64,1.0,0.0,2.0,3.5915,1.5915,0.0,0.1111111111111111,-0.1111111111111111,0.015625
51ea0c62ad9d4e9b12f8f225b9c20bb0,8a004b2b.json,training,0,0,0,,,,,,,0.0,,
b5089cbaa2f5e18824ed9536cd98f155,8a004b2b.json,training,4,3,64,1.0,0.0,2.0,3.5915,1.5915,1.0,0.1111111111111111,0.8888888888888888,0.0625
e1d8dd7b600f5bfadfee6223e3837408,8a004b2b.json,training,7,4,64,1.0,0.0,1.0,3.5915,2.5915,1.0,0.1111111111111111,0.8888888888888888,0.109375
3750bf86a762bba929b583e49a0265e4,8a004b2b.json,training,0,0,0,,,,,,,0.0,,
428b4b4e051aeab3f8497f904430092a,8a004b2b.json,training,4,4,64,1.0,0.0,10.5,3.5915,-6.9085,0.0,0.1111111111111111,-0.1111111111111111,0.0625
8d33a4bbfd09368f0064ce40c08d9c60,8a004b2b.json,training,0,0,0,,,,,,,0.0,,
c0841ccd8b2c5b64b36888e79697cb1a,8a004b2b.json,training,0,0,0,,,,,,,0.0,,
da1b576b3e719bb309d7c2591a2fdded,8a004b2b.json,training,4,4,64,1.0,0.0,1.0,3.5915,2.5915,1.0,0.1111111111111111,0.8888888888888888,0.0625
428b4b4e051aeab3f8497f904430092a,8be77c9e.json,training,1,0,9,,,,0.968,,,0.2222222222222222,,0.1111111111111111
4498e7fd3e811b883afa98ece42455c1,8be77c9e.json,training,2,2,9,1.0,0.0,0.0,0.968,0.968,1.0,0.2222222222222222,0.7777777777777778,0.2222222222222222
48bdadcd8f364464b34aa3dddb9f1cb6,8be77c9e.json,training,0,0,0,,,,,,,0.0,,
51ea0c62ad9d4e9b12f8f225b9c20bb0,8be77c9e.json,training,0,0,0,,,,,,,0.0,,
7b1f4554bd5281b869e2275fc62f5736,8be77c9e.json,training,0,0,0,,,,,,,0.0,,
8d4bccbd49897bb8db64007cf714e1a5,8be77c9e.json,training,0,0,0,,,,,,,0.0,,
93a134360ea60c0d8e066a30122742d8,8be77c9e.json,training,1,1,9,1.0,0.0,0.0,0.968,0.968,1.0,0.2222222222222222,0.7777777777777778,0.1111111111111111
b5089cbaa2f5e18824ed9536cd98f155,8be77c9e.json,training,0,0,0,,,,,,,0.0,,
e391262ee27772f4b67744d5f902ae9f,8be77c9e.json,training,0,0,0,,,,,,,0.0,,
e87f2241f4fd5e86cd5cd6dd85296519,8be77c9e.json,training,0,0,0,,,,,,,0.0,,
ea7d699fd510a6e3167567989f8b28af,8be77c9e.json,training,2,0,9,,,,0.968,,,0.2222222222222222,,0.2222222222222222
287cf23755310bb9e8a3a2cf10eda058,8d5021e8.json,training,0,0,0,,,,,,,0.0,,
2b51f7c49cad5753db361b45f3060e2b,8d5021e8.json,training,1,0,32,,,,0.0955,,,0.2222222222222222,,0.03125
48bdadcd8f364464b34aa3dddb9f1cb6,8d5021e8.json,training,5,5,32,1.0,0.0,0.8,0.0955,-0.7045,1.0,0.2222222222222222,0.7777777777777778,0.15625
9bdc44f39ffaca394834f2ca247e4679,8d5021e8.json,training,9,9,32,1.0,0.0,0.4444444444444444,0.0955,-0.3489444444444444,1.0,0.2222222222222222,0.7777777777777778,0.28125
b26c49180b83bf949a81df13cdfe602a,8d5021e8.json,training,3,0,32,,,,0.0955,,,0.2222222222222222,,0.09375
d210c9666954d5f78ea32ec049d34bae,8d5021e8.json,training,0,0,0,,,,,,,0.0,,
e87f2241f4fd5e86cd5cd6dd85296519,8d5021e8.json,training,0,0,0,,,,,,,0.0,,
edc7850dd3c0836d716b05ecde40f5f0,8d5021e8.json,training,11,8,32,0.0,1.0,1.875,0.0955,-1.7795,1.0,0.2222222222222222,0.7777777777777778,0.34375
ef300bb0999b715b6e093eb18050e148,8d5021e8.json,training,1,0,32,,,,0.0955,,,0.2222222222222222,,0.03125
e19a7333c23f83be137a51ec537f9613,8d5021e8.json,training,7,7,32,1.0,0.0,0.2857142857142857,0.0955,-0.1902142857142857,1.0,0.2222222222222222,0.7777777777777778,0.21875
ee75b0042f4a2e6e46e567608663d77d,8d5021e8.json,training,0,0,0,,,,,,,0.0,,
f5f9deced6e3bb9274cf6aeec9829a6d,8d5021e8.json,training,0,0,0,,,,,,,0.0,,
222e793daa759b482733882d0a63382f,8d510a79.json,training,17,17,14,1.0,0.0,1.8823529411764706,1.782,-0.10035294117647053,1.0,0.2222222222222222,0.7777777777777778,1.2142857142857142
2db2cfcd5f69d9d81a456bc5dfbe445c,8d510a79.json,training,1,1,14,1.0,0.0,2.0,1.782,-0.21799999999999997,1.0,0.2222222222222222,0.7777777777777778,0.07142857142857142
9ee1c7c7ec2090914eb1a4d914d515ba,8d510a79.json,training,0,0,0,,,,,,,0.0,,
b5089cbaa2f5e18824ed9536cd98f155,8d510a79.json,training,0,0,0,,,,,,,0.0,,
e87f2241f4fd5e86cd5cd6dd85296519,8d510a79.json,training,1,1,14,1.0,0.0,1.0,1.782,0.782,1.0,0.2222222222222222,0.7777777777777778,0.07142857142857142
ee75b0042f4a2e6e46e567608663d77d,8d510a79.json,training,5,5,14,1.0,0.0,1.4,1.782,0.3820000000000001,1.0,0.2222222222222222,0.7777777777777778,0.35714285714285715
428b4b4e051aeab3f8497f904430092a,8d510a79.json,training,0,0,0,,,,,,,0.0,,
be51ad2bf47ef1a0d3f31e1cf19bc3a3,8d510a79.json,training,5,5,14,1.0,0.0,2.2,1.782,-0.41800000000000015,1.0,0.2222222222222222,0.7777777777777778,0.35714285714285715
222e793daa759b482733882d0a63382f,8e1813be.json,training,0,0,0,,,,,,,0.0,,
428b4b4e051aeab3f8497f904430092a,8e1813be.json,training,0,0,0,,,,,,,0.0,,
9ee1c7c7ec2090914eb1a4d914d515ba,8e1813be.json,training,7,7,42,1.0,0.0,0.0,8.3705,8.3705,0.0,0.6666666666666666,-0.6666666666666666,0.16666666666666666
c08a651efdec0448e032948cd492b2a0,8e1813be.json,training,0,0,0,,,,,,,0.0,,
e87f2241f4fd5e86cd5cd6dd85296519,8e1813be.json,training,0,0,0,,,,,,,0.0,,
8d4bccbd49897bb8db64007cf714e1a5,8e1813be.json,training,0,0,0,,,,,,,0.0,,
8d9a33ce60a4622b7a74d7274eb649a4,8e1813be.json,training,0,0,0,,,,,,,0.0,,
428b4b4e051aeab3f8497f904430092a,8e5a5113.json,training,0,0,0,,,,,,,0.0,,
500a43cbe681a774ca0935a8a31aa1ff,8e5a5113.json,training,7,7,18,1.0,0.0,0.0,0.9345,0.9345,1.0,0.3333333333333333,0.6666666666666667,0.3888888888888889
5a53612936c46f1746ed9b2caec28307,8e5a5113.json,training,1,1,18,1.0,0.0,0.0,0.9345,0.9345,1.0,0.3333333333333333,0.6666666666666667,0.05555555555555555
d6ad1009ae7a3d187db61ac2499a9ee4,8e5a5113.json,training,0,0,0,,,,,,,0.0,,
ef300bb0999b715b6e093eb18050e148,8e5a5113.json,training,7,7,18,1.0,0.0,0.14285714285714285,0.9345,0.7916428571428571,1.0,0.3333333333333333,0.6666666666666667,0.3888888888888889
ef7fb6c6638343f0fa88bad6fb4baf57,8e5a5113.json,training,0,0,0,,,,,,,0.0,,
f47cfbec469a34ad28f1694052e266e8,8e5a5113.json,training,3,3,18,1.0,0.0,0.0,0.9345,0.9345,1.0,0.3333333333333333,0.6666666666666667,0.16666666666666666
48bdadcd8f364464b34aa3dddb9f1cb6,8eb1be9a.json,training,0,0,0,,,,,,,0.0,,
500a43cbe681a774ca0935a8a31aa1ff,8eb1be9a.json,training,6,6,79,1.0,0.0,1.1666666666666667,0.7315,-0.4351666666666667,0.8333333333333334,0.1111111111111111,0.7222222222222223,0.0759493670886076
dc02d170c3a8f681c4e4879219abb7ca,8eb1be9a.json,training,0,0,0,,,,,,,0.0,,
dd0924ce10d6d0ea702335d1ddce2e4b,8eb1be9a.json,training,0,0,0,,,,,,,0.0,,
e6210f1ee7117b9150301badf4abb2b5,8eb1be9a.json,training,0,0,0,,,,,,,0.0,,
e6f7e9fc0c780921eb4b746e269ab07b,8eb1be9a.json,training,11,11,79,1.0,0.0,1.0909090909090908,0.7315,-0.3594090909090908,1.0,0.1111111111111111,0.8888888888888888,0.13924050632911392
fab4ec6a0f4a4c7b60e7b216d9e2ba94,8eb1be9a.json,training,3,3,79,1.0,0.0,1.0,0.7315,-0.26849999999999996,1.0,0.1111111111111111,0.8888888888888888,0.0379746835443038
37f84369d15c9cdc41b13b48b92a3e15,8efcae92.json,training,2,0,50,,,,7.1525,,,0.2222222222222222,,0.04
500a43cbe681a774ca0935a8a31aa1ff,8efcae92.json,training,4,4,50,1.0,0.0,0.0,7.1525,7.1525,1.0,0.2222222222222222,0.7777777777777778,0.08
f5cadb9507cf607a1be966569482aa3a,8efcae92.json,training,0,0,0,,,,,,,0.0,,
103ab9e5f0a930da26fdbcb63e37090e,8efcae92.json,training,4,2,50,1.0,0.0,0.0,7.1525,7.1525,1.0,0.2222222222222222,0.7777777777777778,0.08
76292f56686f689ff54f79af2cc8eda8,8f2ea7aa.json,training,0,0,0,,,,,,,0.0,,
76292f56686f689ff54f79af2cc8eda8,90c28cc7.json,training,0,0,0,,,,,,,0.0,,
838b8505eaf5143a9f6d15f0eda26b9f,90c28cc7.json,training,4,0,8,,,,17.2845,,,0.5555555555555556,,0.5
b7d41f06c9766a87c0749b302dc84b79,90c28cc7.json,training,0,0,0,,,,,,,0.0,,
dc90c568e899119f6c14b8a2e690a87e,90c28cc7.json,training,0,0,0,,,,,,,0.0,,
430fa5ce224b848c92ea2419c651988a,90c28cc7.json,training,0,0,0,,,,,,,0.0,,
034ef526357510010f808ffd936adbaa,90f3ed37.json,training,3,3,10,1.0,0.0,1.0,4.5,3.5,1.0,0.1111111111111111,0.8888888888888888,0.3
12f27871246e06146bb8d78afb44162e,90f3ed37.json,training,0,0,0,,,,,,,0.0,,
430fa5ce224b848c92ea2419c651988a,90f3ed37.json,training,0,0,0,,,,,,,0.0,,
93a134360ea60c0d8e066a30122742d8,90f3ed37.json,training,0,0,0,,,,,,,0.0,,
9ddfc46fae2156b20dd3d95399f45917,90f3ed37.json,training,0,0,0,,,,,,,0.0,,
a1ed73544bc9ce777ecbf84a402b407b,90f3ed37.json,training,0,0,0,,,,,,,0.0,,
b7d41f06c9766a87c0749b302dc84b79,90f3ed37.json,training,0,0,0,,,,,,,0.0,,
be51ad2bf47ef1a0d3f31e1cf19bc3a3,90f3ed37.json,training,0,0,0,,,,,,,0.0,,
eda259bc2c35ff153c1625c6ff45e5db,90f3ed37.json,training,0,0,0,,,,,,,0.0,,
103ab9e5f0a930da26fdbcb63e37090e,913fb3ed.json,training,0,0,0,,,,,,,0.0,,
430fa5ce224b848c92ea2419c651988a,913fb3ed.json,training,0,0,0,,,,,,,0.0,,
51ea0c62ad9d4e9b12f8f225b9c20bb0,913fb3ed.json,training,1,1,24,1.0,0.0,1.0,3.828,2.828,1.0,0.3333333333333333,0.6666666666666667,0.041666666666666664
7b0983c7a491c5d8f50131a199927f21,913fb3ed.json,training,3,3,24,1.0,0.0,0.0,3.828,3.828,0.0,0.3333333333333333,-0.3333333333333333,0.125
937450bbf4bbdb2cf59822b0d06a773f,913fb3ed.json,training,0,0,0,,,,,,,0.0,,
9ddfc46fae2156b20dd3d95399f45917,913fb3ed.json,training,0,0,0,,,,,,,0.0,,
dcd0d24e026a875cc381c214fbd819f1,913fb3ed.json,training,0,0,0,,,,,,,0.0,,
f1b9ce4e8bbbd4cf7658000030063259,913fb3ed.json,training,0,0,0,,,,,,,0.0,,
f7217d2a68babc06d246b9413cd9f08a,913fb3ed.json,training,0,0,0,,,,,,,0.0,,
fadb0da4a3a77d385c0924bcf7a3db7c,913fb3ed.json,training,0,0,0,,,,,,,0.0,,
6f5da348ae25335d44b10e7f86af1996,91413438.json,training,1,1,432,1.0,0.0,0.0,0.028,0.028,1.0,0.2222222222222222,0.7777777777777778,0.0023148148148148147
ad60449528708b644b50088e29912b84,91413438.json,training,3,3,432,1.0,0.0,1.0,0.028,-0.972,1.0,0.2222222222222222,0.7777777777777778,0.006944444444444444
1f7cc6dbe731e3fb05ee41b4a9cd7cb6,91714a58.json,training,0,0,0,,,,,,,0.0,,
258375c2da59f734e73aff5504397ed5,91714a58.json,training,0,0,0,,,,,,,0.0,,
500a43cbe681a774ca0935a8a31aa1ff,91714a58.json,training,0,0,0,,,,,,,0.0,,
6d6df047e6e12870b44f43ccc1d9dfcf,91714a58.json,training,2,2,81,1.0,0.0,0.5,0.853,0.353,0.0,0.1111111111111111,-0.1111111111111111,0.024691358024691357
83fa2a897e84d2828c500bb340f92f8d,91714a58.json,training,0,0,0,,,,,,,0.0,,
b5089cbaa2f5e18824ed9536cd98f155,91714a58.json,training,0,0,0,,,,,,,0.0,,
b7d41f06c9766a87c0749b302dc84b79,91714a58.json,training,0,0,0,,,,,,,0.0,,
e97b01b2b6caf817135950e1e81d18b9,91714a58.json,training,0,0,0,,,,,,,0.0,,
fadb0da4a3a77d385c0924bcf7a3db7c,91714a58.json,training,0,0,0,,,,,,,0.0,,
1f7cc6dbe731e3fb05ee41b4a9cd7cb6,9172f3a0.json,training,0,0,0,,,,,,,0.0,,
258375c2da59f734e73aff5504397ed5,9172f3a0.json,training,0,0,0,,,,,,,0.0,,
28b322fafe03ecb8f22e43e3341f32c9,9172f3a0.json,training,0,0,0,,,,,,,0.0,,
430fa5ce224b848c92ea2419c651988a,9172f3a0.json,training,0,0,0,,,,,,,0.0,,
4dcf85a13efa0a4ab3c7c8a6a860dabf,9172f3a0.json,training,0,0,0,,,,,,,0.0,,
6d6df047e6e12870b44f43ccc1d9dfcf,9172f3a0.json,training,2,2,76,1.0,0.0,0.0,0.063,0.063,0.0,0.3333333333333333,-0.3333333333333333,0.02631578947368421
8d4bccbd49897bb8db64007cf714e1a5,9172f3a0.json,training,0,0,0,,,,,,,0.0,,
9a64171801cd4bd49c6f5ff0f011ba78,9172f3a0.json,training,0,0,0,,,,,,,0.0,,
9bdc44f39ffaca394834f2ca247e4679,9172f3a0.json,training,0,0,0,,,,,,,0.0,,
9ddfc46fae2156b20dd3d95399f45917,9172f3a0.json,training,1,1,76,1.0,0.0,0.0,0.063,0.063,1.0,0.3333333333333333,0.6666666666666667,0.013157894736842105
d6ad1009ae7a3d187db61ac2499a9ee4,9172f3a0.json,training,1,1,76,1.0,0.0,0.0,0.063,0.063,1.0,0.3333333333333333,0.6666666666666667,0.013157894736842105
e19a7333c23f83be137a51ec537f9613,9172f3a0.json,training,0,0,0,,,,,,,0.0,,
eda259bc2c35ff153c1625c6ff45e5db,9172f3a0.json,training,0,0,0,,,,,,,0.0,,
efe9ce9869ede985a278d211b5fea1cf,9172f3a0.json,training,0,0,0,,,,,,,0.0,,
fcb244a86ddc5371c7c368d001d8cb7a,9172f3a0.json,training,0,0,0,,,,,,,0.0,,
5dcd547d78e72c3ba247f5ad9e39768e,9172f3a0.json,training,0,0,0,,,,,,,0.0,,
c3e7df97dcf4835ff92bff871e7e4a34,9172f3a0.json,training,0,0,0,,,,,,,0.0,,
0d486e1326745482e6f2b6a71f93f159,928ad970.json,training,10,10,36,1.0,0.0,1.0,1.68,0.6799999999999999,1.0,0.1111111111111111,0.8888888888888888,0.2777777777777778
1f21284a2220c54c041cbeed539a28f1,928ad970.json,training,0,0,0,,,,,,,0.0,,
1ff91660afa988cc3dea74b222a1b9a9,928ad970.json,training,0,0,0,,,,,,,0.0,,
258375c2da59f734e73aff5504397ed5,928ad970.json,training,0,0,0,,,,,,,0.0,,
500a43cbe681a774ca0935a8a31aa1ff,928ad970.json,training,0,0,0,,,,,,,0.0,,
6d6df047e6e12870b44f43ccc1d9dfcf,928ad970.json,training,0,0,0,,,,,,,0.0,,
8d9a33ce60a4622b7a74d7274eb649a4,928ad970.json,training,0,0,0,,,,,,,0.0,,
9a64171801cd4bd49c6f5ff0f011ba78,928ad970.json,training,0,0,0,,,,,,,0.0,,
a773b4f0211df900b45ac25656dc7865,928ad970.json,training,0,0,0,,,,,,,0.0,,
f635054e59b7a899eac4864c468d0807,928ad970.json,training,1,1,36,1.0,0.0,0.0,1.68,1.68,0.0,0.1111111111111111,-0.1111111111111111,0.027777777777777776
fab4ec6a0f4a4c7b60e7b216d9e2ba94,928ad970.json,training,2,2,36,1.0,0.0,1.5,1.68,0.17999999999999994,0.5,0.1111111111111111,0.3888888888888889,0.05555555555555555
b45f198d54804113935eee8d2ad37f76,928ad970.json,training,1,1,36,1.0,0.0,1.0,1.68,0.6799999999999999,1.0,0.1111111111111111,0.8888888888888888,0.027777777777777776
1f7cc6dbe731e3fb05ee41b4a9cd7cb6,93b581b8.json,training,17,17,12,1.0,0.0,0.0,0.8535,0.8535,0.7647058823529411,0.4444444444444444,0.3202614379084967,1.4166666666666667
258375c2da59f734e73aff5504397ed5,93b581b8.json,training,0,0,0,,,,,,,0.0,,
28b322fafe03ecb8f22e43e3341f32c9,93b581b8.json,training,0,0,0,,,,,,,0.0,,
6d6df047e6e12870b44f43ccc1d9dfcf,93b581b8.json,training,2,2,12,1.0,0.0,0.0,0.8535,0.8535,1.0,0.4444444444444444,0.5555555555555556,0.16666666666666666
ad19c6b7b9c74e4aa50f3994ef295fe0,93b581b8.json,training,4,4,12,1.0,0.0,0.0,0.8535,0.8535,1.0,0.4444444444444444,0.5555555555555556,0.3333333333333333
c6b4b18668656e1e0d147eb24209a15d,93b581b8.json,training,0,0,0,,,,,,,0.0,,
c6c5e0e0c07e573cd63c7fad29928e10,93b581b8.json,training,0,0,0,,,,,,,0.0,,
d6ad1009ae7a3d187db61ac2499a9ee4,93b581b8.json,training,0,0,0,,,,,,,0.0,,
fc778fd62d0345dcab08c8a5b1e2e41b,93b581b8.json,training,4,4,12,1.0,0.0,0.0,0.8535,0.8535,1.0,0.4444444444444444,0.5555555555555556,0.3333333333333333
7b0983c7a491c5d8f50131a199927f21,93b581b8.json,training,0,0,0,,,,,,,0.0,,
012f1674f4649982e9cc0c207c8ececf,941d9a10.json,training,0,0,0,,,,,,,0.0,,
1f7cc6dbe731e3fb05ee41b4a9cd7cb6,941d9a10.json,training,0,0,0,,,,,,,0.0,,
258375c2da59f734e73aff5504397ed5,941d9a10.json,training,0,0,0,,,,,,,0.0,,
6e8b87dd3f3994881c74e6b51ba3776d,941d9a10.json,training,0,0,0,,,,,,,0.0,,
a9fd2523f8aab42fab3d623ac7895165,941d9a10.json,training,0,0,0,,,,,,,0.0,,
be5d9b8294ca6201040dbd925ee33a58,941d9a10.json,training,0,0,0,,,,,,,0.0,,
dd55f7f830586bcacfca0489ba65e224,941d9a10.json,training,4,4,4,1.0,0.0,2.5,3.531,1.0310000000000001,1.0,0.3333333333333333,0.6666666666666667,1.0
28b322fafe03ecb8f22e43e3341f32c9,94f9d214.json,training,1,0,13,,,,1.3445,,,0.2222222222222222,,0.07692307692307693
3dbfc2a1a8142af103a73878f263385c,94f9d214.json,training,0,0,0,,,,,,,0.0,,
48994222818d3cd44733034d7fa60c67,94f9d214.json,training,2,0,13,,,,1.3445,,,0.2222222222222222,,0.15384615384615385
6d6df047e6e12870b44f43ccc1d9dfcf,94f9d214.json,training,0,0,0,,,,,,,0.0,,
be5d9b8294ca6201040dbd925ee33a58,94f9d214.json,training,0,0,0,,,,,,,0.0,,
d6ad1009ae7a3d187db61ac2499a9ee4,94f9d214.json,training,0,0,0,,,,,,,0.0,,
55acab6561e513481ecd71a9e0b9fd3a,952a094c.json,training,0,0,0,,,,,,,0.0,,
be51ad2bf47ef1a0d3f31e1cf19bc3a3,952a094c.json,training,2,2,8,1.0,0.0,0.5,1.9465,1.4465,1.0,0.5555555555555556,0.4444444444444444,0.25
be5d9b8294ca6201040dbd925ee33a58,952a094c.json,training,0,0,0,,,,,,,0.0,,
c0a75d3dcd48cf780a96f7a9a875dfb6,952a094c.json,training,7,7,8,1.0,0.0,1.2857142857142858,1.9465,0.6607857142857141,0.14285714285714285,0.5555555555555556,-0.41269841269841273,0.875
f4fd2cd945694257d37ccb56521675e2,952a094c.json,training,1,1,8,1.0,0.0,0.0,1.9465,1.9465,1.0,0.5555555555555556,0.4444444444444444,0.125
1ae93fbf23e0e8330f43bf9983a1fe2a,952a094c.json,training,0,0,0,,,,,,,0.0,,
5a2f015f138b57c89d21f179d9920da7,952a094c.json,training,2,2,8,1.0,0.0,0.0,1.9465,1.9465,1.0,0.5555555555555556,0.4444444444444444,0.25
9ddfc46fae2156b20dd3d95399f45917,952a094c.json,training,0,0,0,,,,,,,0.0,,
1d6395d60dbc19640f0d0f76f1408e4f,9565186b.json,training,1,1,5,1.0,0.0,0.0,0.4565,0.4565,0.0,0.1111111111111111,-0.1111111111111111,0.2
28b322fafe03ecb8f22e43e3341f32c9,9565186b.json,training,0,0,0,,,,,,,0.0,,
9a64171801cd4bd49c6f5ff0f011ba78,9565186b.json,training,0,0,0,,,,,,,0.0,,
9bdc44f39ffaca394834f2ca247e4679,9565186b.json,training,0,0,0,,,,,,,0.0,,
c3e7df97dcf4835ff92bff871e7e4a34,9565186b.json,training,0,0,0,,,,,,,0.0,,
eae4bd2fe6982ce0269fdb9aacd93dea,9565186b.json,training,0,0,0,,,,,,,0.0,,
edc7850dd3c0836d716b05ecde40f5f0,9565186b.json,training,0,0,0,,,,,,,0.0,,
c0a75d3dcd48cf780a96f7a9a875dfb6,9565186b.json,training,0,0,0,,,,,,,0.0,,
1d6395d60dbc19640f0d0f76f1408e4f,95990924.json,training,0,0,0,,,,,,,0.0,,
2168fb263f1ed4634656e88c9c274905,95990924.json,training,0,0,0,,,,,,,0.0,,
3e2dfe1920db0e12eac215551fb6fc11,95990924.json,training,0,0,0,,,,,,,0.0,,
44749b34fa707ed3fc41a5d95662ba13,95990924.json,training,2,2,24,1.0,0.0,1.5,1.503,0.0029999999999998916,0.0,0.4444444444444444,-0.4444444444444444,0.08333333333333333
808d828037e92415806c19d6a0261778,95990924.json,training,1,1,24,1.0,0.0,0.0,1.503,1.503,1.0,0.4444444444444444,0.5555555555555556,0.041666666666666664
89f5ae11eb55242a590497489d7287e4,95990924.json,training,0,0,0,,,,,,,0.0,,
be5d9b8294ca6201040dbd925ee33a58,95990924.json,training,0,0,0,,,,,,,0.0,,
c4201a676f1d7cbdf405b84de4a14560,95990924.json,training,12,12,24,1.0,0.0,1.0833333333333333,1.503,0.41966666666666663,0.5833333333333334,0.4444444444444444,0.13888888888888895,0.5
ea7d699fd510a6e3167567989f8b28af,95990924.json,training,0,0,0,,,,,,,0.0,,
ee25e317e1f5016f864d7a334960ae03,95990924.json,training,0,0,0,,,,,,,0.0,,
44749b34fa707ed3fc41a5d95662ba13,963e52fc.json,training,1,1,45,1.0,0.0,0.0,2.433,2.433,1.0,0.3333333333333333,0.6666666666666667,0.022222222222222223
4a02b12fce78279ea513c415e6462caf,963e52fc.json,training,0,0,0,,,,,,,0.0,,
700f73e1464c2af2b581421887a7d16b,963e52fc.json,training,0,0,0,,,,,,,0.0,,
89f5ae11eb55242a590497489d7287e4,963e52fc.json,training,0,0,0,,,,,,,0.0,,
c0a75d3dcd48cf780a96f7a9a875dfb6,963e52fc.json,training,2,1,45,1.0,0.0,0.0,2.433,2.433,1.0,0.3333333333333333,0.6666666666666667,0.044444444444444446
eae4bd2fe6982ce0269fdb9aacd93dea,963e52fc.json,training,1,1,45,1.0,0.0,0.0,2.433,2.433,0.0,0.3333333333333333,-0.3333333333333333,0.022222222222222223
e50624c58c0db044b7a82f65e89f295d,963e52fc.json,training,0,0,0,,,,,,,0.0,,
19f69ac203258689f6823e2c49cea6b7,97999447.json,training,0,0,0,,,,,,,0.0,,
36793173c12b1a99895b5b11dfce3dfb,97999447.json,training,0,0,0,,,,,,,0.0,,
3a51fb2241834d80cd557f6649157744,97999447.json,training,0,0,0,,,,,,,0.0,,
3ffa84ee2470b02c06148ebf4edbe973,97999447.json,training,1,0,16,,,,1.7945,,,0.5555555555555556,,0.0625
548447017f10dfcdb83e4d3b13daf553,97999447.json,training,3,3,16,1.0,0.0,1.0,1.7945,0.7945,1.0,0.5555555555555556,0.4444444444444444,0.1875
627649179882e0b0ec32bd350ca2024a,97999447.json,training,0,0,0,,,,,,,0.0,,
62a8e2cd997625ce65a1b66be0412469,97999447.json,training,1,1,16,1.0,0.0,0.0,1.7945,1.7945,1.0,0.5555555555555556,0.4444444444444444,0.0625
63dcb241b88d5ac635590dddbb2fb733,97999447.json,training,0,0,0,,,,,,,0.0,,
7bf2de15d2719f7807d751b52df3dbbf,97999447.json,training,0,0,0,,,,,,,0.0,,
87563262df7b34f3c5962f9020fcc0bb,97999447.json,training,0,0,0,,,,,,,0.0,,
f52e60932613eae87a17b9d58bbc3e4c,97999447.json,training,0,0,0,,,,,,,0.0,,
08ac042547937929f95d827a01c90ec2,97999447.json,training,0,0,0,,,,,,,0.0,,
9baa5e1962089a1d5e352dfda5c6d07c,97999447.json,training,0,0,0,,,,,,,0.0,,
3c53ab19d6397a691276861d08a37cec,97a05b5b.json,training,8,8,54,1.0,0.0,0.25,4.5345,4.2845,0.75,0.5555555555555556,0.19444444444444442,0.14814814814814814
9a64171801cd4bd49c6f5ff0f011ba78,97a05b5b.json,training,1,1,54,1.0,0.0,0.0,4.5345,4.5345,1.0,0.5555555555555556,0.4444444444444444,0.018518518518518517
aa861c3ee8d0206590d74d4f83d20ce7,97a05b5b.json,training,23,22,54,1.0,0.0,3.772727272727273,4.5345,0.7617727272727275,1.0,0.5555555555555556,0.4444444444444444,0.42592592592592593
f1b9ce4e8bbbd4cf7658000030063259,97a05b5b.json,training,0,0,0,,,,,,,0.0,,
89f5ae11eb55242a590497489d7287e4,97a05b5b.json,training,3,3,54,1.0,0.0,1.0,4.5345,3.5345000000000004,1.0,0.5555555555555556,0.4444444444444444,0.05555555555555555
83fa2a897e84d2828c500bb340f92f8d,97a05b5b.json,training,0,0,0,,,,,,,0.0,,
fadb0da4a3a77d385c0924bcf7a3db7c,97a05b5b.json,training,2,2,54,1.0,0.0,0.0,4.5345,4.5345,1.0,0.5555555555555556,0.4444444444444444,0.037037037037037035
14029d6d9faad3a8d5d66ebad48dcd8c,98cf29f8.json,training,0,0,0,,,,,,,0.0,,
415a22ec2436001c46248d2a75bde2d2,98cf29f8.json,training,0,0,0,,,,,,,0.0,,
700f73e1464c2af2b581421887a7d16b,98cf29f8.json,training,0,0,0,,,,,,,0.0,,
aa861c3ee8d0206590d74d4f83d20ce7,98cf29f8.json,training,0,0,0,,,,,,,0.0,,
dd5a847778be2594fe617eb1965fe9e3,98cf29f8.json,training,4,4,21,1.0,0.0,1.0,3.7465,2.7465,1.0,0.2222222222222222,0.7777777777777778,0.19047619047619047
dda10b01506628ed6b3e938cff424852,98cf29f8.json,training,0,0,0,,,,,,,0.0,,
eae4bd2fe6982ce0269fdb9aacd93dea,98cf29f8.json,training,4,4,21,1.0,0.0,1.0,3.7465,2.7465,1.0,0.2222222222222222,0.7777777777777778,0.19047619047619047
89f5ae11eb55242a590497489d7287e4,98cf29f8.json,training,0,0,0,,,,,,,0.0,,
415a22ec2436001c46248d2a75bde2d2,995c5fa3.json,training,0,0,0,,,,,,,0.0,,
711d0c02b8e764941f0b4e87d382f5d2,995c5fa3.json,training,0,0,0,,,,,,,0.0,,
8d4bccbd49897bb8db64007cf714e1a5,995c5fa3.json,training,0,0,0,,,,,,,0.0,,
9a64171801cd4bd49c6f5ff0f011ba78,995c5fa3.json,training,0,0,0,,,,,,,0.0,,
c0a75d3dcd48cf780a96f7a9a875dfb6,995c5fa3.json,training,1,1,9,1.0,0.0,0.0,5.103,5.103,1.0,0.3333333333333333,0.6666666666666667,0.1111111111111111
d6ad1009ae7a3d187db61ac2499a9ee4,995c5fa3.json,training,0,0,0,,,,,,,0.0,,
dc90c568e899119f6c14b8a2e690a87e,995c5fa3.json,training,6,6,9,1.0,0.0,0.0,5.103,5.103,1.0,0.3333333333333333,0.6666666666666667,0.6666666666666666
b855f53fe7103a0a625cc618c24e4cce,995c5fa3.json,training,7,7,9,1.0,0.0,0.0,5.103,5.103,0.5714285714285714,0.3333333333333333,0.23809523809523808,0.7777777777777778
c6218d7320d50ae74968b85a7e831bda,995c5fa3.json,training,6,6,9,1.0,0.0,0.0,5.103,5.103,1.0,0.3333333333333333,0.6666666666666667,0.6666666666666666
1a3e36c59bdf2307e4133574eb601345,99b1bc43.json,training,0,0,0,,,,,,,0.0,,
2f3c34f6804cc1410db866e589d5c3dc,99b1bc43.json,training,2,2,14,1.0,0.0,0.5,1.711,1.211,1.0,0.2222222222222222,0.7777777777777778,0.14285714285714285
34f7e4efcb37ae73f626d6a331b50cc1,99b1bc43.json,training,0,0,0,,,,,,,0.0,,
5d83a52178e710721682244db8e23eb6,99b1bc43.json,training,0,0,0,,,,,,,0.0,,
8a6618e02b27c51ec7af66e0482f9598,99b1bc43.json,training,0,0,0,,,,,,,0.0,,
97da5a6d4139e31e47e05fbc5f7f799c,99b1bc43.json,training,0,0,0,,,,,,,0.0,,
a0f38b9a45451557246895e3d404e584,99b1bc43.json,training,0,0,0,,,,,,,0.0,,
a2c073e4409210c5b6b79573b6ceedd4,99b1bc43.json,training,0,0,0,,,,,,,0.0,,
ac8d7e981b3e6bdefa2b1fe14203fb19,99b1bc43.json,training,0,0,0,,,,,,,0.0,,
ca10f9fa3b6c0be47a8f8df216bec019,99b1bc43.json,training,1,1,14,1.0,0.0,1.0,1.711,0.7110000000000001,1.0,0.2222222222222222,0.7777777777777778,0.07142857142857142
ea1172b7221bde42e6a5235374647630,99b1bc43.json,training,2,1,14,1.0,0.0,0.0,1.711,1.711,1.0,0.2222222222222222,0.7777777777777778,0.14285714285714285
f19b058ef0092b8ff31f580c73e9dc51,99b1bc43.json,training,0,0,0,,,,,,,0.0,,
0017a2904e34497d578228a0912f2367,99b1bc43.json,training,0,0,0,,,,,,,0.0,,
2c730cf378fa751e079a8582beab9ad7,99b1bc43.json,training,0,0,0,,,,,,,0.0,,
b4d97dd14bcb2d4d0d05bd04928a7e2b,99b1bc43.json,training,11,11,14,1.0,0.0,0.0,1.711,1.711,0.45454545454545453,0.2222222222222222,0.23232323232323232,0.7857142857142857
069b5bcb5260e313c6c0ca720699b803,99fa7670.json,training,0,0,0,,,,,,,0.0,,
181befe23bab9e81207a0491a98af259,99fa7670.json,training,0,0,0,,,,,,,0.0,,
736a8982ca05b0d998bdac92c7082541,99fa7670.json,training,0,0,0,,,,,,,0.0,,
aa861c3ee8d0206590d74d4f83d20ce7,99fa7670.json,training,0,0,0,,,,,,,0.0,,
b855f53fe7103a0a625cc618c24e4cce,99fa7670.json,training,0,0,0,,,,,,,0.0,,
c2e51a8b64ca5c5c1efdac73db7bdfbc,99fa7670.json,training,0,0,0,,,,,,,0.0,,
1d6395d60dbc19640f0d0f76f1408e4f,9af7a82c.json,training,0,0,0,,,,,,,0.0,,
28b322fafe03ecb8f22e43e3341f32c9,9af7a82c.json,training,0,0,0,,,,,,,0.0,,
937450bbf4bbdb2cf59822b0d06a773f,9af7a82c.json,training,3,2,24,1.0,0.0,0.0,0.2015,0.2015,1.0,0.6666666666666666,0.33333333333333337,0.125
b855f53fe7103a0a625cc618c24e4cce,9af7a82c.json,training,0,0,0,,,,,,,0.0,,
f1a97fbdf77fb8b3405e227a737ea73e,9af7a82c.json,training,9,9,24,1.0,0.0,0.2222222222222222,0.2015,-0.020722222222222197,1.0,0.6666666666666666,0.33333333333333337,0.375
2168fb263f1ed4634656e88c9c274905,9af7a82c.json,training,1,1,24,1.0,0.0,0.0,0.2015,0.2015,1.0,0.6666666666666666,0.33333333333333337,0.041666666666666664
8d9a33ce60a4622b7a74d7274eb649a4,9af7a82c.json,training,0,0,0,,,,,,,0.0,,
f7217d2a68babc06d246b9413cd9f08a,9af7a82c.json,training,0,0,0,,,,,,,0.0,,
181befe23bab9e81207a0491a98af259,9d9215db.json,training,1,1,45,1.0,0.0,1.0,1.57,0.5700000000000001,1.0,0.5555555555555556,0.4444444444444444,0.022222222222222223
28745a3d6b6e876201b8416365cb5439,9d9215db.json,training,6,6,45,1.0,0.0,0.8333333333333334,1.57,0.7366666666666667,1.0,0.5555555555555556,0.4444444444444444,0.13333333333333333
f1a97fbdf77fb8b3405e227a737ea73e,9d9215db.json,training,9,9,45,1.0,0.0,1.0,1.57,0.5700000000000001,1.0,0.5555555555555556,0.4444444444444444,0.2
996ac6fbd3e71faf28c16acd5df74b7a,9d9215db.json,training,0,0,0,,,,,,,0.0,,
b855f53fe7103a0a625cc618c24e4cce,9d9215db.json,training,0,0,0,,,,,,,0.0,,
af9cd85368a888a544e4798754759c50,9d9215db.json,training,0,0,0,,,,,,,0.0,,
181befe23bab9e81207a0491a98af259,9dfd6313.json,training,0,0,0,,,,,,,0.0,,
e157d7094968629533895c31da80ac67,9dfd6313.json,training,0,0,0,,,,,,,0.0,,
205add2a57bd58ca605f5288ad72eabf,9dfd6313.json,training,0,0,0,,,,,,,0.0,,
2135afaba3a7c986f847be20f2bcb136,9dfd6313.json,training,4,4,14,1.0,0.0,0.25,0.7645,0.5145,0.75,0.5555555555555556,0.19444444444444442,0.2857142857142857
3dbfc2a1a8142af103a73878f263385c,9dfd6313.json,training,0,0,0,,,,,,,0.0,,
a1726e860b2b9ee81c63be858359d19e,9dfd6313.json,training,0,0,0,,,,,,,0.0,,
f1a97fbdf77fb8b3405e227a737ea73e,9dfd6313.json,training,0,0,0,,,,,,,0.0,,
181befe23bab9e81207a0491a98af259,9ecd008a.json,training,3,1,9,1.0,0.0,0.0,11.4945,11.4945,0.0,0.4444444444444444,-0.4444444444444444,0.3333333333333333
83fa2a897e84d2828c500bb340f92f8d,9ecd008a.json,training,0,0,0,,,,,,,0.0,,
af9cd85368a888a544e4798754759c50,9ecd008a.json,training,0,0,0,,,,,,,0.0,,
2f31ffc25dd0840a96fc600d5d985a1a,9edfc990.json,training,0,0,0,,,,,,,0.0,,
3c53ab19d6397a691276861d08a37cec,9f236235.json,training,0,0,0,,,,,,,0.0,,
3dbfc2a1a8142af103a73878f263385c,9f236235.json,training,0,0,0,,,,,,,0.0,,
5dcd547d78e72c3ba247f5ad9e39768e,9f236235.json,training,0,0,0,,,,,,,0.0,,
9bbba0489030f0b9fbd8e8d4cc87ea79,9f236235.json,training,8,8,13,1.0,0.0,0.5,16.888,16.388,1.0,0.3333333333333333,0.6666666666666667,0.6153846153846154
b26c49180b83bf949a81df13cdfe602a,9f236235.json,training,0,0,0,,,,,,,0.0,,
066ab036824d647d6164a0705f9eb311,9f236235.json,training,0,0,0,,,,,,,0.0,,
181befe23bab9e81207a0491a98af259,9f236235.json,training,1,0,13,,,,16.888,,,0.3333333333333333,,0.07692307692307693
396ef5237c25b235f3753aa5b55c3cb6,9f236235.json,training,0,0,0,,,,,,,0.0,,
ae76f1633f50b15667524d3762e457de,9f236235.json,training,0,0,0,,,,,,,0.0,,
af9cd85368a888a544e4798754759c50,9f236235.json,training,0,0,0,,,,,,,0.0,,
e0d2e96f96a885a9eacc17871b23144a,9f236235.json,training,0,0,0,,,,,,,0.0,,
349ab9da96c6acbbca18843282d966ef,a1570a43.json,training,8,8,10,1.0,0.0,1.125,2.517,1.392,1.0,0.2222222222222222,0.7777777777777778,0.8
9bbba0489030f0b9fbd8e8d4cc87ea79,a1570a43.json,training,0,0,0,,,,,,,0.0,,
0325bcc6197384a736c8a6daf0871e63,a1570a43.json,training,0,0,0,,,,,,,0.0,,
209478b8b87f1b6cbc3b540248cd8f24,a1570a43.json,training,11,11,10,1.0,0.0,1.6363636363636365,2.517,0.8806363636363634,1.0,0.2222222222222222,0.7777777777777778,1.1
25184258e23814286057d7f171261b1a,a1570a43.json,training,0,0,0,,,,,,,0.0,,
2a9f88a280e5a494865b11e466663ff0,a1570a43.json,training,0,0,0,,,,,,,0.0,,
104e63de43442ce89c5839f8712b6583,a2fd1cf0.json,training,1,1,16,1.0,0.0,2.0,3.075,1.0750000000000002,0.0,0.1111111111111111,-0.1111111111111111,0.0625
133920c4c4f59b0ccb1e2b2b9037fb4d,a2fd1cf0.json,training,0,0,0,,,,,,,0.0,,
205add2a57bd58ca605f5288ad72eabf,a2fd1cf0.json,training,0,0,0,,,,,,,0.0,,
209478b8b87f1b6cbc3b540248cd8f24,a2fd1cf0.json,training,0,0,0,,,,,,,0.0,,
2d05abf0038319b026deea0a5d2db193,a2fd1cf0.json,training,0,0,0,,,,,,,0.0,,
48994222818d3cd44733034d7fa60c67,a2fd1cf0.json,training,0,0,0,,,,,,,0.0,,
597524dcb17b6005c9251ff0fae02005,a2fd1cf0.json,training,0,0,0,,,,,,,0.0,,
9bbba0489030f0b9fbd8e8d4cc87ea79,a2fd1cf0.json,training,0,0,0,,,,,,,0.0,,
08ac042547937929f95d827a01c90ec2,a3325580.json,training,2,0,12,,,,4.9415,,,0.3333333333333333,,0.16666666666666666
19f69ac203258689f6823e2c49cea6b7,a3325580.json,training,0,0,0,,,,,,,0.0,,
36793173c12b1a99895b5b11dfce3dfb,a3325580.json,training,0,0,0,,,,,,,0.0,,
3ffa84ee2470b02c06148ebf4edbe973,a3325580.json,training,0,0,0,,,,,,,0.0,,
627649179882e0b0ec32bd350ca2024a,a3325580.json,training,1,0,12,,,,4.9415,,,0.3333333333333333,,0.08333333333333333
63dcb241b88d5ac635590dddbb2fb733,a3325580.json,training,0,0,0,,,,,,,0.0,,
7bf2de15d2719f7807d751b52df3dbbf,a3325580.json,training,1,0,12,,,,4.9415,,,0.3333333333333333,,0.08333333333333333
9baa5e1962089a1d5e352dfda5c6d07c,a3325580.json,training,0,0,0,,,,,,,0.0,,
0d8a3dc2d054aa91e655dd79de243fd7,a3325580.json,training,0,0,0,,,,,,,0.0,,
28745a3d6b6e876201b8416365cb5439,a3df8b1e.json,training,0,0,0,,,,,,,0.0,,
597524dcb17b6005c9251ff0fae02005,a3df8b1e.json,training,0,0,0,,,,,,,0.0,,
63abf018481b5ee48f4b2f85b36e7abc,a3df8b1e.json,training,0,0,0,,,,,,,0.0,,
67f8aa504c4b4719a6da42e55f10a2ea,a3df8b1e.json,training,0,0,0,,,,,,,0.0,,
76292f56686f689ff54f79af2cc8eda8,a3df8b1e.json,training,1,1,9,1.0,0.0,1.0,1.5905,0.5905,1.0,0.1111111111111111,0.8888888888888888,0.1111111111111111
96272dec10d650fcc9002e47bc766a63,a3df8b1e.json,training,0,0,0,,,,,,,0.0,,
86b3c54a2491a6cb73f867ea9fb144a1,a3df8b1e.json,training,0,0,0,,,,,,,0.0,,
066ab036824d647d6164a0705f9eb311,a416b8f3.json,training,0,0,0,,,,,,,0.0,,
8c0ab5403e1a2ee998e611c7fe5357e0,a416b8f3.json,training,0,0,0,,,,,,,0.0,,
ae76f1633f50b15667524d3762e457de,a416b8f3.json,training,0,0,0,,,,,,,0.0,,
82d2bfdc33f904063c2049097dc4c3c5,a416b8f3.json,training,5,1,20,1.0,0.0,4.0,1.2205,-2.7795,1.0,0.5555555555555556,0.4444444444444444,0.25
0e932124d962d0590af325bfced7b553,a48eeaf7.json,training,0,0,0,,,,,,,0.0,,
28745a3d6b6e876201b8416365cb5439,a48eeaf7.json,training,0,0,0,,,,,,,0.0,,
348277d6d49390bddfed9ee67024a9ca,a48eeaf7.json,training,0,0,0,,,,,,,0.0,,
5a53612936c46f1746ed9b2caec28307,a48eeaf7.json,training,0,0,0,,,,,,,0.0,,
643e47b726f94dda373cb2ca39739181,a48eeaf7.json,training,0,0,0,,,,,,,0.0,,
8d7c56529be9303b05e8788777d6c7cd,a48eeaf7.json,training,0,0,0,,,,,,,0.0,,
c96ab975f03b1b06ee0ca7c5ace24f5a,a48eeaf7.json,training,0,0,0,,,,,,,0.0,,
da44317c4ba5fc84e2c87b543388554c,a48eeaf7.json,training,0,0,0,,,,,,,0.0,,
efe9ce9869ede985a278d211b5fea1cf,a48eeaf7.json,training,0,0,0,,,,,,,0.0,,
f47cfbec469a34ad28f1694052e266e8,a48eeaf7.json,training,0,0,0,,,,,,,0.0,,
08ac042547937929f95d827a01c90ec2,a5313dff.json,training,10,10,14,1.0,0.0,0.0,2.0865,2.0865,0.0,0.1111111111111111,-0.1111111111111111,0.7142857142857143
0d8a3dc2d054aa91e655dd79de243fd7,a5313dff.json,training,0,0,0,,,,,,,0.0,,
19f69ac203258689f6823e2c49cea6b7,a5313dff.json,training,0,0,0,,,,,,,0.0,,
36793173c12b1a99895b5b11dfce3dfb,a5313dff.json,training,0,0,0,,,,,,,0.0,,
37289334396727fffe878187ca738a35,a5313dff.json,training,0,0,0,,,,,,,0.0,,
548447017f10dfcdb83e4d3b13daf553,a5313dff.json,training,0,0,0,,,,,,,0.0,,
627649179882e0b0ec32bd350ca2024a,a5313dff.json,training,0,0,0,,,,,,,0.0,,
62a8e2cd997625ce65a1b66be0412469,a5313dff.json,training,0,0,0,,,,,,,0.0,,
63dcb241b88d5ac635590dddbb2fb733,a5313dff.json,training,0,0,0,,,,,,,0.0,,
7bf2de15d2719f7807d751b52df3dbbf,a5313dff.json,training,0,0,0,,,,,,,0.0,,
87563262df7b34f3c5962f9020fcc0bb,a5313dff.json,training,0,0,0,,,,,,,0.0,,
9baa5e1962089a1d5e352dfda5c6d07c,a5313dff.json,training,2,2,14,1.0,0.0,0.0,2.0865,2.0865,0.0,0.1111111111111111,-0.1111111111111111,0.14285714285714285
3ffa84ee2470b02c06148ebf4edbe973,a5313dff.json,training,0,0,0,,,,,,,0.0,,
cb29d3449105481e91c41837b2f9ecee,a5313dff.json,training,0,0,0,,,,,,,0.0,,
034ef526357510010f808ffd936adbaa,a5f85a15.json,training,0,0,0,,,,,,,0.0,,
12f27871246e06146bb8d78afb44162e,a5f85a15.json,training,0,0,0,,,,,,,0.0,,
16cf22cd0a67717472bffd3f24c37ba3,a5f85a15.json,training,0,0,0,,,,,,,0.0,,
643e47b726f94dda373cb2ca39739181,a5f85a15.json,training,1,1,11,1.0,0.0,1.0,1.9375,0.9375,1.0,0.1111111111111111,0.8888888888888888,0.09090909090909091
a1ed73544bc9ce777ecbf84a402b407b,a5f85a15.json,training,0,0,0,,,,,,,0.0,,
c03ef0dac4e8f587698c8e81c5a20f35,a5f85a15.json,training,1,1,11,1.0,0.0,0.0,1.9375,1.9375,0.0,0.1111111111111111,-0.1111111111111111,0.09090909090909091
da44317c4ba5fc84e2c87b543388554c,a5f85a15.json,training,0,0,0,,,,,,,0.0,,
069b5bcb5260e313c6c0ca720699b803,a61ba2ce.json,training,0,0,0,,,,,,,0.0,,
28745a3d6b6e876201b8416365cb5439,a61ba2ce.json,training,2,0,9,,,,8.4435,,,0.3333333333333333,,0.2222222222222222
349ab9da96c6acbbca18843282d966ef,a61ba2ce.json,training,0,0,0,,,,,,,0.0,,
3e2dfe1920db0e12eac215551fb6fc11,a61ba2ce.json,training,0,0,0,,,,,,,0.0,,
643e47b726f94dda373cb2ca39739181,a61ba2ce.json,training,2,0,9,,,,8.4435,,,0.3333333333333333,,0.2222222222222222
736a8982ca05b0d998bdac92c7082541,a61ba2ce.json,training,0,0,0,,,,,,,0.0,,
86b3c54a2491a6cb73f867ea9fb144a1,a61ba2ce.json,training,2,0,9,,,,8.4435,,,0.3333333333333333,,0.2222222222222222
8c0ab5403e1a2ee998e611c7fe5357e0,a61ba2ce.json,training,0,0,0,,,,,,,0.0,,
99820d664927a31792470aa731ee2fa5,a61ba2ce.json,training,0,0,0,,,,,,,0.0,,
c03ef0dac4e8f587698c8e81c5a20f35,a61ba2ce.json,training,0,0,0,,,,,,,0.0,,
c2e51a8b64ca5c5c1efdac73db7bdfbc,a61ba2ce.json,training,2,0,9,,,,8.4435,,,0.3333333333333333,,0.2222222222222222
da44317c4ba5fc84e2c87b543388554c,a61ba2ce.json,training,2,0,9,,,,8.4435,,,0.3333333333333333,,0.2222222222222222
e5ffd1b663c372eba4d3c448892815d7,a61ba2ce.json,training,6,6,9,1.0,0.0,0.6666666666666666,8.4435,7.776833333333333,0.5,0.3333333333333333,0.16666666666666669,0.6666666666666666
e7406f84ddb178123490ae6e84c827af,a61ba2ce.json,training,2,0,9,,,,8.4435,,,0.3333333333333333,,0.2222222222222222
0a2bc7440a3e9429c42d42eab82f8449,a61f2674.json,training,1,1,21,1.0,0.0,0.0,1.2345,1.2345,1.0,0.3333333333333333,0.6666666666666667,0.047619047619047616
2d05abf0038319b026deea0a5d2db193,a61f2674.json,training,0,0,0,,,,,,,0.0,,
4a02b12fce78279ea513c415e6462caf,a61f2674.json,training,0,0,0,,,,,,,0.0,,
4d61e07d8ca8013f0470f73bde1d803f,a61f2674.json,training,0,0,0,,,,,,,0.0,,
643e47b726f94dda373cb2ca39739181,a61f2674.json,training,0,0,0,,,,,,,0.0,,
c03ef0dac4e8f587698c8e81c5a20f35,a61f2674.json,training,0,0,0,,,,,,,0.0,,
da44317c4ba5fc84e2c87b543388554c,a61f2674.json,training,0,0,0,,,,,,,0.0,,
e2837a3ee70aea5237092c30eea036c4,a61f2674.json,training,0,0,0,,,,,,,0.0,,
e5ffd1b663c372eba4d3c448892815d7,a61f2674.json,training,3,3,21,1.0,0.0,1.0,1.2345,0.23449999999999993,1.0,0.3333333333333333,0.6666666666666667,0.14285714285714285
e7406f84ddb178123490ae6e84c827af,a61f2674.json,training,0,0,0,,,,,,,0.0,,
c6218d7320d50ae74968b85a7e831bda,a61f2674.json,training,2,2,21,1.0,0.0,1.0,1.2345,0.23449999999999993,1.0,0.3333333333333333,0.6666666666666667,0.09523809523809523
fc778fd62d0345dcab08c8a5b1e2e41b,a64e4611.json,training,0,0,0,,,,,,,0.0,,
7c5a2b7aa2e0d2f7d2b8d75764a8077f,a64e4611.json,training,0,0,0,,,,,,,0.0,,
0325bcc6197384a736c8a6daf0871e63,a65b410d.json,training,0,0,0,,,,,,,0.0,,
0a2bc7440a3e9429c42d42eab82f8449,a65b410d.json,training,0,0,0,,,,,,,0.0,,
16cf22cd0a67717472bffd3f24c37ba3,a65b410d.json,training,0,0,0,,,,,,,0.0,,
1ff91660afa988cc3dea74b222a1b9a9,a65b410d.json,training,0,0,0,,,,,,,0.0,,
209478b8b87f1b6cbc3b540248cd8f24,a65b410d.json,training,0,0,0,,,,,,,0.0,,
25184258e23814286057d7f171261b1a,a65b410d.json,training,0,0,0,,,,,,,0.0,,
2a9f88a280e5a494865b11e466663ff0,a65b410d.json,training,0,0,0,,,,,,,0.0,,
348277d6d49390bddfed9ee67024a9ca,a65b410d.json,training,0,0,0,,,,,,,0.0,,
4db5d1cde58e0b8e760d5c270c67c634,a65b410d.json,training,0,0,0,,,,,,,0.0,,
643e47b726f94dda373cb2ca39739181,a65b410d.json,training,0,0,0,,,,,,,0.0,,
8c0ab5403e1a2ee998e611c7fe5357e0,a65b410d.json,training,0,0,0,,,,,,,0.0,,
ba0ee2a2162fc063511951c4d5f68013,a65b410d.json,training,0,0,0,,,,,,,0.0,,
c03ef0dac4e8f587698c8e81c5a20f35,a65b410d.json,training,0,0,0,,,,,,,0.0,,
da44317c4ba5fc84e2c87b543388554c,a65b410d.json,training,0,0,0,,,,,,,0.0,,
e2837a3ee70aea5237092c30eea036c4,a65b410d.json,training,0,0,0,,,,,,,0.0,,
e5ffd1b663c372eba4d3c448892815d7,a65b410d.json,training,0,0,0,,,,,,,0.0,,
e7406f84ddb178123490ae6e84c827af,a65b410d.json,training,0,0,0,,,,,,,0.0,,
615ad696ee94f1e9940313593aca7a87,a65b410d.json,training,0,0,0,,,,,,,0.0,,
0a2bc7440a3e9429c42d42eab82f8449,a68b268e.json,training,1,1,6,1.0,0.0,0.0,3.6205,3.6205,0.0,0.2222222222222222,-0.2222222222222222,0.16666666666666666
2559d34a0096169b37aaaf8573325f3b,a68b268e.json,training,0,0,0,,,,,,,0.0,,
4db5d1cde58e0b8e760d5c270c67c634,a68b268e.json,training,0,0,0,,,,,,,0.0,,
76292f56686f689ff54f79af2cc8eda8,a68b268e.json,training,0,0,0,,,,,,,0.0,,
8d33a4bbfd09368f0064ce40c08d9c60,a68b268e.json,training,0,0,0,,,,,,,0.0,,
aad2c72c4cd6813a84d879f68572cfb3,a68b268e.json,training,0,0,0,,,,,,,0.0,,
95ff15b5fe14938f30074abf710314b5,a68b268e.json,training,0,0,0,,,,,,,0.0,,
0d486e1326745482e6f2b6a71f93f159,a699fb00.json,training,0,0,0,,,,,,,0.0,,
12f4faec8a555fad73d7e8196bf1f85b,a699fb00.json,training,0,0,0,,,,,,,0.0,,
32d2f53cf0e841d8a438ba3d50582512,a699fb00.json,training,0,0,0,,,,,,,0.0,,
348277d6d49390bddfed9ee67024a9ca,a699fb00.json,training,0,0,0,,,,,,,0.0,,
4db5d1cde58e0b8e760d5c270c67c634,a699fb00.json,training,0,0,0,,,,,,,0.0,,
62fc9542f87938f5dbdba24fc1fc5382,a699fb00.json,training,0,0,0,,,,,,,0.0,,
6f5da348ae25335d44b10e7f86af1996,a699fb00.json,training,0,0,0,,,,,,,0.0,,
838b8505eaf5143a9f6d15f0eda26b9f,a699fb00.json,training,0,0,0,,,,,,,0.0,,
a773b4f0211df900b45ac25656dc7865,a699fb00.json,training,0,0,0,,,,,,,0.0,,
ea7164b591f46f66ec38d8be41a6a614,a699fb00.json,training,0,0,0,,,,,,,0.0,,
e7406f84ddb178123490ae6e84c827af,a699fb00.json,training,0,0,0,,,,,,,0.0,,
0a2bc7440a3e9429c42d42eab82f8449,a740d043.json,training,0,0,0,,,,,,,0.0,,
0d486e1326745482e6f2b6a71f93f159,a740d043.json,training,0,0,0,,,,,,,0.0,,
209478b8b87f1b6cbc3b540248cd8f24,a740d043.json,training,2,0,4,,,,3.4255,,,0.3333333333333333,,0.5
4a02b12fce78279ea513c415e6462caf,a740d043.json,training,0,0,0,,,,,,,0.0,,
4db5d1cde58e0b8e760d5c270c67c634,a740d043.json,training,0,0,0,,,,,,,0.0,,
766de1f914f44a7155adbbe88456f00f,a740d043.json,training,0,0,0,,,,,,,0.0,,
8d33a4bbfd09368f0064ce40c08d9c60,a740d043.json,training,0,0,0,,,,,,,0.0,,
d692f427dcd1a02b5b4faa2fd698291b,a740d043.json,training,0,0,0,,,,,,,0.0,,
e2837a3ee70aea5237092c30eea036c4,a740d043.json,training,0,0,0,,,,,,,0.0,,
ea7164b591f46f66ec38d8be41a6a614,a740d043.json,training,0,0,0,,,,,,,0.0,,
fcaec52804bd12d961cad270ff98c0f3,a740d043.json,training,0,0,0,,,,,,,0.0,,
88b85cdc5a6df1864127e2490dc08bed,a740d043.json,training,0,0,0,,,,,,,0.0,,
627649179882e0b0ec32bd350ca2024a,a78176bb.json,training,2,2,27,1.0,0.0,1.0,1.262,0.262,1.0,0.2222222222222222,0.7777777777777778,0.07407407407407407
63dcb241b88d5ac635590dddbb2fb733,a78176bb.json,training,6,6,27,1.0,0.0,1.0,1.262,0.262,1.0,0.2222222222222222,0.7777777777777778,0.2222222222222222
9baa5e1962089a1d5e352dfda5c6d07c,a78176bb.json,training,13,13,27,1.0,0.0,1.0,1.262,0.262,1.0,0.2222222222222222,0.7777777777777778,0.48148148148148145
36793173c12b1a99895b5b11dfce3dfb,a78176bb.json,training,0,0,0,,,,,,,0.0,,
8c667f31f4618c59f132d2386cb047f4,a78176bb.json,training,0,0,0,,,,,,,0.0,,
cb29d3449105481e91c41837b2f9ecee,a78176bb.json,training,0,0,0,,,,,,,0.0,,
f170fec72411669d98c2117519eff9d6,a78176bb.json,training,0,0,0,,,,,,,0.0,,
08ac042547937929f95d827a01c90ec2,a78176bb.json,training,0,0,0,,,,,,,0.0,,
0d8a3dc2d054aa91e655dd79de243fd7,a78176bb.json,training,5,5,27,1.0,0.0,1.0,1.262,0.262,1.0,0.2222222222222222,0.7777777777777778,0.18518518518518517
7bf2de15d2719f7807d751b52df3dbbf,a78176bb.json,training,0,0,0,,,,,,,0.0,,
09f86a600661502b32236459ea61d808,a79310a0.json,training,0,0,0,,,,,,,0.0,,
10242591507e75585205a86db539e917,a79310a0.json,training,0,0,0,,,,,,,0.0,,
12f4faec8a555fad73d7e8196bf1f85b,a79310a0.json,training,0,0,0,,,,,,,0.0,,
209478b8b87f1b6cbc3b540248cd8f24,a79310a0.json,training,0,0,0,,,,,,,0.0,,
2559d34a0096169b37aaaf8573325f3b,a79310a0.json,training,0,0,0,,,,,,,0.0,,
348277d6d49390bddfed9ee67024a9ca,a79310a0.json,training,0,0,0,,,,,,,0.0,,
349ab9da96c6acbbca18843282d966ef,a79310a0.json,training,0,0,0,,,,,,,0.0,,
4db5d1cde58e0b8e760d5c270c67c634,a79310a0.json,training,0,0,0,,,,,,,0.0,,
5788c1381c38a7d46fdf053083acb7ab,a79310a0.json,training,0,0,0,,,,,,,0.0,,
6f5da348ae25335d44b10e7f86af1996,a79310a0.json,training,2,2,6,1.0,0.0,0.0,1.2285,1.2285,0.0,0.2222222222222222,-0.2222222222222222,0.3333333333333333
d210c9666954d5f78ea32ec049d34bae,a79310a0.json,training,0,0,0,,,,,,,0.0,,
4d61e07d8ca8013f0470f73bde1d803f,a79310a0.json,training,0,0,0,,,,,,,0.0,,
a1726e860b2b9ee81c63be858359d19e,a79310a0.json,training,2,2,6,1.0,0.0,0.0,1.2285,1.2285,1.0,0.2222222222222222,0.7777777777777778,0.3333333333333333
f076bb4cb6e46d77872910f2120690e4,a79310a0.json,training,0,0,0,,,,,,,0.0,,
12f4faec8a555fad73d7e8196bf1f85b,a85d4709.json,training,1,1,9,1.0,0.0,0.0,0.0,0.0,1.0,0.3333333333333333,0.6666666666666667,0.1111111111111111
39ce2d056a6051677370193c9157096a,a85d4709.json,training,0,0,0,,,,,,,0.0,,
4498e7fd3e811b883afa98ece42455c1,a85d4709.json,training,3,3,9,1.0,0.0,0.0,0.0,0.0,1.0,0.3333333333333333,0.6666666666666667,0.3333333333333333
4d61e07d8ca8013f0470f73bde1d803f,a85d4709.json,training,0,0,0,,,,,,,0.0,,
615ad696ee94f1e9940313593aca7a87,a85d4709.json,training,1,1,9,1.0,0.0,0.0,0.0,0.0,0.0,0.3333333333333333,-0.3333333333333333,0.1111111111111111
6f5da348ae25335d44b10e7f86af1996,a85d4709.json,training,0,0,0,,,,,,,0.0,,
8d9a33ce60a4622b7a74d7274eb649a4,a85d4709.json,training,2,2,9,1.0,0.0,0.0,0.0,0.0,1.0,0.3333333333333333,0.6666666666666667,0.2222222222222222
a1726e860b2b9ee81c63be858359d19e,a85d4709.json,training,0,0,0,,,,,,,0.0,,
a773b4f0211df900b45ac25656dc7865,a85d4709.json,training,1,1,9,1.0,0.0,0.0,0.0,0.0,0.0,0.3333333333333333,-0.3333333333333333,0.1111111111111111
d210c9666954d5f78ea32ec049d34bae,a85d4709.json,training,0,0,0,,,,,,,0.0,,
e2837a3ee70aea5237092c30eea036c4,a85d4709.json,training,0,0,0,,,,,,,0.0,,
f076bb4cb6e46d77872910f2120690e4,a85d4709.json,training,0,0,0,,,,,,,0.0,,
e157d7094968629533895c31da80ac67,a85d4709.json,training,0,0,0,,,,,,,0.0,,
08ac042547937929f95d827a01c90ec2,a87f7484.json,training,0,0,0,,,,,,,0.0,,
0d8a3dc2d054aa91e655dd79de243fd7,a87f7484.json,training,0,0,0,,,,,,,0.0,,
19f69ac203258689f6823e2c49cea6b7,a87f7484.json,training,0,0,0,,,,,,,0.0,,
62a8e2cd997625ce65a1b66be0412469,a87f7484.json,training,0,0,0,,,,,,,0.0,,
63dcb241b88d5ac635590dddbb2fb733,a87f7484.json,training,0,0,0,,,,,,,0.0,,
87563262df7b34f3c5962f9020fcc0bb,a87f7484.json,training,0,0,0,,,,,,,0.0,,
8c667f31f4618c59f132d2386cb047f4,a87f7484.json,training,0,0,0,,,,,,,0.0,,
9baa5e1962089a1d5e352dfda5c6d07c,a87f7484.json,training,0,0,0,,,,,,,0.0,,
cb29d3449105481e91c41837b2f9ecee,a87f7484.json,training,0,0,0,,,,,,,0.0,,
f170fec72411669d98c2117519eff9d6,a87f7484.json,training,0,0,0,,,,,,,0.0,,
f779449edb30059d092d024ddf6819f3,a87f7484.json,training,0,0,0,,,,,,,0.0,,
627649179882e0b0ec32bd350ca2024a,a87f7484.json,training,0,0,0,,,,,,,0.0,,
31d1971665c2abeb78533b73d74bace2,a8c38be5.json,training,0,0,0,,,,,,,0.0,,
349ab9da96c6acbbca18843282d966ef,a8c38be5.json,training,0,0,0,,,,,,,0.0,,
3c53ab19d6397a691276861d08a37cec,a8c38be5.json,training,0,0,0,,,,,,,0.0,,
4a02b12fce78279ea513c415e6462caf,a8c38be5.json,training,4,4,63,1.0,0.0,5.25,3.368,-1.8820000000000001,0.0,0.8888888888888888,-0.8888888888888888,0.06349206349206349
a1726e860b2b9ee81c63be858359d19e,a8c38be5.json,training,7,7,63,1.0,0.0,3.5714285714285716,3.368,-0.20342857142857174,1.0,0.8888888888888888,0.11111111111111116,0.1111111111111111
f076bb4cb6e46d77872910f2120690e4,a8c38be5.json,training,3,1,63,1.0,0.0,2.0,3.368,1.3679999999999999,1.0,0.8888888888888888,0.11111111111111116,0.047619047619047616
16cf22cd0a67717472bffd3f24c37ba3,a8c38be5.json,training,0,0,0,,,,,,,0.0,,
39ce2d056a6051677370193c9157096a,a8c38be5.json,training,0,0,0,,,,,,,0.0,,
4d61e07d8ca8013f0470f73bde1d803f,a8c38be5.json,training,0,0,0,,,,,,,0.0,,
348277d6d49390bddfed9ee67024a9ca,a8c38be5.json,training,0,0,0,,,,,,,0.0,,
16cf22cd0a67717472bffd3f24c37ba3,a8d7556c.json,training,0,0,0,,,,,,,0.0,,
31d1971665c2abeb78533b73d74bace2,a8d7556c.json,training,0,0,0,,,,,,,0.0,,
39ce2d056a6051677370193c9157096a,a8d7556c.json,training,0,0,0,,,,,,,0.0,,
a1726e860b2b9ee81c63be858359d19e,a8d7556c.json,training,0,0,0,,,,,,,0.0,,
b26c49180b83bf949a81df13cdfe602a,a8d7556c.json,training,128,128,22,1.0,0.0,3.8203125,3.9705,0.15018749999999992,0.0,0.1111111111111111,-0.1111111111111111,5.818181818181818
ba0ee2a2162fc063511951c4d5f68013,a8d7556c.json,training,0,0,0,,,,,,,0.0,,
ea7164b591f46f66ec38d8be41a6a614,a8d7556c.json,training,0,0,0,,,,,,,0.0,,
05a508b8596ad4202a9ace8a4cc5bd82,a9f96cdd.json,training,0,0,0,,,,,,,0.0,,
0a2bc7440a3e9429c42d42eab82f8449,a9f96cdd.json,training,8,8,3,1.0,0.0,1.0,1.5415,0.5415000000000001,0.5,0.3333333333333333,0.16666666666666669,2.6666666666666665
1bb216a4ebb6ebe4607a15f8327a2dc7,a9f96cdd.json,training,0,0,0,,,,,,,0.0,,
16cf22cd0a67717472bffd3f24c37ba3,a9f96cdd.json,training,0,0,0,,,,,,,0.0,,
790ca9544c747ea68d5529b4cf1d3b60,a9f96cdd.json,training,1,1,3,1.0,0.0,0.0,1.5415,1.5415,1.0,0.3333333333333333,0.6666666666666667,0.3333333333333333
8d7c56529be9303b05e8788777d6c7cd,a9f96cdd.json,training,0,0,0,,,,,,,0.0,,
4a02b12fce78279ea513c415e6462caf,a9f96cdd.json,training,0,0,0,,,,,,,0.0,,
05a508b8596ad4202a9ace8a4cc5bd82,aabf363d.json,training,0,0,0,,,,,,,0.0,,
12f4faec8a555fad73d7e8196bf1f85b,aabf363d.json,training,0,0,0,,,,,,,0.0,,
ef300bb0999b715b6e093eb18050e148,aabf363d.json,training,0,0,0,,,,,,,0.0,,
996ac6fbd3e71faf28c16acd5df74b7a,aabf363d.json,training,0,0,0,,,,,,,0.0,,
f8a3212a7896f3ecde9fa4e5a30a8f6e,aabf363d.json,training,0,0,0,,,,,,,0.0,,
05a508b8596ad4202a9ace8a4cc5bd82,aba27056.json,training,0,0,0,,,,,,,0.0,,
2559d34a0096169b37aaaf8573325f3b,aba27056.json,training,4,4,49,1.0,0.0,1.0,0.7755,-0.22450000000000003,1.0,0.1111111111111111,0.8888888888888888,0.08163265306122448
766de1f914f44a7155adbbe88456f00f,aba27056.json,training,0,0,0,,,,,,,0.0,,
c6218d7320d50ae74968b85a7e831bda,aba27056.json,training,0,0,0,,,,,,,0.0,,
ef300bb0999b715b6e093eb18050e148,aba27056.json,training,0,0,0,,,,,,,0.0,,
9bbba0489030f0b9fbd8e8d4cc87ea79,aba27056.json,training,4,4,49,1.0,0.0,1.0,0.7755,-0.22450000000000003,1.0,0.1111111111111111,0.8888888888888888,0.08163265306122448
08ac042547937929f95d827a01c90ec2,ac0a08a4.json,training,0,0,0,,,,,,,0.0,,
0d8a3dc2d054aa91e655dd79de243fd7,ac0a08a4.json,training,0,0,0,,,,,,,0.0,,
19f69ac203258689f6823e2c49cea6b7,ac0a08a4.json,training,1,1,143,1.0,0.0,0.0,0.007,0.007,1.0,0.5555555555555556,0.4444444444444444,0.006993006993006993
499fe86be021ad18e2fd5bbe9ddcb03b,ac0a08a4.json,training,2,0,143,,,,0.007,,,0.5555555555555556,,0.013986013986013986
548447017f10dfcdb83e4d3b13daf553,ac0a08a4.json,training,16,16,143,1.0,0.0,0.0,0.007,0.007,0.0,0.5555555555555556,-0.5555555555555556,0.11188811188811189
627649179882e0b0ec32bd350ca2024a,ac0a08a4.json,training,0,0,0,,,,,,,0.0,,
63dcb241b88d5ac635590dddbb2fb733,ac0a08a4.json,training,2,2,143,1.0,0.0,0.0,0.007,0.007,1.0,0.5555555555555556,0.4444444444444444,0.013986013986013986
8c667f31f4618c59f132d2386cb047f4,ac0a08a4.json,training,6,6,143,1.0,0.0,0.0,0.007,0.007,0.0,0.5555555555555556,-0.5555555555555556,0.04195804195804196
9baa5e1962089a1d5e352dfda5c6d07c,ac0a08a4.json,training,0,0,0,,,,,,,0.0,,
cb29d3449105481e91c41837b2f9ecee,ac0a08a4.json,training,16,16,143,1.0,0.0,0.0,0.007,0.007,1.0,0.5555555555555556,0.4444444444444444,0.11188811188811189
f170fec72411669d98c2117519eff9d6,ac0a08a4.json,training,0,0,0,,,,,,,0.0,,
f779449edb30059d092d024ddf6819f3,ac0a08a4.json,training,0,0,0,,,,,,,0.0,,
87563262df7b34f3c5962f9020fcc0bb,ac0a08a4.json,training,0,0,0,,,,,,,0.0,,
f576e1838d85d09da2568600f53f8df0,ac0a08a4.json,training,1,0,143,,,,0.007,,,0.5555555555555556,,0.006993006993006993
86b3c54a2491a6cb73f867ea9fb144a1,ae3edfdc.json,training,0,0,0,,,,,,,0.0,,
95ff15b5fe14938f30074abf710314b5,ae3edfdc.json,training,0,0,0,,,,,,,0.0,,
96272dec10d650fcc9002e47bc766a63,ae3edfdc.json,training,1,1,10,1.0,0.0,1.0,3.2985,2.2985,0.0,0.3333333333333333,-0.3333333333333333,0.1
aad2c72c4cd6813a84d879f68572cfb3,ae3edfdc.json,training,0,0,0,,,,,,,0.0,,
ba0ee2a2162fc063511951c4d5f68013,ae3edfdc.json,training,1,0,10,,,,3.2985,,,0.3333333333333333,,0.1
d9371b8b280cc7811af6185e3153771b,ae3edfdc.json,training,0,0,0,,,,,,,0.0,,
ea7d699fd510a6e3167567989f8b28af,ae3edfdc.json,training,0,0,0,,,,,,,0.0,,
01bcb5b2ec9a2b59f947986cfa573369,ae4f1146.json,training,0,0,0,,,,,,,0.0,,
25bb4292d5ee41e6ebd0379d679b7db3,ae4f1146.json,training,1,1,5,1.0,0.0,1.0,5.4945,4.4945,1.0,0.1111111111111111,0.8888888888888888,0.2
340b89b2ffcd1548eff2e0ba2721d98a,ae4f1146.json,training,0,0,0,,,,,,,0.0,,
5a53612936c46f1746ed9b2caec28307,ae4f1146.json,training,0,0,0,,,,,,,0.0,,
86b3c54a2491a6cb73f867ea9fb144a1,ae4f1146.json,training,0,0,0,,,,,,,0.0,,
c96ab975f03b1b06ee0ca7c5ace24f5a,ae4f1146.json,training,0,0,0,,,,,,,0.0,,
e157d7094968629533895c31da80ac67,ae4f1146.json,training,0,0,0,,,,,,,0.0,,
ef300bb0999b715b6e093eb18050e148,ae4f1146.json,training,0,0,0,,,,,,,0.0,,
f47cfbec469a34ad28f1694052e266e8,ae4f1146.json,training,0,0,0,,,,,,,0.0,,
31d1971665c2abeb78533b73d74bace2,ae4f1146.json,training,0,0,0,,,,,,,0.0,,
3fed9d5687a6f8c59be21efa7ab7f62b,ae4f1146.json,training,0,0,0,,,,,,,0.0,,
ea7d699fd510a6e3167567989f8b28af,ae4f1146.json,training,0,0,0,,,,,,,0.0,,
88b85cdc5a6df1864127e2490dc08bed,ae4f1146.json,training,0,0,0,,,,,,,0.0,,
01bcb5b2ec9a2b59f947986cfa573369,aedd82e4.json,training,0,0,0,,,,,,,0.0,,
57f96385de9adfdee3d2868135a3b542,aedd82e4.json,training,0,0,0,,,,,,,0.0,,
88b85cdc5a6df1864127e2490dc08bed,aedd82e4.json,training,0,0,0,,,,,,,0.0,,
996ac6fbd3e71faf28c16acd5df74b7a,aedd82e4.json,training,0,0,0,,,,,,,0.0,,
a773b4f0211df900b45ac25656dc7865,aedd82e4.json,training,0,0,0,,,,,,,0.0,,
de3ea30d562be65d265a253249af8256,aedd82e4.json,training,0,0,0,,,,,,,0.0,,
ea7d699fd510a6e3167567989f8b28af,aedd82e4.json,training,0,0,0,,,,,,,0.0,,
808d828037e92415806c19d6a0261778,aedd82e4.json,training,0,0,0,,,,,,,0.0,,
10242591507e75585205a86db539e917,af902bf9.json,training,0,0,0,,,,,,,0.0,,
361b14ac971f7edaabd1bcddc19878a4,af902bf9.json,training,0,0,0,,,,,,,0.0,,
396300bdc680f5cb130c21fbc7c699c6,af902bf9.json,training,2,2,13,1.0,0.0,1.0,2.5195,1.5194999999999999,1.0,0.1111111111111111,0.8888888888888888,0.15384615384615385
766de1f914f44a7155adbbe88456f00f,af902bf9.json,training,0,0,0,,,,,,,0.0,,
2f31ffc25dd0840a96fc600d5d985a1a,af902bf9.json,training,1,1,13,1.0,0.0,1.0,2.5195,1.5194999999999999,1.0,0.1111111111111111,0.8888888888888888,0.07692307692307693
47d4ec31a159ccf81b6a0926eb8c7fb9,af902bf9.json,training,1,1,13,1.0,0.0,2.0,2.5195,0.5194999999999999,1.0,0.1111111111111111,0.8888888888888888,0.07692307692307693
01bcb5b2ec9a2b59f947986cfa573369,b0c4d837.json,training,0,0,0,,,,,,,0.0,,
766de1f914f44a7155adbbe88456f00f,b0c4d837.json,training,0,0,0,,,,,,,0.0,,
8c0ab5403e1a2ee998e611c7fe5357e0,b0c4d837.json,training,0,0,0,,,,,,,0.0,,
a773b4f0211df900b45ac25656dc7865,b0c4d837.json,training,0,0,0,,,,,,,0.0,,
e157d7094968629533895c31da80ac67,b0c4d837.json,training,0,0,0,,,,,,,0.0,,
e7c15a924938586444d8b0643c60f288,b0c4d837.json,training,0,0,0,,,,,,,0.0,,
361b14ac971f7edaabd1bcddc19878a4,b0c4d837.json,training,0,0,0,,,,,,,0.0,,
25c479b3a670f80770242190d6b0a1a8,b190f7f5.json,training,0,0,0,,,,,,,0.0,,
e157d7094968629533895c31da80ac67,b190f7f5.json,training,0,0,0,,,,,,,0.0,,
0325bcc6197384a736c8a6daf0871e63,b1948b0a.json,training,0,0,0,,,,,,,0.0,,
11df1e24129b7f66bf22e83243dbb0f9,b1948b0a.json,training,0,0,0,,,,,,,0.0,,
1ff91660afa988cc3dea74b222a1b9a9,b1948b0a.json,training,0,0,0,,,,,,,0.0,,
25184258e23814286057d7f171261b1a,b1948b0a.json,training,0,0,0,,,,,,,0.0,,
2a9f88a280e5a494865b11e466663ff0,b1948b0a.json,training,0,0,0,,,,,,,0.0,,
361b14ac971f7edaabd1bcddc19878a4,b1948b0a.json,training,0,0,0,,,,,,,0.0,,
57f96385de9adfdee3d2868135a3b542,b1948b0a.json,training,0,0,0,,,,,,,0.0,,
86b3c54a2491a6cb73f867ea9fb144a1,b1948b0a.json,training,0,0,0,,,,,,,0.0,,
d9824ca39fda893051f094f6ed1fe8d7,b1948b0a.json,training,16,16,7,1.0,0.0,0.5625,0.572,0.009499999999999953,0.0,0.1111111111111111,-0.1111111111111111,2.2857142857142856
396d60dbfa7bf42930f7264f79849865,b1948b0a.json,training,0,0,0,,,,,,,0.0,,
ba0ee2a2162fc063511951c4d5f68013,b1948b0a.json,training,0,0,0,,,,,,,0.0,,
1ff91660afa988cc3dea74b222a1b9a9,b230c067.json,training,0,0,0,,,,,,,0.0,,
1bb216a4ebb6ebe4607a15f8327a2dc7,b230c067.json,training,0,0,0,,,,,,,0.0,,
1f21284a2220c54c041cbeed539a28f1,b230c067.json,training,0,0,0,,,,,,,0.0,,
ba0ee2a2162fc063511951c4d5f68013,b230c067.json,training,16,16,25,1.0,0.0,0.0,1.2235,1.2235,1.0,0.2222222222222222,0.7777777777777778,0.64
ea7164b591f46f66ec38d8be41a6a614,b230c067.json,training,2,2,25,1.0,0.0,0.0,1.2235,1.2235,0.5,0.2222222222222222,0.2777777777777778,0.08
25184258e23814286057d7f171261b1a,b230c067.json,training,0,0,0,,,,,,,0.0,,
361b14ac971f7edaabd1bcddc19878a4,b230c067.json,training,2,2,25,1.0,0.0,0.0,1.2235,1.2235,1.0,0.2222222222222222,0.7777777777777778,0.08
2168fb263f1ed4634656e88c9c274905,b27ca6d3.json,training,0,0,0,,,,,,,0.0,,
31d1971665c2abeb78533b73d74bace2,b27ca6d3.json,training,0,0,0,,,,,,,0.0,,
996ac6fbd3e71faf28c16acd5df74b7a,b27ca6d3.json,training,1,1,48,1.0,0.0,1.0,2.1595,1.1595,1.0,0.1111111111111111,0.8888888888888888,0.020833333333333332
d2b7cc13167b04a75263bac2c634432b,b27ca6d3.json,training,0,0,0,,,,,,,0.0,,
f8a3212a7896f3ecde9fa4e5a30a8f6e,b27ca6d3.json,training,2,2,48,1.0,0.0,1.0,2.1595,1.1595,1.0,0.1111111111111111,0.8888888888888888,0.041666666666666664
0325bcc6197384a736c8a6daf0871e63,b2862040.json,training,0,0,0,,,,,,,0.0,,
25184258e23814286057d7f171261b1a,b2862040.json,training,0,0,0,,,,,,,0.0,,
523c02237b24945a4b6507366f1bb6b9,b2862040.json,training,0,0,0,,,,,,,0.0,,
62fc9542f87938f5dbdba24fc1fc5382,b2862040.json,training,0,0,0,,,,,,,0.0,,
d0baee11639fa7005fad406203ef4b3b,b2862040.json,training,0,0,0,,,,,,,0.0,,
f734e039db9a809f42ce2083f573019d,b2862040.json,training,0,0,0,,,,,,,0.0,,
2a9f88a280e5a494865b11e466663ff0,b2862040.json,training,6,6,32,1.0,0.0,6.333333333333333,2.9125,-3.420833333333333,0.0,0.1111111111111111,-0.1111111111111111,0.1875
56ebd40ba52db715834af4c5dbe09502,b2862040.json,training,0,0,0,,,,,,,0.0,,
c6c5e0e0c07e573cd63c7fad29928e10,b2862040.json,training,1,1,32,1.0,0.0,0.0,2.9125,2.9125,0.0,0.1111111111111111,-0.1111111111111111,0.03125
2025eb689cc6a1f4db636ca6f6710fc3,b2862040.json,training,13,13,32,1.0,0.0,1.6923076923076923,2.9125,1.2201923076923078,0.0,0.1111111111111111,-0.1111111111111111,0.40625
6449a5a210666d1a098474643a30c4dc,b527c5c6.json,training,0,0,0,,,,,,,0.0,,
fcaec52804bd12d961cad270ff98c0f3,b527c5c6.json,training,0,0,0,,,,,,,0.0,,
1bb216a4ebb6ebe4607a15f8327a2dc7,b527c5c6.json,training,0,0,0,,,,,,,0.0,,
3bb342df31c0564962b0779781b1b302,b527c5c6.json,training,0,0,0,,,,,,,0.0,,
45899c141fe1b4809c78ea8846d3be21,b527c5c6.json,training,0,0,0,,,,,,,0.0,,
2559d34a0096169b37aaaf8573325f3b,b548a754.json,training,0,0,0,,,,,,,0.0,,
3e2dfe1920db0e12eac215551fb6fc11,b548a754.json,training,0,0,0,,,,,,,0.0,,
6449a5a210666d1a098474643a30c4dc,b548a754.json,training,0,0,0,,,,,,,0.0,,
b80b87730c1faaf88cea59a5c6d69063,b548a754.json,training,0,0,0,,,,,,,0.0,,
d9824ca39fda893051f094f6ed1fe8d7,b548a754.json,training,0,0,0,,,,,,,0.0,,
dc02d170c3a8f681c4e4879219abb7ca,b548a754.json,training,0,0,0,,,,,,,0.0,,
e58568496d2090ed40f1c1614a51265c,b548a754.json,training,0,0,0,,,,,,,0.0,,
e6f7e9fc0c780921eb4b746e269ab07b,b548a754.json,training,0,0,0,,,,,,,0.0,,
0d486e1326745482e6f2b6a71f93f159,b548a754.json,training,0,0,0,,,,,,,0.0,,
1bb216a4ebb6ebe4607a15f8327a2dc7,b548a754.json,training,0,0,0,,,,,,,0.0,,
10242591507e75585205a86db539e917,b60334d2.json,training,0,0,0,,,,,,,0.0,,
2d05abf0038319b026deea0a5d2db193,b60334d2.json,training,0,0,0,,,,,,,0.0,,
523c02237b24945a4b6507366f1bb6b9,b60334d2.json,training,32,32,36,1.0,0.0,0.0,0.8545,0.8545,0.0,0.3333333333333333,-0.3333333333333333,0.8888888888888888
8d7c56529be9303b05e8788777d6c7cd,b60334d2.json,training,13,13,36,1.0,0.0,0.6153846153846154,0.8545,0.23911538461538462,1.0,0.3333333333333333,0.6666666666666667,0.3611111111111111
ab95782d4e9410ef7f416a3137924b90,b60334d2.json,training,5,5,36,1.0,0.0,0.2,0.8545,0.6545000000000001,1.0,0.3333333333333333,0.6666666666666667,0.1388888888888889
e58568496d2090ed40f1c1614a51265c,b60334d2.json,training,4,4,36,1.0,0.0,0.0,0.8545,0.8545,1.0,0.3333333333333333,0.6666666666666667,0.1111111111111111
ef7fb6c6638343f0fa88bad6fb4baf57,b60334d2.json,training,16,16,36,1.0,0.0,0.0,0.8545,0.8545,1.0,0.3333333333333333,0.6666666666666667,0.4444444444444444
9d10627e92170e1adcc463f6dcfcb159,b60334d2.json,training,0,0,0,,,,,,,0.0,,
32d2f53cf0e841d8a438ba3d50582512,b6afb2da.json,training,0,0,0,,,,,,,0.0,,
686ba5379a39f2329426d7083a36d408,b6afb2da.json,training,2,2,42,1.0,0.0,0.0,1.2425,1.2425,0.5,0.3333333333333333,0.16666666666666669,0.047619047619047616
c6218d7320d50ae74968b85a7e831bda,b6afb2da.json,training,0,0,0,,,,,,,0.0,,
e495ca4d74f9d62a8396c094a93c2032,b6afb2da.json,training,1,1,42,1.0,0.0,0.0,1.2425,1.2425,1.0,0.3333333333333333,0.6666666666666667,0.023809523809523808
e58568496d2090ed40f1c1614a51265c,b6afb2da.json,training,1,1,42,1.0,0.0,0.0,1.2425,1.2425,0.0,0.3333333333333333,-0.3333333333333333,0.023809523809523808
ee25e317e1f5016f864d7a334960ae03,b6afb2da.json,training,1,1,42,1.0,0.0,0.0,1.2425,1.2425,1.0,0.3333333333333333,0.6666666666666667,0.023809523809523808
ef7fb6c6638343f0fa88bad6fb4baf57,b6afb2da.json,training,0,0,0,,,,,,,0.0,,
396300bdc680f5cb130c21fbc7c699c6,b7249182.json,training,0,0,0,,,,,,,0.0,,
396d60dbfa7bf42930f7264f79849865,b7249182.json,training,8,8,24,1.0,0.0,1.0,2.446,1.4460000000000002,1.0,0.2222222222222222,0.7777777777777778,0.3333333333333333
5a53612936c46f1746ed9b2caec28307,b7249182.json,training,0,0,0,,,,,,,0.0,,
6026d2563d049de8566b85ce9dd27830,b7249182.json,training,1,0,24,,,,2.446,,,0.2222222222222222,,0.041666666666666664
700f73e1464c2af2b581421887a7d16b,b7249182.json,training,11,11,24,1.0,0.0,1.7272727272727273,2.446,0.7187272727272729,1.0,0.2222222222222222,0.7777777777777778,0.4583333333333333
b4f96eb3850ee67c5cba210360d783df,b7249182.json,training,5,5,24,1.0,0.0,1.0,2.446,1.4460000000000002,1.0,0.2222222222222222,0.7777777777777778,0.20833333333333334
f47cfbec469a34ad28f1694052e266e8,b7249182.json,training,9,9,24,1.0,0.0,0.7777777777777778,2.446,1.6682222222222225,1.0,0.2222222222222222,0.7777777777777778,0.375
790ca9544c747ea68d5529b4cf1d3b60,b7249182.json,training,2,2,24,1.0,0.0,1.0,2.446,1.4460000000000002,1.0,0.2222222222222222,0.7777777777777778,0.08333333333333333
c96ab975f03b1b06ee0ca7c5ace24f5a,b7249182.json,training,4,4,24,1.0,0.0,0.5,2.446,1.9460000000000002,1.0,0.2222222222222222,0.7777777777777778,0.16666666666666666
03a36ced2e0df61cb2f93ced068e83a1,b775ac94.json,training,4,4,38,1.0,0.0,1.0,4.7655,3.7655000000000003,1.0,0.5555555555555556,0.4444444444444444,0.10526315789473684
d5e9343fbc2245690dff714c2986b3f2,b775ac94.json,training,1,1,38,1.0,0.0,1.0,4.7655,3.7655000000000003,1.0,0.5555555555555556,0.4444444444444444,0.02631578947368421
25c479b3a670f80770242190d6b0a1a8,b782dc8a.json,training,0,0,0,,,,,,,0.0,,
396ef5237c25b235f3753aa5b55c3cb6,b782dc8a.json,training,0,0,0,,,,,,,0.0,,
c41a3b3bf3cac4f0bbd9299a0037d9bf,b782dc8a.json,training,0,0,0,,,,,,,0.0,,
af9cd85368a888a544e4798754759c50,b782dc8a.json,training,6,6,49,1.0,0.0,0.0,1.5715,1.5715,1.0,0.2222222222222222,0.7777777777777778,0.12244897959183673
dd5a847778be2594fe617eb1965fe9e3,b782dc8a.json,training,0,0,0,,,,,,,0.0,,
937450bbf4bbdb2cf59822b0d06a773f,b8825c91.json,training,0,0,0,,,,,,,0.0,,
f7217d2a68babc06d246b9413cd9f08a,b8825c91.json,training,2,2,25,1.0,0.0,0.0,5.1665,5.1665,1.0,0.6666666666666666,0.33333333333333337,0.08
19f69ac203258689f6823e2c49cea6b7,b8cdaf2b.json,training,0,0,0,,,,,,,0.0,,
627649179882e0b0ec32bd350ca2024a,b8cdaf2b.json,training,1,1,6,1.0,0.0,1.0,2.9115,1.9115000000000002,1.0,0.1111111111111111,0.8888888888888888,0.16666666666666666
63dcb241b88d5ac635590dddbb2fb733,b8cdaf2b.json,training,0,0,0,,,,,,,0.0,,
87563262df7b34f3c5962f9020fcc0bb,b8cdaf2b.json,training,0,0,0,,,,,,,0.0,,
8c667f31f4618c59f132d2386cb047f4,b8cdaf2b.json,training,0,0,0,,,,,,,0.0,,
916251189d43363bfb58a1ea26f302ee,b8cdaf2b.json,training,1,1,6,1.0,0.0,1.0,2.9115,1.9115000000000002,1.0,0.1111111111111111,0.8888888888888888,0.16666666666666666
9baa5e1962089a1d5e352dfda5c6d07c,b8cdaf2b.json,training,0,0,0,,,,,,,0.0,,
cb29d3449105481e91c41837b2f9ecee,b8cdaf2b.json,training,0,0,0,,,,,,,0.0,,
eea7c398992fe15d1e26fef397ad81c7,b8cdaf2b.json,training,0,0,0,,,,,,,0.0,,
f170fec72411669d98c2117519eff9d6,b8cdaf2b.json,training,0,0,0,,,,,,,0.0,,
f576e1838d85d09da2568600f53f8df0,b8cdaf2b.json,training,0,0,0,,,,,,,0.0,,
f779449edb30059d092d024ddf6819f3,b8cdaf2b.json,training,0,0,0,,,,,,,0.0,,
0d8a3dc2d054aa91e655dd79de243fd7,b8cdaf2b.json,training,1,1,6,1.0,0.0,3.0,2.9115,-0.0884999999999998,0.0,0.1111111111111111,-0.1111111111111111,0.16666666666666666
499fe86be021ad18e2fd5bbe9ddcb03b,b8cdaf2b.json,training,0,0,0,,,,,,,0.0,,
14029d6d9faad3a8d5d66ebad48dcd8c,b91ae062.json,training,0,0,0,,,,,,,0.0,,
362a62ade79b3a398f025d62c126b3a8,b91ae062.json,training,0,0,0,,,,,,,0.0,,
b5e86c67c590fe50f395a06ae8f8801e,b91ae062.json,training,6,6,140,1.0,0.0,0.0,0.024,0.024,1.0,0.5555555555555556,0.4444444444444444,0.04285714285714286
dd5a847778be2594fe617eb1965fe9e3,b91ae062.json,training,0,0,0,,,,,,,0.0,,
dda10b01506628ed6b3e938cff424852,b91ae062.json,training,3,3,140,1.0,0.0,0.0,0.024,0.024,1.0,0.5555555555555556,0.4444444444444444,0.02142857142857143
19f69ac203258689f6823e2c49cea6b7,b94a9452.json,training,6,6,28,1.0,0.0,1.0,4.908,3.9080000000000004,0.5,0.1111111111111111,0.3888888888888889,0.21428571428571427
468133debd1059f212dc2013d14d463d,b94a9452.json,training,0,0,0,,,,,,,0.0,,
499fe86be021ad18e2fd5bbe9ddcb03b,b94a9452.json,training,0,0,0,,,,,,,0.0,,
627649179882e0b0ec32bd350ca2024a,b94a9452.json,training,0,0,0,,,,,,,0.0,,
63dcb241b88d5ac635590dddbb2fb733,b94a9452.json,training,19,19,28,1.0,0.0,1.631578947368421,4.908,3.276421052631579,0.7894736842105263,0.1111111111111111,0.6783625730994152,0.6785714285714286
916251189d43363bfb58a1ea26f302ee,b94a9452.json,training,0,0,0,,,,,,,0.0,,
cb29d3449105481e91c41837b2f9ecee,b94a9452.json,training,2,0,28,,,,4.908,,,0.1111111111111111,,0.07142857142857142
eea7c398992fe15d1e26fef397ad81c7,b94a9452.json,training,0,0,0,,,,,,,0.0,,
f170fec72411669d98c2117519eff9d6,b94a9452.json,training,0,0,0,,,,,,,0.0,,
f576e1838d85d09da2568600f53f8df0,b94a9452.json,training,4,4,28,1.0,0.0,1.0,4.908,3.9080000000000004,1.0,0.1111111111111111,0.8888888888888888,0.14285714285714285
f779449edb30059d092d024ddf6819f3,b94a9452.json,training,2,0,28,,,,4.908,,,0.1111111111111111,,0.07142857142857142
548447017f10dfcdb83e4d3b13daf553,b94a9452.json,training,20,20,28,1.0,0.0,0.4,4.908,4.508,0.0,0.1111111111111111,-0.1111111111111111,0.7142857142857143
8c667f31f4618c59f132d2386cb047f4,b94a9452.json,training,0,0,0,,,,,,,0.0,,
9baa5e1962089a1d5e352dfda5c6d07c,b94a9452.json,training,0,0,0,,,,,,,0.0,,
0d8a3dc2d054aa91e655dd79de243fd7,b94a9452.json,training,1,1,28,1.0,0.0,1.0,4.908,3.9080000000000004,1.0,0.1111111111111111,0.8888888888888888,0.03571428571428571
396d60dbfa7bf42930f7264f79849865,b9b7f026.json,training,0,0,0,,,,,,,0.0,,
0edcb9301e887ce38a36c59fe396a121,ba26e723.json,training,0,0,0,,,,,,,0.0,,
2d05abf0038319b026deea0a5d2db193,ba26e723.json,training,0,0,0,,,,,,,0.0,,
6449a5a210666d1a098474643a30c4dc,ba26e723.json,training,1,1,12,1.0,0.0,2.0,0.989,-1.0110000000000001,0.0,0.1111111111111111,-0.1111111111111111,0.08333333333333333
686ba5379a39f2329426d7083a36d408,ba26e723.json,training,10,10,12,1.0,0.0,0.7,0.989,0.28900000000000003,0.2,0.1111111111111111,0.0888888888888889,0.8333333333333334
d0baee11639fa7005fad406203ef4b3b,ba26e723.json,training,0,0,0,,,,,,,0.0,,
dd0924ce10d6d0ea702335d1ddce2e4b,ba26e723.json,training,0,0,0,,,,,,,0.0,,
de3ea30d562be65d265a253249af8256,ba26e723.json,training,1,1,12,1.0,0.0,1.0,0.989,-0.01100000000000001,1.0,0.1111111111111111,0.8888888888888888,0.08333333333333333
e6210f1ee7117b9150301badf4abb2b5,ba26e723.json,training,0,0,0,,,,,,,0.0,,
e6f7e9fc0c780921eb4b746e269ab07b,ba26e723.json,training,0,0,0,,,,,,,0.0,,
69f10bb45c105a7fa19dc21bb321041b,ba26e723.json,training,0,0,0,,,,,,,0.0,,
11df1e24129b7f66bf22e83243dbb0f9,ba97ae07.json,training,0,0,0,,,,,,,0.0,,
1f21284a2220c54c041cbeed539a28f1,ba97ae07.json,training,0,0,0,,,,,,,0.0,,
2f31ffc25dd0840a96fc600d5d985a1a,ba97ae07.json,training,0,0,0,,,,,,,0.0,,
340b89b2ffcd1548eff2e0ba2721d98a,ba97ae07.json,training,9,8,4,1.0,0.0,3.875,3.8995,0.02450000000000019,1.0,0.1111111111111111,0.8888888888888888,2.25
47d4ec31a159ccf81b6a0926eb8c7fb9,ba97ae07.json,training,4,4,4,1.0,0.0,0.0,3.8995,3.8995,0.0,0.1111111111111111,-0.1111111111111111,1.0
6449a5a210666d1a098474643a30c4dc,ba97ae07.json,training,0,0,0,,,,,,,0.0,,
6f5da348ae25335d44b10e7f86af1996,ba97ae07.json,training,0,0,0,,,,,,,0.0,,
766de1f914f44a7155adbbe88456f00f,ba97ae07.json,training,0,0,0,,,,,,,0.0,,
9b24e78cf4e7e6f5b8a5451daba4f42e,ba97ae07.json,training,0,0,0,,,,,,,0.0,,
b45f198d54804113935eee8d2ad37f76,ba97ae07.json,training,3,3,4,1.0,0.0,1.3333333333333333,3.8995,2.5661666666666667,0.6666666666666666,0.1111111111111111,0.5555555555555556,0.75
d2b7cc13167b04a75263bac2c634432b,ba97ae07.json,training,0,0,0,,,,,,,0.0,,
55acab6561e513481ecd71a9e0b9fd3a,bb43febb.json,training,0,0,0,,,,,,,0.0,,
5a2f015f138b57c89d21f179d9920da7,bb43febb.json,training,0,0,0,,,,,,,0.0,,
88b85cdc5a6df1864127e2490dc08bed,bb43febb.json,training,1,1,24,1.0,0.0,1.0,1.6435,0.6435,1.0,0.1111111111111111,0.8888888888888888,0.041666666666666664
aa5ad66104aae5cd76e46d71eb9df4e7,bb43febb.json,training,0,0,0,,,,,,,0.0,,
ea7164b591f46f66ec38d8be41a6a614,bb43febb.json,training,1,1,24,1.0,0.0,1.0,1.6435,0.6435,1.0,0.1111111111111111,0.8888888888888888,0.041666666666666664
f4fd2cd945694257d37ccb56521675e2,bb43febb.json,training,0,0,0,,,,,,,0.0,,
01bcb5b2ec9a2b59f947986cfa573369,bbc9ae5d.json,training,1,0,60,,,,0.1605,,,0.2222222222222222,,0.016666666666666666
70b77b51be11ca37831ee6692e84a495,bbc9ae5d.json,training,1,0,60,,,,0.1605,,,0.2222222222222222,,0.016666666666666666
dd55f7f830586bcacfca0489ba65e224,bbc9ae5d.json,training,5,3,60,1.0,0.0,0.0,0.1605,0.1605,1.0,0.2222222222222222,0.7777777777777778,0.08333333333333333
686ba5379a39f2329426d7083a36d408,bbc9ae5d.json,training,0,0,0,,,,,,,0.0,,
0edcb9301e887ce38a36c59fe396a121,bc1d5164.json,training,0,0,0,,,,,,,0.0,,
790ca9544c747ea68d5529b4cf1d3b60,bc1d5164.json,training,0,0,0,,,,,,,0.0,,
c41a3b3bf3cac4f0bbd9299a0037d9bf,bc1d5164.json,training,0,0,0,,,,,,,0.0,,
c6b4b18668656e1e0d147eb24209a15d,bc1d5164.json,training,0,0,0,,,,,,,0.0,,
c6c5e0e0c07e573cd63c7fad29928e10,bc1d5164.json,training,0,0,0,,,,,,,0.0,,
d2b7cc13167b04a75263bac2c634432b,bc1d5164.json,training,0,0,0,,,,,,,0.0,,
03a36ced2e0df61cb2f93ced068e83a1,bd4472b8.json,training,0,0,0,,,,,,,0.0,,
0727096a7fe1e756721b3b85b6e19e11,bd4472b8.json,training,0,0,0,,,,,,,0.0,,
16780d6eac2d3a612f930fa627cd41eb,bd4472b8.json,training,0,0,0,,,,,,,0.0,,
30bc72c24495fdcb7b11451dc6b3a8b0,bd4472b8.json,training,1,1,50,1.0,0.0,0.0,0.2475,0.2475,1.0,0.5555555555555556,0.4444444444444444,0.02
686ba5379a39f2329426d7083a36d408,bd4472b8.json,training,0,0,0,,,,,,,0.0,,
9d10627e92170e1adcc463f6dcfcb159,bd4472b8.json,training,0,0,0,,,,,,,0.0,,
ab95782d4e9410ef7f416a3137924b90,bd4472b8.json,training,5,5,50,1.0,0.0,0.0,0.2475,0.2475,1.0,0.5555555555555556,0.4444444444444444,0.1
d5e9343fbc2245690dff714c2986b3f2,bd4472b8.json,training,5,5,50,1.0,0.0,0.0,0.2475,0.2475,0.0,0.5555555555555556,-0.5555555555555556,0.1
e5ffd1b663c372eba4d3c448892815d7,bd4472b8.json,training,0,0,0,,,,,,,0.0,,
066ab036824d647d6164a0705f9eb311,bda2d7a6.json,training,4,4,36,1.0,0.0,0.0,0.0,0.0,0.25,0.3333333333333333,-0.08333333333333331,0.1111111111111111
0700a2b6bcfd0209f0d9e83f528c259f,bda2d7a6.json,training,0,0,0,,,,,,,0.0,,
56ebd40ba52db715834af4c5dbe09502,bda2d7a6.json,training,0,0,0,,,,,,,0.0,,
900e6e6002d28f88867e3c7dc6d6c724,bda2d7a6.json,training,0,0,0,,,,,,,0.0,,
ae76f1633f50b15667524d3762e457de,bda2d7a6.json,training,0,0,0,,,,,,,0.0,,
396ef5237c25b235f3753aa5b55c3cb6,bda2d7a6.json,training,0,0,0,,,,,,,0.0,,
30bc72c24495fdcb7b11451dc6b3a8b0,bdad9b1f.json,training,2,2,7,1.0,0.0,0.0,1.719,1.719,1.0,0.3333333333333333,0.6666666666666667,0.2857142857142857
5788c1381c38a7d46fdf053083acb7ab,bdad9b1f.json,training,0,0,0,,,,,,,0.0,,
5c508249b94eed7a989197b9539e1031,bdad9b1f.json,training,2,2,7,1.0,0.0,0.0,1.719,1.719,1.0,0.3333333333333333,0.6666666666666667,0.2857142857142857
838b8505eaf5143a9f6d15f0eda26b9f,bdad9b1f.json,training,1,1,7,1.0,0.0,0.0,1.719,1.719,1.0,0.3333333333333333,0.6666666666666667,0.14285714285714285
88b5ad44e2d6ad799720832dcc45d014,bdad9b1f.json,training,0,0,0,,,,,,,0.0,,
9bdc44f39ffaca394834f2ca247e4679,bdad9b1f.json,training,0,0,0,,,,,,,0.0,,
c3e7df97dcf4835ff92bff871e7e4a34,bdad9b1f.json,training,0,0,0,,,,,,,0.0,,
e50624c58c0db044b7a82f65e89f295d,bdad9b1f.json,training,1,1,7,1.0,0.0,0.0,1.719,1.719,1.0,0.3333333333333333,0.6666666666666667,0.14285714285714285
fcb244a86ddc5371c7c368d001d8cb7a,bdad9b1f.json,training,1,1,7,1.0,0.0,0.0,1.719,1.719,1.0,0.3333333333333333,0.6666666666666667,0.14285714285714285
57f96385de9adfdee3d2868135a3b542,be94b721.json,training,2,2,12,1.0,0.0,0.0,4.039,4.039,1.0,0.2222222222222222,0.7777777777777778,0.16666666666666666
b45f198d54804113935eee8d2ad37f76,be94b721.json,training,3,1,12,1.0,0.0,1.0,4.039,3.0389999999999997,1.0,0.2222222222222222,0.7777777777777778,0.25
de3ea30d562be65d265a253249af8256,be94b721.json,training,0,0,0,,,,,,,0.0,,
471c7e94c06dc7d4401d04b460725438,be94b721.json,training,0,0,0,,,,,,,0.0,,
47d4ec31a159ccf81b6a0926eb8c7fb9,be94b721.json,training,0,0,0,,,,,,,0.0,,
034ef526357510010f808ffd936adbaa,beb8660c.json,training,0,0,0,,,,,,,0.0,,
2135afaba3a7c986f847be20f2bcb136,beb8660c.json,training,0,0,0,,,,,,,0.0,,
471c7e94c06dc7d4401d04b460725438,beb8660c.json,training,0,0,0,,,,,,,0.0,,
5788c1381c38a7d46fdf053083acb7ab,beb8660c.json,training,0,0,0,,,,,,,0.0,,
de3ea30d562be65d265a253249af8256,beb8660c.json,training,0,0,0,,,,,,,0.0,,
1b267bb9a6cc638cbbc7707a79eadcc1,c0f76784.json,training,0,0,0,,,,,,,0.0,,
387c2b0d5f6b17e798f6f757fd69dc4d,c0f76784.json,training,0,0,0,,,,,,,0.0,,
5788c1381c38a7d46fdf053083acb7ab,c0f76784.json,training,3,3,14,1.0,0.0,1.6666666666666667,2.6005,0.9338333333333331,0.0,0.3333333333333333,-0.3333333333333333,0.21428571428571427
5c508249b94eed7a989197b9539e1031,c0f76784.json,training,0,0,0,,,,,,,0.0,,
63abf018481b5ee48f4b2f85b36e7abc,c0f76784.json,training,0,0,0,,,,,,,0.0,,
6ac8e23ca7c5375cbc59d8acc580c5cc,c0f76784.json,training,0,0,0,,,,,,,0.0,,
e391262ee27772f4b67744d5f902ae9f,c0f76784.json,training,0,0,0,,,,,,,0.0,,
9086ad400185d32b408e7cfc6aa535c3,c1d99e64.json,training,3,3,123,1.0,0.0,1.0,1.7355,0.7355,1.0,0.1111111111111111,0.8888888888888888,0.024390243902439025
0ee1bfab25305de4803f1080215642b4,c1d99e64.json,training,0,0,0,,,,,,,0.0,,
733922bbc0f840f170c8dae64919dfc4,c3e719e8.json,training,0,0,0,,,,,,,0.0,,
937450bbf4bbdb2cf59822b0d06a773f,c3e719e8.json,training,0,0,0,,,,,,,0.0,,
9b24e78cf4e7e6f5b8a5451daba4f42e,c3e719e8.json,training,3,3,72,1.0,0.0,1.3333333333333333,0.172,-1.1613333333333333,0.0,0.5555555555555556,-0.5555555555555556,0.041666666666666664
de3ea30d562be65d265a253249af8256,c3e719e8.json,training,0,0,0,,,,,,,0.0,,
f7217d2a68babc06d246b9413cd9f08a,c3e719e8.json,training,0,0,0,,,,,,,0.0,,
1f21284a2220c54c041cbeed539a28f1,c3f564a4.json,training,8,8,39,1.0,0.0,4.125,3.2105,-0.9144999999999999,0.625,0.8888888888888888,-0.26388888888888884,0.20512820512820512
1ff91660afa988cc3dea74b222a1b9a9,c3f564a4.json,training,3,3,39,1.0,0.0,3.6666666666666665,3.2105,-0.4561666666666664,1.0,0.8888888888888888,0.11111111111111116,0.07692307692307693
25184258e23814286057d7f171261b1a,c3f564a4.json,training,1,1,39,1.0,0.0,0.0,3.2105,3.2105,1.0,0.8888888888888888,0.11111111111111116,0.02564102564102564
b45f198d54804113935eee8d2ad37f76,c3f564a4.json,training,28,28,39,1.0,0.0,3.4642857142857144,3.2105,-0.2537857142857143,0.5357142857142857,0.8888888888888888,-0.35317460317460314,0.717948717948718
2d05abf0038319b026deea0a5d2db193,c444b776.json,training,0,0,0,,,,,,,0.0,,
3817e82a9ea81f76b90a5e4013db2d67,c444b776.json,training,0,0,0,,,,,,,0.0,,
3e2dfe1920db0e12eac215551fb6fc11,c444b776.json,training,4,4,40,1.0,0.0,4.0,2.347,-1.653,0.0,0.3333333333333333,-0.3333333333333333,0.1
471c7e94c06dc7d4401d04b460725438,c444b776.json,training,0,0,0,,,,,,,0.0,,
6ac8e23ca7c5375cbc59d8acc580c5cc,c444b776.json,training,0,0,0,,,,,,,0.0,,
70b77b51be11ca37831ee6692e84a495,c444b776.json,training,7,7,40,1.0,0.0,1.1428571428571428,2.347,1.2041428571428572,0.42857142857142855,0.3333333333333333,0.09523809523809523,0.175
9086ad400185d32b408e7cfc6aa535c3,c444b776.json,training,0,0,0,,,,,,,0.0,,
dc02d170c3a8f681c4e4879219abb7ca,c444b776.json,training,3,3,40,1.0,0.0,1.0,2.347,1.347,1.0,0.3333333333333333,0.6666666666666667,0.075
f8a3212a7896f3ecde9fa4e5a30a8f6e,c444b776.json,training,2,2,40,1.0,0.0,1.0,2.347,1.347,1.0,0.3333333333333333,0.6666666666666667,0.05
b565b9251253827e0545d5fcc99a160f,c444b776.json,training,18,18,40,1.0,0.0,0.8333333333333334,2.347,1.5136666666666665,1.0,0.3333333333333333,0.6666666666666667,0.45
3e2dfe1920db0e12eac215551fb6fc11,c59eb873.json,training,0,0,0,,,,,,,0.0,,
471c7e94c06dc7d4401d04b460725438,c59eb873.json,training,0,0,0,,,,,,,0.0,,
48994222818d3cd44733034d7fa60c67,c59eb873.json,training,0,0,0,,,,,,,0.0,,
79c4bc130701b592b83f489ddb155ca2,c59eb873.json,training,0,0,0,,,,,,,0.0,,
b565b9251253827e0545d5fcc99a160f,c59eb873.json,training,11,6,94,1.0,0.0,0.16666666666666666,0.062,-0.10466666666666666,1.0,0.8888888888888888,0.11111111111111116,0.11702127659574468
d325745ca21aee794275443680a4381e,c59eb873.json,training,2,0,94,,,,0.062,,,0.8888888888888888,,0.02127659574468085
0f19599632389aeaca218e83a7a47c7f,c59eb873.json,training,0,0,0,,,,,,,0.0,,
a424d5c3ec30af6593c94a81beb067d2,c59eb873.json,training,0,0,0,,,,,,,0.0,,
d692f427dcd1a02b5b4faa2fd698291b,c59eb873.json,training,8,8,94,1.0,0.0,0.0,0.062,0.062,1.0,0.8888888888888888,0.11111111111111116,0.0851063829787234
0edcb9301e887ce38a36c59fe396a121,c8cbb738.json,training,0,0,0,,,,,,,0.0,,
3274fecc143feb402592a8afa6bbc2f5,c8cbb738.json,training,1,1,17,1.0,0.0,0.0,8.111,8.111,1.0,0.5555555555555556,0.4444444444444444,0.058823529411764705
471c7e94c06dc7d4401d04b460725438,c8cbb738.json,training,0,0,0,,,,,,,0.0,,
be1f5ff786ba6aa2cff492dc2f26e993,c8cbb738.json,training,0,0,0,,,,,,,0.0,,
eda259bc2c35ff153c1625c6ff45e5db,c8cbb738.json,training,0,0,0,,,,,,,0.0,,
69f10bb45c105a7fa19dc21bb321041b,c8cbb738.json,training,0,0,0,,,,,,,0.0,,
6ac8e23ca7c5375cbc59d8acc580c5cc,c8cbb738.json,training,0,0,0,,,,,,,0.0,,
a424d5c3ec30af6593c94a81beb067d2,c8cbb738.json,training,2,2,17,1.0,0.0,1.0,8.111,7.111000000000001,1.0,0.5555555555555556,0.4444444444444444,0.11764705882352941
0d8a3dc2d054aa91e655dd79de243fd7,c8f0f002.json,training,1,1,8,1.0,0.0,0.0,0.5265,0.5265,0.0,0.1111111111111111,-0.1111111111111111,0.125
468133debd1059f212dc2013d14d463d,c8f0f002.json,training,0,0,0,,,,,,,0.0,,
499fe86be021ad18e2fd5bbe9ddcb03b,c8f0f002.json,training,0,0,0,,,,,,,0.0,,
63dcb241b88d5ac635590dddbb2fb733,c8f0f002.json,training,1,1,8,1.0,0.0,0.0,0.5265,0.5265,0.0,0.1111111111111111,-0.1111111111111111,0.125
8c667f31f4618c59f132d2386cb047f4,c8f0f002.json,training,0,0,0,,,,,,,0.0,,
916251189d43363bfb58a1ea26f302ee,c8f0f002.json,training,0,0,0,,,,,,,0.0,,
9baa5e1962089a1d5e352dfda5c6d07c,c8f0f002.json,training,0,0,0,,,,,,,0.0,,
af9bf0ddc3abdff8b566e97216d41dd6,c8f0f002.json,training,1,0,8,,,,0.5265,,,0.1111111111111111,,0.125
eea7c398992fe15d1e26fef397ad81c7,c8f0f002.json,training,0,0,0,,,,,,,0.0,,
f170fec72411669d98c2117519eff9d6,c8f0f002.json,training,0,0,0,,,,,,,0.0,,
f576e1838d85d09da2568600f53f8df0,c8f0f002.json,training,0,0,0,,,,,,,0.0,,
f779449edb30059d092d024ddf6819f3,c8f0f002.json,training,0,0,0,,,,,,,0.0,,
cb29d3449105481e91c41837b2f9ecee,c8f0f002.json,training,0,0,0,,,,,,,0.0,,
03a36ced2e0df61cb2f93ced068e83a1,c909285e.json,training,0,0,0,,,,,,,0.0,,
0727096a7fe1e756721b3b85b6e19e11,c909285e.json,training,45,45,36,1.0,0.0,0.3111111111111111,14.615,14.303888888888888,1.0,0.4444444444444444,0.5555555555555556,1.25
3f87bebed4579f09a89c04ce8f7208c7,c909285e.json,training,2,2,36,1.0,0.0,0.0,14.615,14.615,1.0,0.4444444444444444,0.5555555555555556,0.05555555555555555
53ac9b06dbf7064dd54ada736f75e8c8,c909285e.json,training,0,0,0,,,,,,,0.0,,
5c508249b94eed7a989197b9539e1031,c909285e.json,training,6,6,36,1.0,0.0,0.0,14.615,14.615,0.3333333333333333,0.4444444444444444,-0.1111111111111111,0.16666666666666666
62fc9542f87938f5dbdba24fc1fc5382,c909285e.json,training,18,18,36,1.0,0.0,0.7777777777777778,14.615,13.837222222222222,1.0,0.4444444444444444,0.5555555555555556,0.5
70b77b51be11ca37831ee6692e84a495,c909285e.json,training,0,0,0,,,,,,,0.0,,
733922bbc0f840f170c8dae64919dfc4,c909285e.json,training,0,0,0,,,,,,,0.0,,
94678dc6355631dbcf06c23951350172,c909285e.json,training,17,17,36,1.0,0.0,0.8235294117647058,14.615,13.791470588235294,1.0,0.4444444444444444,0.5555555555555556,0.4722222222222222
9d10627e92170e1adcc463f6dcfcb159,c909285e.json,training,0,0,0,,,,,,,0.0,,
a424d5c3ec30af6593c94a81beb067d2,c909285e.json,training,16,16,36,1.0,0.0,0.875,14.615,13.74,1.0,0.4444444444444444,0.5555555555555556,0.4444444444444444
ab95782d4e9410ef7f416a3137924b90,c909285e.json,training,1,1,36,1.0,0.0,0.0,14.615,14.615,1.0,0.4444444444444444,0.5555555555555556,0.027777777777777776
b5e86c67c590fe50f395a06ae8f8801e,c909285e.json,training,1,1,36,1.0,0.0,1.0,14.615,13.615,1.0,0.4444444444444444,0.5555555555555556,0.027777777777777776
bd9d0c37c7a80a023cf1703d4941c6aa,c909285e.json,training,33,33,36,1.0,0.0,0.7878787878787878,14.615,13.827121212121213,1.0,0.4444444444444444,0.5555555555555556,0.9166666666666666
be1f5ff786ba6aa2cff492dc2f26e993,c909285e.json,training,0,0,0,,,,,,,0.0,,
eae4bd2fe6982ce0269fdb9aacd93dea,c909285e.json,training,37,37,36,1.0,0.0,0.7027027027027027,14.615,13.912297297297297,1.0,0.4444444444444444,0.5555555555555556,1.0277777777777777
0f19599632389aeaca218e83a7a47c7f,c9e6f938.json,training,0,0,0,,,,,,,0.0,,
8fb98fc8c1d3b476a96a4bc1e7d20bba,c9e6f938.json,training,0,0,0,,,,,,,0.0,,
9086ad400185d32b408e7cfc6aa535c3,c9e6f938.json,training,0,0,0,,,,,,,0.0,,
ad19c6b7b9c74e4aa50f3994ef295fe0,c9e6f938.json,training,0,0,0,,,,,,,0.0,,
be1f5ff786ba6aa2cff492dc2f26e993,c9e6f938.json,training,0,0,0,,,,,,,0.0,,
c6b4b18668656e1e0d147eb24209a15d,c9e6f938.json,training,0,0,0,,,,,,,0.0,,
c6c5e0e0c07e573cd63c7fad29928e10,c9e6f938.json,training,1,0,9,,,,0.958,,,0.2222222222222222,,0.1111111111111111
ee25e317e1f5016f864d7a334960ae03,c9e6f938.json,training,1,0,9,,,,0.958,,,0.2222222222222222,,0.1111111111111111
d325745ca21aee794275443680a4381e,c9e6f938.json,training,0,0,0,,,,,,,0.0,,
fc778fd62d0345dcab08c8a5b1e2e41b,c9e6f938.json,training,0,0,0,,,,,,,0.0,,
733922bbc0f840f170c8dae64919dfc4,c9f8e694.json,training,0,0,0,,,,,,,0.0,,
79c4bc130701b592b83f489ddb155ca2,c9f8e694.json,training,4,4,75,1.0,0.0,0.25,0.77,0.52,1.0,0.3333333333333333,0.6666666666666667,0.05333333333333334
b565b9251253827e0545d5fcc99a160f,c9f8e694.json,training,14,14,75,1.0,0.0,0.14285714285714285,0.77,0.6271428571428572,1.0,0.3333333333333333,0.6666666666666667,0.18666666666666668
be1f5ff786ba6aa2cff492dc2f26e993,c9f8e694.json,training,0,0,0,,,,,,,0.0,,
3f87bebed4579f09a89c04ce8f7208c7,c9f8e694.json,training,0,0,0,,,,,,,0.0,,
d692f427dcd1a02b5b4faa2fd698291b,c9f8e694.json,training,0,0,0,,,,,,,0.0,,
c6b4b18668656e1e0d147eb24209a15d,caa06a1f.json,training,14,14,324,1.0,0.0,0.0,0.0,0.0,0.07142857142857142,0.3333333333333333,-0.26190476190476186,0.043209876543209874
2318d0a8e7ce22898d5ca118475f1055,cbded52d.json,training,5,5,3,1.0,0.0,3.0,2.519,-0.48099999999999987,0.0,0.2222222222222222,-0.2222222222222222,1.6666666666666667
415a22ec2436001c46248d2a75bde2d2,cbded52d.json,training,1,1,3,1.0,0.0,5.0,2.519,-2.481,1.0,0.2222222222222222,0.7777777777777778,0.3333333333333333
5527e325ff1e4e880589b15d886e52e8,cbded52d.json,training,0,0,0,,,,,,,0.0,,
711d0c02b8e764941f0b4e87d382f5d2,cbded52d.json,training,1,1,3,1.0,0.0,0.0,2.519,2.519,1.0,0.2222222222222222,0.7777777777777778,0.3333333333333333
be1f5ff786ba6aa2cff492dc2f26e993,cbded52d.json,training,1,1,3,1.0,0.0,1.0,2.519,1.5190000000000001,0.0,0.2222222222222222,-0.2222222222222222,0.3333333333333333
c6218d7320d50ae74968b85a7e831bda,cbded52d.json,training,0,0,0,,,,,,,0.0,,
104e63de43442ce89c5839f8712b6583,cce03e0d.json,training,0,0,0,,,,,,,0.0,,
3817e82a9ea81f76b90a5e4013db2d67,cce03e0d.json,training,0,0,0,,,,,,,0.0,,
70b77b51be11ca37831ee6692e84a495,cce03e0d.json,training,8,8,79,1.0,0.0,0.0,0.026,0.026,1.0,0.3333333333333333,0.6666666666666667,0.10126582278481013
5527e325ff1e4e880589b15d886e52e8,cce03e0d.json,training,7,7,79,1.0,0.0,0.0,0.026,0.026,1.0,0.3333333333333333,0.6666666666666667,0.08860759493670886
3bb342df31c0564962b0779781b1b302,cdecee7f.json,training,1,1,9,1.0,0.0,5.0,5.6365,0.6364999999999998,0.0,0.7777777777777778,-0.7777777777777778,0.1111111111111111
48994222818d3cd44733034d7fa60c67,cdecee7f.json,training,0,0,0,,,,,,,0.0,,
5527e325ff1e4e880589b15d886e52e8,cdecee7f.json,training,2,0,9,,,,5.6365,,,0.7777777777777778,,0.2222222222222222
aa5ad66104aae5cd76e46d71eb9df4e7,cdecee7f.json,training,2,0,9,,,,5.6365,,,0.7777777777777778,,0.2222222222222222
c41a3b3bf3cac4f0bbd9299a0037d9bf,cdecee7f.json,training,0,0,0,,,,,,,0.0,,
e4918abab17b191bb8a2fdf27ccccbf8,cdecee7f.json,training,0,0,0,,,,,,,0.0,,
362a62ade79b3a398f025d62c126b3a8,ce22a75a.json,training,0,0,0,,,,,,,0.0,,
4dcf85a13efa0a4ab3c7c8a6a860dabf,ce22a75a.json,training,0,0,0,,,,,,,0.0,,
75a64f8ae6bf4858060d7a3d0301efc4,ce22a75a.json,training,0,0,0,,,,,,,0.0,,
808d828037e92415806c19d6a0261778,ce22a75a.json,training,0,0,0,,,,,,,0.0,,
994ba445d3e3ccbbc2496211c0eb8574,ce22a75a.json,training,0,0,0,,,,,,,0.0,,
aa5ad66104aae5cd76e46d71eb9df4e7,ce22a75a.json,training,0,0,0,,,,,,,0.0,,
2318d0a8e7ce22898d5ca118475f1055,ce22a75a.json,training,0,0,0,,,,,,,0.0,,
53ac9b06dbf7064dd54ada736f75e8c8,ce22a75a.json,training,2,2,36,1.0,0.0,1.0,1.041,0.040999999999999925,1.0,0.1111111111111111,0.8888888888888888,0.05555555555555555
02ed2ff9368185366c19610d39a48a43,ce4f8723.json,training,0,0,0,,,,,,,0.0,,
362a62ade79b3a398f025d62c126b3a8,ce4f8723.json,training,3,3,10,1.0,0.0,0.6666666666666666,1.9725,1.3058333333333332,0.3333333333333333,0.1111111111111111,0.2222222222222222,0.3
3817e82a9ea81f76b90a5e4013db2d67,ce4f8723.json,training,1,0,10,,,,1.9725,,,0.1111111111111111,,0.1
48994222818d3cd44733034d7fa60c67,ce4f8723.json,training,0,0,0,,,,,,,0.0,,
53ac9b06dbf7064dd54ada736f75e8c8,ce4f8723.json,training,0,0,0,,,,,,,0.0,,
5527e325ff1e4e880589b15d886e52e8,ce4f8723.json,training,0,0,0,,,,,,,0.0,,
6ac8e23ca7c5375cbc59d8acc580c5cc,ce4f8723.json,training,0,0,0,,,,,,,0.0,,
994ba445d3e3ccbbc2496211c0eb8574,ce4f8723.json,training,1,1,10,1.0,0.0,1.0,1.9725,0.9724999999999999,1.0,0.1111111111111111,0.8888888888888888,0.1
d325745ca21aee794275443680a4381e,ce4f8723.json,training,0,0,0,,,,,,,0.0,,
39ce2d056a6051677370193c9157096a,ce4f8723.json,training,0,0,0,,,,,,,0.0,,
e4918abab17b191bb8a2fdf27ccccbf8,ce4f8723.json,training,1,1,10,1.0,0.0,1.0,1.9725,0.9724999999999999,1.0,0.1111111111111111,0.8888888888888888,0.1
4d61e07d8ca8013f0470f73bde1d803f,ce602527.json,training,0,0,0,,,,,,,0.0,,
53ac9b06dbf7064dd54ada736f75e8c8,ce602527.json,training,0,0,0,,,,,,,0.0,,
5527e325ff1e4e880589b15d886e52e8,ce602527.json,training,0,0,0,,,,,,,0.0,,
6ac8e23ca7c5375cbc59d8acc580c5cc,ce602527.json,training,7,6,8,1.0,0.0,0.0,12.723,12.723,0.0,0.1111111111111111,-0.1111111111111111,0.875
7616f7967fd8192d44c0cff890abf99d,ce602527.json,training,20,17,8,1.0,0.0,1.6470588235294117,12.723,11.07594117647059,1.0,0.1111111111111111,0.8888888888888888,2.5
99820d664927a31792470aa731ee2fa5,ce602527.json,training,1,0,8,,,,12.723,,,0.1111111111111111,,0.125
af8e80322b3cd15d8a179c0c926ca271,ce602527.json,training,0,0,0,,,,,,,0.0,,
cca19671575d799eaff74baa67d2e9ea,ce602527.json,training,1,1,8,1.0,0.0,0.0,12.723,12.723,0.0,0.1111111111111111,-0.1111111111111111,0.125
069b5bcb5260e313c6c0ca720699b803,ce602527.json,training,0,0,0,,,,,,,0.0,,
c2e51a8b64ca5c5c1efdac73db7bdfbc,ce602527.json,training,0,0,0,,,,,,,0.0,,
14dcf17e78311742f464cc4f9fe25070,ce9e57f2.json,training,1,1,12,1.0,0.0,1.0,3.6285,2.6285,1.0,0.1111111111111111,0.8888888888888888,0.08333333333333333
994ba445d3e3ccbbc2496211c0eb8574,ce9e57f2.json,training,0,0,0,,,,,,,0.0,,
cca19671575d799eaff74baa67d2e9ea,ce9e57f2.json,training,2,2,12,1.0,0.0,3.5,3.6285,0.12849999999999984,0.0,0.1111111111111111,-0.1111111111111111,0.16666666666666666
dfa58805c4c262273086ff03aa7b0daf,ce9e57f2.json,training,0,0,0,,,,,,,0.0,,
e683cc04e787c81cf0f943dbbe15137e,ce9e57f2.json,training,0,0,0,,,,,,,0.0,,
7c80590e804169d56bc51fc41cb0d795,ce9e57f2.json,training,6,6,12,1.0,0.0,0.16666666666666666,3.6285,3.4618333333333333,0.0,0.1111111111111111,-0.1111111111111111,0.5
03a36ced2e0df61cb2f93ced068e83a1,cf98881b.json,training,0,0,0,,,,,,,0.0,,
0727096a7fe1e756721b3b85b6e19e11,cf98881b.json,training,0,0,0,,,,,,,0.0,,
994ba445d3e3ccbbc2496211c0eb8574,cf98881b.json,training,11,11,9,1.0,0.0,0.5454545454545454,4.7335,4.188045454545454,1.0,0.2222222222222222,0.7777777777777778,1.2222222222222223
9d10627e92170e1adcc463f6dcfcb159,cf98881b.json,training,0,0,0,,,,,,,0.0,,
ab95782d4e9410ef7f416a3137924b90,cf98881b.json,training,0,0,0,,,,,,,0.0,,
f768ea95bee3e820283618db84af7412,cf98881b.json,training,0,0,0,,,,,,,0.0,,
53ac9b06dbf7064dd54ada736f75e8c8,cf98881b.json,training,0,0,0,,,,,,,0.0,,
dfa58805c4c262273086ff03aa7b0daf,cf98881b.json,training,1,1,9,1.0,0.0,0.0,4.7335,4.7335,1.0,0.2222222222222222,0.7777777777777778,0.1111111111111111
0700a2b6bcfd0209f0d9e83f528c259f,d037b0a7.json,training,0,0,0,,,,,,,0.0,,
0f19599632389aeaca218e83a7a47c7f,d037b0a7.json,training,0,0,0,,,,,,,0.0,,
362a62ade79b3a398f025d62c126b3a8,d037b0a7.json,training,0,0,0,,,,,,,0.0,,
994ba445d3e3ccbbc2496211c0eb8574,d037b0a7.json,training,0,0,0,,,,,,,0.0,,
99820d664927a31792470aa731ee2fa5,d037b0a7.json,training,0,0,0,,,,,,,0.0,,
c2e51a8b64ca5c5c1efdac73db7bdfbc,d037b0a7.json,training,0,0,0,,,,,,,0.0,,
c56ed75dce39b4d33a0a152df00bab7b,d037b0a7.json,training,0,0,0,,,,,,,0.0,,
d325745ca21aee794275443680a4381e,d037b0a7.json,training,0,0,0,,,,,,,0.0,,
f768ea95bee3e820283618db84af7412,d037b0a7.json,training,0,0,0,,,,,,,0.0,,
0551addd41d9876eb18bc6cb5c1e698b,d037b0a7.json,training,2,2,4,1.0,0.0,1.0,0.6775,-0.3225,1.0,0.2222222222222222,0.7777777777777778,0.5
3274fecc143feb402592a8afa6bbc2f5,d037b0a7.json,training,0,0,0,,,,,,,0.0,,
396d60dbfa7bf42930f7264f79849865,d06dbe63.json,training,0,0,0,,,,,,,0.0,,
56ebd40ba52db715834af4c5dbe09502,d06dbe63.json,training,0,0,0,,,,,,,0.0,,
5a53612936c46f1746ed9b2caec28307,d06dbe63.json,training,0,0,0,,,,,,,0.0,,
69f10bb45c105a7fa19dc21bb321041b,d06dbe63.json,training,0,0,0,,,,,,,0.0,,
8fb98fc8c1d3b476a96a4bc1e7d20bba,d06dbe63.json,training,0,0,0,,,,,,,0.0,,
b4f96eb3850ee67c5cba210360d783df,d06dbe63.json,training,4,4,20,1.0,0.0,1.25,3.5015,2.2515,1.0,0.1111111111111111,0.8888888888888888,0.2
c41a3b3bf3cac4f0bbd9299a0037d9bf,d06dbe63.json,training,0,0,0,,,,,,,0.0,,
dfa58805c4c262273086ff03aa7b0daf,d06dbe63.json,training,0,0,0,,,,,,,0.0,,
f47cfbec469a34ad28f1694052e266e8,d06dbe63.json,training,0,0,0,,,,,,,0.0,,
f6a2c1821ddddcbab6e7a0941c26911c,d06dbe63.json,training,0,0,0,,,,,,,0.0,,
137b32d0d972f099b78ba73aa5b9d00f,d06dbe63.json,training,0,0,0,,,,,,,0.0,,
70b77b51be11ca37831ee6692e84a495,d06dbe63.json,training,1,1,20,1.0,0.0,1.0,3.5015,2.5015,1.0,0.1111111111111111,0.8888888888888888,0.05
c3e7df97dcf4835ff92bff871e7e4a34,d07ae81c.json,training,1,1,39,1.0,0.0,1.0,2.5405,1.5405000000000002,1.0,0.2222222222222222,0.7777777777777778,0.02564102564102564
e50624c58c0db044b7a82f65e89f295d,d07ae81c.json,training,0,0,0,,,,,,,0.0,,
838b8505eaf5143a9f6d15f0eda26b9f,d07ae81c.json,training,0,0,0,,,,,,,0.0,,
fcb244a86ddc5371c7c368d001d8cb7a,d07ae81c.json,training,0,0,0,,,,,,,0.0,,
387c2b0d5f6b17e798f6f757fd69dc4d,d0f5fe59.json,training,0,0,0,,,,,,,0.0,,
481ce76744c8f53d50e08cb4370d38da,d0f5fe59.json,training,2,2,4,1.0,0.0,0.0,7.6415,7.6415,0.0,0.2222222222222222,-0.2222222222222222,0.5
57f96385de9adfdee3d2868135a3b542,d0f5fe59.json,training,0,0,0,,,,,,,0.0,,
736a8982ca05b0d998bdac92c7082541,d0f5fe59.json,training,0,0,0,,,,,,,0.0,,
76292f56686f689ff54f79af2cc8eda8,d0f5fe59.json,training,1,0,4,,,,7.6415,,,0.2222222222222222,,0.25
c41a3b3bf3cac4f0bbd9299a0037d9bf,d0f5fe59.json,training,0,0,0,,,,,,,0.0,,
dfa58805c4c262273086ff03aa7b0daf,d0f5fe59.json,training,0,0,0,,,,,,,0.0,,
900e6e6002d28f88867e3c7dc6d6c724,d0f5fe59.json,training,0,0,0,,,,,,,0.0,,
6026d2563d049de8566b85ce9dd27830,d0f5fe59.json,training,0,0,0,,,,,,,0.0,,
7616f7967fd8192d44c0cff890abf99d,d0f5fe59.json,training,1,0,4,,,,7.6415,,,0.2222222222222222,,0.25
2025eb689cc6a1f4db636ca6f6710fc3,d10ecb37.json,training,0,0,0,,,,,,,0.0,,
55acab6561e513481ecd71a9e0b9fd3a,d10ecb37.json,training,1,1,0,1.0,0.0,,,,0.0,0.0,0.0,
5a2f015f138b57c89d21f179d9920da7,d10ecb37.json,training,5,1,0,1.0,0.0,,,,0.0,0.0,0.0,
aa5ad66104aae5cd76e46d71eb9df4e7,d10ecb37.json,training,1,1,0,1.0,0.0,,,,0.0,0.0,0.0,
d325745ca21aee794275443680a4381e,d10ecb37.json,training,2,0,0,,,,,,,0.0,,
387c2b0d5f6b17e798f6f757fd69dc4d,d10ecb37.json,training,1,0,0,,,,,,,0.0,,
7c80590e804169d56bc51fc41cb0d795,d10ecb37.json,training,3,2,0,1.0,0.0,,,,0.0,0.0,0.0,
dd0924ce10d6d0ea702335d1ddce2e4b,d10ecb37.json,training,0,0,0,,,,,,,0.0,,
e6210f1ee7117b9150301badf4abb2b5,d10ecb37.json,training,3,2,0,1.0,0.0,,,,0.0,0.0,0.0,
0f19599632389aeaca218e83a7a47c7f,d13f3404.json,training,0,0,0,,,,,,,0.0,,
3274fecc143feb402592a8afa6bbc2f5,d13f3404.json,training,0,0,0,,,,,,,0.0,,
57f96385de9adfdee3d2868135a3b542,d13f3404.json,training,0,0,0,,,,,,,0.0,,
f1b9ce4e8bbbd4cf7658000030063259,d13f3404.json,training,1,1,27,1.0,0.0,0.0,0.3625,0.3625,1.0,0.4444444444444444,0.5555555555555556,0.037037037037037035
fadb0da4a3a77d385c0924bcf7a3db7c,d13f3404.json,training,1,1,27,1.0,0.0,1.0,0.3625,-0.6375,1.0,0.4444444444444444,0.5555555555555556,0.037037037037037035
937450bbf4bbdb2cf59822b0d06a773f,d13f3404.json,training,0,0,0,,,,,,,0.0,,
2025eb689cc6a1f4db636ca6f6710fc3,d13f3404.json,training,0,0,0,,,,,,,0.0,,
9d10627e92170e1adcc463f6dcfcb159,d22278a0.json,training,0,0,0,,,,,,,0.0,,
03a36ced2e0df61cb2f93ced068e83a1,d23f8c26.json,training,0,0,0,,,,,,,0.0,,
04703ed8073cb1518c5bc8d5c58bb42f,d23f8c26.json,training,0,0,0,,,,,,,0.0,,
0727096a7fe1e756721b3b85b6e19e11,d23f8c26.json,training,0,0,0,,,,,,,0.0,,
0f19599632389aeaca218e83a7a47c7f,d23f8c26.json,training,0,0,0,,,,,,,0.0,,
11df1e24129b7f66bf22e83243dbb0f9,d23f8c26.json,training,0,0,0,,,,,,,0.0,,
b5e86c67c590fe50f395a06ae8f8801e,d23f8c26.json,training,0,0,0,,,,,,,0.0,,
bd9d0c37c7a80a023cf1703d4941c6aa,d23f8c26.json,training,0,0,0,,,,,,,0.0,,
d5e9343fbc2245690dff714c2986b3f2,d23f8c26.json,training,0,0,0,,,,,,,0.0,,
4498e7fd3e811b883afa98ece42455c1,d2abd087.json,training,0,0,0,,,,,,,0.0,,
46d036350f4dbbeaef5e66f996fc47f9,d2abd087.json,training,0,0,0,,,,,,,0.0,,
4ae96dd707d46e512b414e0018ecf502,d2abd087.json,training,0,0,0,,,,,,,0.0,,
4e93ef90da38cddf3dd1f5951919d5e7,d2abd087.json,training,1,1,29,1.0,0.0,1.0,1.0135,0.013500000000000068,1.0,0.2222222222222222,0.7777777777777778,0.034482758620689655
6bcae0cc51838a4464822403e839251d,d2abd087.json,training,0,0,0,,,,,,,0.0,,
7b9a7c9e6c888314551746362304fc90,d2abd087.json,training,6,6,29,1.0,0.0,0.0,1.0135,1.0135,1.0,0.2222222222222222,0.7777777777777778,0.20689655172413793
481ce76744c8f53d50e08cb4370d38da,d2abd087.json,training,1,1,29,1.0,0.0,0.0,1.0135,1.0135,1.0,0.2222222222222222,0.7777777777777778,0.034482758620689655
7b1f4554bd5281b869e2275fc62f5736,d2abd087.json,training,1,1,29,1.0,0.0,0.0,1.0135,1.0135,1.0,0.2222222222222222,0.7777777777777778,0.034482758620689655
b78112adc09ba7e926c4bdd24ebfbae9,d2abd087.json,training,0,0,0,,,,,,,0.0,,
e391262ee27772f4b67744d5f902ae9f,d2abd087.json,training,0,0,0,,,,,,,0.0,,
e9084d84f6d8669043736fb424c6d12b,d2abd087.json,training,0,0,0,,,,,,,0.0,,
066ab036824d647d6164a0705f9eb311,d364b489.json,training,0,0,0,,,,,,,0.0,,
09ec0869593e22f175250fb26e19258f,d364b489.json,training,1,1,23,1.0,0.0,1.0,1.1515,0.15149999999999997,1.0,0.4444444444444444,0.5555555555555556,0.043478260869565216
3817e82a9ea81f76b90a5e4013db2d67,d364b489.json,training,0,0,0,,,,,,,0.0,,
387c2b0d5f6b17e798f6f757fd69dc4d,d364b489.json,training,0,0,0,,,,,,,0.0,,
46d036350f4dbbeaef5e66f996fc47f9,d364b489.json,training,0,0,0,,,,,,,0.0,,
4ae96dd707d46e512b414e0018ecf502,d364b489.json,training,0,0,0,,,,,,,0.0,,
4e93ef90da38cddf3dd1f5951919d5e7,d364b489.json,training,0,0,0,,,,,,,0.0,,
6bcae0cc51838a4464822403e839251d,d364b489.json,training,9,9,23,1.0,0.0,0.7777777777777778,1.1515,0.3737222222222222,0.8888888888888888,0.4444444444444444,0.4444444444444444,0.391304347826087
7b9a7c9e6c888314551746362304fc90,d364b489.json,training,0,0,0,,,,,,,0.0,,
7ec2c1419ecf953fdc422625481b03ac,d364b489.json,training,0,0,0,,,,,,,0.0,,
8f3ac9aa04925ef789a54825a2089b4c,d364b489.json,training,8,8,23,1.0,0.0,0.25,1.1515,0.9015,1.0,0.4444444444444444,0.5555555555555556,0.34782608695652173
e9084d84f6d8669043736fb424c6d12b,d364b489.json,training,0,0,0,,,,,,,0.0,,
481ce76744c8f53d50e08cb4370d38da,d364b489.json,training,0,0,0,,,,,,,0.0,,
64d8f9a8fc1d270821b3803911f91ff0,d364b489.json,training,0,0,0,,,,,,,0.0,,
ae76f1633f50b15667524d3762e457de,d364b489.json,training,0,0,0,,,,,,,0.0,,
dcd0d24e026a875cc381c214fbd819f1,d364b489.json,training,1,1,23,1.0,0.0,0.0,1.1515,1.1515,1.0,0.4444444444444444,0.5555555555555556,0.043478260869565216
3c53ab19d6397a691276861d08a37cec,d364b489.json,training,0,0,0,,,,,,,0.0,,
b78112adc09ba7e926c4bdd24ebfbae9,d364b489.json,training,0,0,0,,,,,,,0.0,,
bd9d0c37c7a80a023cf1703d4941c6aa,d364b489.json,training,3,3,23,1.0,0.0,1.3333333333333333,1.1515,-0.1818333333333333,0.0,0.4444444444444444,-0.4444444444444444,0.13043478260869565
e945f20ac5c265311158c572d937d126,d364b489.json,training,0,0,0,,,,,,,0.0,,
0325bcc6197384a736c8a6daf0871e63,d406998b.json,training,1,1,9,1.0,0.0,0.0,1.1955,1.1955,0.0,0.1111111111111111,-0.1111111111111111,0.1111111111111111
4ae96dd707d46e512b414e0018ecf502,d406998b.json,training,9,8,9,1.0,0.0,2.125,1.1955,-0.9295,1.0,0.1111111111111111,0.8888888888888888,1.0
3c53ab19d6397a691276861d08a37cec,d406998b.json,training,0,0,0,,,,,,,0.0,,
6bcae0cc51838a4464822403e839251d,d406998b.json,training,1,1,9,1.0,0.0,1.0,1.1955,0.1955,0.0,0.1111111111111111,-0.1111111111111111,0.1111111111111111
25184258e23814286057d7f171261b1a,d406998b.json,training,0,0,0,,,,,,,0.0,,
2a9f88a280e5a494865b11e466663ff0,d406998b.json,training,0,0,0,,,,,,,0.0,,
7ec2c1419ecf953fdc422625481b03ac,d406998b.json,training,2,2,9,1.0,0.0,0.5,1.1955,0.6955,0.5,0.1111111111111111,0.3888888888888889,0.2222222222222222
8fb98fc8c1d3b476a96a4bc1e7d20bba,d406998b.json,training,0,0,0,,,,,,,0.0,,
340b89b2ffcd1548eff2e0ba2721d98a,d43fd935.json,training,4,4,7,1.0,0.0,1.75,3.017,1.267,1.0,0.2222222222222222,0.7777777777777778,0.5714285714285714
46d036350f4dbbeaef5e66f996fc47f9,d43fd935.json,training,0,0,0,,,,,,,0.0,,
4ae96dd707d46e512b414e0018ecf502,d43fd935.json,training,0,0,0,,,,,,,0.0,,
64d8f9a8fc1d270821b3803911f91ff0,d43fd935.json,training,0,0,0,,,,,,,0.0,,
6bcae0cc51838a4464822403e839251d,d43fd935.json,training,3,3,7,1.0,0.0,4.0,3.017,-0.9830000000000001,1.0,0.2222222222222222,0.7777777777777778,0.42857142857142855
7b9a7c9e6c888314551746362304fc90,d43fd935.json,training,2,2,7,1.0,0.0,0.0,3.017,3.017,1.0,0.2222222222222222,0.7777777777777778,0.2857142857142857
7ec2c1419ecf953fdc422625481b03ac,d43fd935.json,training,0,0,0,,,,,,,0.0,,
8f3ac9aa04925ef789a54825a2089b4c,d43fd935.json,training,0,0,0,,,,,,,0.0,,
996ac6fbd3e71faf28c16acd5df74b7a,d43fd935.json,training,0,0,0,,,,,,,0.0,,
b78112adc09ba7e926c4bdd24ebfbae9,d43fd935.json,training,0,0,0,,,,,,,0.0,,
bd9d0c37c7a80a023cf1703d4941c6aa,d43fd935.json,training,0,0,0,,,,,,,0.0,,
e4918abab17b191bb8a2fdf27ccccbf8,d43fd935.json,training,0,0,0,,,,,,,0.0,,
e9084d84f6d8669043736fb424c6d12b,d43fd935.json,training,0,0,0,,,,,,,0.0,,
f8a3212a7896f3ecde9fa4e5a30a8f6e,d43fd935.json,training,0,0,0,,,,,,,0.0,,
4e93ef90da38cddf3dd1f5951919d5e7,d43fd935.json,training,0,0,0,,,,,,,0.0,,
4ae96dd707d46e512b414e0018ecf502,d4469b4b.json,training,0,0,0,,,,,,,0.0,,
4e93ef90da38cddf3dd1f5951919d5e7,d4469b4b.json,training,2,0,7,,,,1.684,,,0.2222222222222222,,0.2857142857142857
62fc9542f87938f5dbdba24fc1fc5382,d4469b4b.json,training,0,0,0,,,,,,,0.0,,
64d8f9a8fc1d270821b3803911f91ff0,d4469b4b.json,training,2,0,7,,,,1.684,,,0.2222222222222222,,0.2857142857142857
6bcae0cc51838a4464822403e839251d,d4469b4b.json,training,2,0,7,,,,1.684,,,0.2222222222222222,,0.2857142857142857
7b9a7c9e6c888314551746362304fc90,d4469b4b.json,training,0,0,0,,,,,,,0.0,,
8fb98fc8c1d3b476a96a4bc1e7d20bba,d4469b4b.json,training,0,0,0,,,,,,,0.0,,
96272dec10d650fcc9002e47bc766a63,d4469b4b.json,training,0,0,0,,,,,,,0.0,,
e9084d84f6d8669043736fb424c6d12b,d4469b4b.json,training,0,0,0,,,,,,,0.0,,
f635054e59b7a899eac4864c468d0807,d4469b4b.json,training,0,0,0,,,,,,,0.0,,
14dcf17e78311742f464cc4f9fe25070,d4469b4b.json,training,0,0,0,,,,,,,0.0,,
2025eb689cc6a1f4db636ca6f6710fc3,d4469b4b.json,training,0,0,0,,,,,,,0.0,,
7ec2c1419ecf953fdc422625481b03ac,d4469b4b.json,training,0,0,0,,,,,,,0.0,,
b78112adc09ba7e926c4bdd24ebfbae9,d4469b4b.json,training,1,1,7,1.0,0.0,0.0,1.684,1.684,1.0,0.2222222222222222,0.7777777777777778,0.14285714285714285
b80b87730c1faaf88cea59a5c6d69063,d4469b4b.json,training,0,0,0,,,,,,,0.0,,
340b89b2ffcd1548eff2e0ba2721d98a,d4469b4b.json,training,0,0,0,,,,,,,0.0,,
c0841ccd8b2c5b64b36888e79697cb1a,d4a91cb9.json,training,13,13,13,1.0,0.0,4.538461538461538,3.4345,-1.1039615384615384,1.0,0.1111111111111111,0.8888888888888888,1.0
ef69e31dcd2cc6da264211366d094353,d4a91cb9.json,training,0,0,0,,,,,,,0.0,,
f659e49b6e0a3f73ca70a8dcda4a94cc,d4a91cb9.json,training,0,0,0,,,,,,,0.0,,
0700a2b6bcfd0209f0d9e83f528c259f,d4a91cb9.json,training,1,1,13,1.0,0.0,1.0,3.4345,2.4345,0.0,0.1111111111111111,-0.1111111111111111,0.07692307692307693
da1b576b3e719bb309d7c2591a2fdded,d4a91cb9.json,training,1,1,13,1.0,0.0,1.0,3.4345,2.4345,1.0,0.1111111111111111,0.8888888888888888,0.07692307692307693
1ac69b338cac41b1ebe19d8d48752023,d4f3cd78.json,training,0,0,0,,,,,,,0.0,,
69f10bb45c105a7fa19dc21bb321041b,d4f3cd78.json,training,0,0,0,,,,,,,0.0,,
7616f7967fd8192d44c0cff890abf99d,d4f3cd78.json,training,0,0,0,,,,,,,0.0,,
b80b87730c1faaf88cea59a5c6d69063,d4f3cd78.json,training,0,0,0,,,,,,,0.0,,
c2a5313d1057d8a1683e090124b0c93b,d4f3cd78.json,training,0,0,0,,,,,,,0.0,,
c687f6afc08159130d227a976953c0ee,d4f3cd78.json,training,0,0,0,,,,,,,0.0,,
cceff4582cc63af29108acb8ff97ea3c,d4f3cd78.json,training,0,0,0,,,,,,,0.0,,
e7c15a924938586444d8b0643c60f288,d4f3cd78.json,training,0,0,0,,,,,,,0.0,,
04703ed8073cb1518c5bc8d5c58bb42f,d511f180.json,training,1,0,7,,,,0.6705,,,0.2222222222222222,,0.14285714285714285
2c306c5859a86c37cda1e3e9fd74c851,d511f180.json,training,0,0,0,,,,,,,0.0,,
415a22ec2436001c46248d2a75bde2d2,d511f180.json,training,0,0,0,,,,,,,0.0,,
711d0c02b8e764941f0b4e87d382f5d2,d511f180.json,training,0,0,0,,,,,,,0.0,,
7616f7967fd8192d44c0cff890abf99d,d511f180.json,training,0,0,0,,,,,,,0.0,,
86a9cc9d4640c88ca884b3e6f0df6762,d511f180.json,training,0,0,0,,,,,,,0.0,,
b80b87730c1faaf88cea59a5c6d69063,d511f180.json,training,0,0,0,,,,,,,0.0,,
bc417ae6d197f83b365c107ba6b688b8,d511f180.json,training,0,0,0,,,,,,,0.0,,
dda10b01506628ed6b3e938cff424852,d511f180.json,training,0,0,0,,,,,,,0.0,,
6026d2563d049de8566b85ce9dd27830,d511f180.json,training,0,0,0,,,,,,,0.0,,
2c306c5859a86c37cda1e3e9fd74c851,d5d6de2d.json,training,0,0,0,,,,,,,0.0,,
4498e7fd3e811b883afa98ece42455c1,d5d6de2d.json,training,0,0,0,,,,,,,0.0,,
7b1f4554bd5281b869e2275fc62f5736,d5d6de2d.json,training,0,0,0,,,,,,,0.0,,
86a9cc9d4640c88ca884b3e6f0df6762,d5d6de2d.json,training,0,0,0,,,,,,,0.0,,
bc417ae6d197f83b365c107ba6b688b8,d5d6de2d.json,training,0,0,0,,,,,,,0.0,,
ca7386edb3ec2c741e4d11403d3526dc,d5d6de2d.json,training,0,0,0,,,,,,,0.0,,
f635054e59b7a899eac4864c468d0807,d5d6de2d.json,training,0,0,0,,,,,,,0.0,,
b80b87730c1faaf88cea59a5c6d69063,d5d6de2d.json,training,0,0,0,,,,,,,0.0,,
0d8a3dc2d054aa91e655dd79de243fd7,d631b094.json,training,0,0,0,,,,,,,0.0,,
468133debd1059f212dc2013d14d463d,d631b094.json,training,0,0,0,,,,,,,0.0,,
499fe86be021ad18e2fd5bbe9ddcb03b,d631b094.json,training,0,0,0,,,,,,,0.0,,
8c667f31f4618c59f132d2386cb047f4,d631b094.json,training,1,0,3,,,,1.5755,,,0.1111111111111111,,0.3333333333333333
916251189d43363bfb58a1ea26f302ee,d631b094.json,training,1,0,3,,,,1.5755,,,0.1111111111111111,,0.3333333333333333
9baa5e1962089a1d5e352dfda5c6d07c,d631b094.json,training,0,0,0,,,,,,,0.0,,
af9bf0ddc3abdff8b566e97216d41dd6,d631b094.json,training,0,0,0,,,,,,,0.0,,
cb29d3449105481e91c41837b2f9ecee,d631b094.json,training,1,0,3,,,,1.5755,,,0.1111111111111111,,0.3333333333333333
eea7c398992fe15d1e26fef397ad81c7,d631b094.json,training,0,0,0,,,,,,,0.0,,
f170fec72411669d98c2117519eff9d6,d631b094.json,training,0,0,0,,,,,,,0.0,,
f576e1838d85d09da2568600f53f8df0,d631b094.json,training,0,0,0,,,,,,,0.0,,
f779449edb30059d092d024ddf6819f3,d631b094.json,training,0,0,0,,,,,,,0.0,,
268080a7f531f86316766fa95518974a,d687bc17.json,training,11,9,23,1.0,0.0,1.4444444444444444,1.619,0.17455555555555557,1.0,0.5555555555555556,0.4444444444444444,0.4782608695652174
30bc72c24495fdcb7b11451dc6b3a8b0,d687bc17.json,training,3,3,23,1.0,0.0,0.0,1.619,1.619,1.0,0.5555555555555556,0.4444444444444444,0.13043478260869565
9fc042903ad51212617dac008b33e52f,d687bc17.json,training,0,0,0,,,,,,,0.0,,
bc417ae6d197f83b365c107ba6b688b8,d687bc17.json,training,0,0,0,,,,,,,0.0,,
c6b4b18668656e1e0d147eb24209a15d,d687bc17.json,training,0,0,0,,,,,,,0.0,,
e0079569eeece3b17904c44d08567130,d687bc17.json,training,0,0,0,,,,,,,0.0,,
fc778fd62d0345dcab08c8a5b1e2e41b,d687bc17.json,training,0,0,0,,,,,,,0.0,,
3fed9d5687a6f8c59be21efa7ab7f62b,d687bc17.json,training,0,0,0,,,,,,,0.0,,
c6c5e0e0c07e573cd63c7fad29928e10,d687bc17.json,training,0,0,0,,,,,,,0.0,,
0ee1bfab25305de4803f1080215642b4,d6ad076f.json,training,0,0,0,,,,,,,0.0,,
231c248e72ae1c07f02d8e119c28675a,d6ad076f.json,training,0,0,0,,,,,,,0.0,,
2b81cdf7318d5455abebbf27aa5ee00c,d6ad076f.json,training,0,0,0,,,,,,,0.0,,
bc417ae6d197f83b365c107ba6b688b8,d6ad076f.json,training,0,0,0,,,,,,,0.0,,
da1b576b3e719bb309d7c2591a2fdded,d6ad076f.json,training,2,2,12,1.0,0.0,3.0,2.841,-0.1589999999999998,0.5,0.1111111111111111,0.3888888888888889,0.16666666666666666
f635054e59b7a899eac4864c468d0807,d6ad076f.json,training,0,0,0,,,,,,,0.0,,
f768ea95bee3e820283618db84af7412,d6ad076f.json,training,0,0,0,,,,,,,0.0,,
cceff4582cc63af29108acb8ff97ea3c,d6ad076f.json,training,0,0,0,,,,,,,0.0,,
2b81cdf7318d5455abebbf27aa5ee00c,d89b689b.json,training,0,0,0,,,,,,,0.0,,
396d60dbfa7bf42930f7264f79849865,d89b689b.json,training,0,0,0,,,,,,,0.0,,
7c80590e804169d56bc51fc41cb0d795,d89b689b.json,training,0,0,0,,,,,,,0.0,,
8d7c56529be9303b05e8788777d6c7cd,d89b689b.json,training,0,0,0,,,,,,,0.0,,
9b24e78cf4e7e6f5b8a5451daba4f42e,d89b689b.json,training,0,0,0,,,,,,,0.0,,
a98c60c3fbcf9948439944220ac84a3e,d89b689b.json,training,0,0,0,,,,,,,0.0,,
f1a97fbdf77fb8b3405e227a737ea73e,d89b689b.json,training,4,4,8,1.0,0.0,0.25,2.084,1.834,0.5,0.5555555555555556,-0.05555555555555558,0.5
f47cfbec469a34ad28f1694052e266e8,d89b689b.json,training,0,0,0,,,,,,,0.0,,
f635054e59b7a899eac4864c468d0807,d89b689b.json,training,1,1,8,1.0,0.0,0.0,2.084,2.084,1.0,0.5555555555555556,0.4444444444444444,0.125
feb1831867cdaae8dceae64cfc5d1d30,d89b689b.json,training,0,0,0,,,,,,,0.0,,
fedb2e4ca148e45a16c0481b4a43f04f,d89b689b.json,training,0,0,0,,,,,,,0.0,,
3fed9d5687a6f8c59be21efa7ab7f62b,d89b689b.json,training,0,0,0,,,,,,,0.0,,
5a53612936c46f1746ed9b2caec28307,d89b689b.json,training,0,0,0,,,,,,,0.0,,
2b81cdf7318d5455abebbf27aa5ee00c,d8c310e9.json,training,0,0,0,,,,,,,0.0,,
396300bdc680f5cb130c21fbc7c699c6,d8c310e9.json,training,1,1,11,1.0,0.0,1.0,4.332,3.332,1.0,0.3333333333333333,0.6666666666666667,0.09090909090909091
48994222818d3cd44733034d7fa60c67,d8c310e9.json,training,0,0,0,,,,,,,0.0,,
aa5ad66104aae5cd76e46d71eb9df4e7,d8c310e9.json,training,1,1,11,1.0,0.0,0.0,4.332,4.332,1.0,0.3333333333333333,0.6666666666666667,0.09090909090909091
bc417ae6d197f83b365c107ba6b688b8,d8c310e9.json,training,13,13,11,1.0,0.0,1.8461538461538463,4.332,2.4858461538461536,0.6923076923076923,0.3333333333333333,0.358974358974359,1.1818181818181819
cf1e8375d3db58db14aaeb747b18886a,d8c310e9.json,training,0,0,0,,,,,,,0.0,,
e4918abab17b191bb8a2fdf27ccccbf8,d8c310e9.json,training,1,1,11,1.0,0.0,1.0,4.332,3.332,1.0,0.3333333333333333,0.6666666666666667,0.09090909090909091
f768ea95bee3e820283618db84af7412,d8c310e9.json,training,0,0,0,,,,,,,0.0,,
268080a7f531f86316766fa95518974a,d8c310e9.json,training,0,0,0,,,,,,,0.0,,
900e6e6002d28f88867e3c7dc6d6c724,d8c310e9.json,training,2,2,11,1.0,0.0,0.0,4.332,4.332,1.0,0.3333333333333333,0.6666666666666667,0.18181818181818182
396300bdc680f5cb130c21fbc7c699c6,d90796e8.json,training,4,4,6,1.0,0.0,0.0,2.0785,2.0785,1.0,0.2222222222222222,0.7777777777777778,0.6666666666666666
9b24e78cf4e7e6f5b8a5451daba4f42e,d90796e8.json,training,0,0,0,,,,,,,0.0,,
9cad9022d90c9846a6abf2f5b5fb52aa,d90796e8.json,training,2,2,6,1.0,0.0,0.0,2.0785,2.0785,1.0,0.2222222222222222,0.7777777777777778,0.3333333333333333
9fc042903ad51212617dac008b33e52f,d90796e8.json,training,0,0,0,,,,,,,0.0,,
c7f8f6ce9884ce3a74d12a7a31f6ec6e,d90796e8.json,training,0,0,0,,,,,,,0.0,,
cf1e8375d3db58db14aaeb747b18886a,d90796e8.json,training,1,1,6,1.0,0.0,0.0,2.0785,2.0785,1.0,0.2222222222222222,0.7777777777777778,0.16666666666666666
ee25e317e1f5016f864d7a334960ae03,d90796e8.json,training,0,0,0,,,,,,,0.0,,
f5cadb9507cf607a1be966569482aa3a,d90796e8.json,training,0,0,0,,,,,,,0.0,,
feb1831867cdaae8dceae64cfc5d1d30,d90796e8.json,training,0,0,0,,,,,,,0.0,,
104e63de43442ce89c5839f8712b6583,d9f24cd1.json,training,0,0,0,,,,,,,0.0,,
133920c4c4f59b0ccb1e2b2b9037fb4d,d9f24cd1.json,training,0,0,0,,,,,,,0.0,,
268080a7f531f86316766fa95518974a,d9f24cd1.json,training,6,4,29,1.0,0.0,1.0,0.855,-0.14500000000000002,0.5,0.1111111111111111,0.3888888888888889,0.20689655172413793
2b81cdf7318d5455abebbf27aa5ee00c,d9f24cd1.json,training,0,0,0,,,,,,,0.0,,
3fed9d5687a6f8c59be21efa7ab7f62b,d9f24cd1.json,training,5,5,29,1.0,0.0,1.0,0.855,-0.14500000000000002,1.0,0.1111111111111111,0.8888888888888888,0.1724137931034483
9b24e78cf4e7e6f5b8a5451daba4f42e,d9f24cd1.json,training,0,0,0,,,,,,,0.0,,
9fc042903ad51212617dac008b33e52f,d9f24cd1.json,training,0,0,0,,,,,,,0.0,,
9fde1619b4726e99e36a88c4a6216cb6,d9f24cd1.json,training,0,0,0,,,,,,,0.0,,
cceff4582cc63af29108acb8ff97ea3c,d9f24cd1.json,training,0,0,0,,,,,,,0.0,,
ef69e31dcd2cc6da264211366d094353,d9f24cd1.json,training,0,0,0,,,,,,,0.0,,
feb1831867cdaae8dceae64cfc5d1d30,d9f24cd1.json,training,0,0,0,,,,,,,0.0,,
7c5a2b7aa2e0d2f7d2b8d75764a8077f,d9f24cd1.json,training,0,0,0,,,,,,,0.0,,
2b06355cea411af7a6fa212c90eb3c6d,d9fac9be.json,training,2,0,1,,,,11.219,,,0.1111111111111111,,2.0
468133debd1059f212dc2013d14d463d,d9fac9be.json,training,0,0,0,,,,,,,0.0,,
499fe86be021ad18e2fd5bbe9ddcb03b,d9fac9be.json,training,0,0,0,,,,,,,0.0,,
916251189d43363bfb58a1ea26f302ee,d9fac9be.json,training,0,0,0,,,,,,,0.0,,
af9bf0ddc3abdff8b566e97216d41dd6,d9fac9be.json,training,0,0,0,,,,,,,0.0,,
cb29d3449105481e91c41837b2f9ecee,d9fac9be.json,training,0,0,0,,,,,,,0.0,,
eea7c398992fe15d1e26fef397ad81c7,d9fac9be.json,training,0,0,0,,,,,,,0.0,,
f576e1838d85d09da2568600f53f8df0,d9fac9be.json,training,0,0,0,,,,,,,0.0,,
f779449edb30059d092d024ddf6819f3,d9fac9be.json,training,0,0,0,,,,,,,0.0,,
0d8a3dc2d054aa91e655dd79de243fd7,d9fac9be.json,training,1,0,1,,,,11.219,,,0.1111111111111111,,1.0
8c667f31f4618c59f132d2386cb047f4,d9fac9be.json,training,0,0,0,,,,,,,0.0,,
f170fec72411669d98c2117519eff9d6,d9fac9be.json,training,1,0,1,,,,11.219,,,0.1111111111111111,,1.0
6e8b87dd3f3994881c74e6b51ba3776d,dae9d2b5.json,training,0,0,0,,,,,,,0.0,,
733922bbc0f840f170c8dae64919dfc4,dae9d2b5.json,training,0,0,0,,,,,,,0.0,,
9fc042903ad51212617dac008b33e52f,dae9d2b5.json,training,1,0,7,,,,1.482,,,0.1111111111111111,,0.14285714285714285
c687f6afc08159130d227a976953c0ee,dae9d2b5.json,training,0,0,0,,,,,,,0.0,,
c7f8f6ce9884ce3a74d12a7a31f6ec6e,dae9d2b5.json,training,0,0,0,,,,,,,0.0,,
ef69e31dcd2cc6da264211366d094353,dae9d2b5.json,training,0,0,0,,,,,,,0.0,,
f5cadb9507cf607a1be966569482aa3a,dae9d2b5.json,training,0,0,0,,,,,,,0.0,,
fab4ec6a0f4a4c7b60e7b216d9e2ba94,dae9d2b5.json,training,0,0,0,,,,,,,0.0,,
feb1831867cdaae8dceae64cfc5d1d30,dae9d2b5.json,training,0,0,0,,,,,,,0.0,,
3dbfc2a1a8142af103a73878f263385c,dae9d2b5.json,training,0,0,0,,,,,,,0.0,,
09f86a600661502b32236459ea61d808,db3e9e38.json,training,5,5,35,1.0,0.0,0.8,1.573,0.7729999999999999,1.0,0.2222222222222222,0.7777777777777778,0.14285714285714285
268080a7f531f86316766fa95518974a,db3e9e38.json,training,5,5,35,1.0,0.0,2.0,1.573,-0.42700000000000005,1.0,0.2222222222222222,0.7777777777777778,0.14285714285714285
3bb342df31c0564962b0779781b1b302,db3e9e38.json,training,0,0,0,,,,,,,0.0,,
3dbfc2a1a8142af103a73878f263385c,db3e9e38.json,training,0,0,0,,,,,,,0.0,,
f076bb4cb6e46d77872910f2120690e4,db3e9e38.json,training,4,4,35,1.0,0.0,1.25,1.573,0.32299999999999995,1.0,0.2222222222222222,0.7777777777777778,0.11428571428571428
a1726e860b2b9ee81c63be858359d19e,db3e9e38.json,training,0,0,0,,,,,,,0.0,,
e7991fb1319e21785e67a474d48dae84,db3e9e38.json,training,0,0,0,,,,,,,0.0,,
4498e7fd3e811b883afa98ece42455c1,db93a21d.json,training,10,10,385,1.0,0.0,0.4,1.699,1.299,1.0,0.2222222222222222,0.7777777777777778,0.025974025974025976
2b81cdf7318d5455abebbf27aa5ee00c,dbc1a6ce.json,training,0,0,0,,,,,,,0.0,,
3fed9d5687a6f8c59be21efa7ab7f62b,dbc1a6ce.json,training,1,1,56,1.0,0.0,1.0,2.4985,1.4985,0.0,0.1111111111111111,-0.1111111111111111,0.017857142857142856
6e8b87dd3f3994881c74e6b51ba3776d,dbc1a6ce.json,training,0,0,0,,,,,,,0.0,,
3817e82a9ea81f76b90a5e4013db2d67,dbc1a6ce.json,training,0,0,0,,,,,,,0.0,,
3bb342df31c0564962b0779781b1b302,dbc1a6ce.json,training,0,0,0,,,,,,,0.0,,
8fb98fc8c1d3b476a96a4bc1e7d20bba,dbc1a6ce.json,training,0,0,0,,,,,,,0.0,,
a9fd2523f8aab42fab3d623ac7895165,dbc1a6ce.json,training,0,0,0,,,,,,,0.0,,
066ab036824d647d6164a0705f9eb311,dc1df850.json,training,0,0,0,,,,,,,0.0,,
396300bdc680f5cb130c21fbc7c699c6,dc1df850.json,training,13,13,24,1.0,0.0,0.38461538461538464,1.4205,1.0358846153846155,0.0,0.1111111111111111,-0.1111111111111111,0.5416666666666666
3bb342df31c0564962b0779781b1b302,dc1df850.json,training,0,0,0,,,,,,,0.0,,
82d2bfdc33f904063c2049097dc4c3c5,dc1df850.json,training,5,5,24,1.0,0.0,1.8,1.4205,-0.37949999999999995,1.0,0.1111111111111111,0.8888888888888888,0.20833333333333334
ae76f1633f50b15667524d3762e457de,dc1df850.json,training,0,0,0,,,,,,,0.0,,
e7991fb1319e21785e67a474d48dae84,dc1df850.json,training,0,0,0,,,,,,,0.0,,
e945f20ac5c265311158c572d937d126,dc1df850.json,training,0,0,0,,,,,,,0.0,,
7c80590e804169d56bc51fc41cb0d795,dc1df850.json,training,0,0,0,,,,,,,0.0,,
02ed2ff9368185366c19610d39a48a43,dc433765.json,training,0,0,0,,,,,,,0.0,,
066ab036824d647d6164a0705f9eb311,dc433765.json,training,0,0,0,,,,,,,0.0,,
9bbba0489030f0b9fbd8e8d4cc87ea79,dc433765.json,training,0,0,0,,,,,,,0.0,,
d2443ffe1b7d9dda83c4a36a8c53249c,dc433765.json,training,0,0,0,,,,,,,0.0,,
dfa58805c4c262273086ff03aa7b0daf,dc433765.json,training,0,0,0,,,,,,,0.0,,
e5668c80c36691fee6f46ee5f8ce2061,dc433765.json,training,0,0,0,,,,,,,0.0,,
e7991fb1319e21785e67a474d48dae84,dc433765.json,training,0,0,0,,,,,,,0.0,,
396ef5237c25b235f3753aa5b55c3cb6,dc433765.json,training,0,0,0,,,,,,,0.0,,
ae76f1633f50b15667524d3762e457de,dc433765.json,training,0,0,0,,,,,,,0.0,,
1f21284a2220c54c041cbeed539a28f1,ddf7fa4f.json,training,0,0,0,,,,,,,0.0,,
23609d6e8ff2ec858b2e02d424674908,ddf7fa4f.json,training,4,4,42,1.0,0.0,1.0,0.8745,-0.12549999999999994,1.0,0.3333333333333333,0.6666666666666667,0.09523809523809523
87710a82e147a65a756d6428792f4bdb,ddf7fa4f.json,training,1,1,42,1.0,0.0,0.0,0.8745,0.8745,1.0,0.3333333333333333,0.6666666666666667,0.023809523809523808
c623886065ada7cd006d849070a6c9ef,ddf7fa4f.json,training,1,1,42,1.0,0.0,1.0,0.8745,-0.12549999999999994,1.0,0.3333333333333333,0.6666666666666667,0.023809523809523808
d2443ffe1b7d9dda83c4a36a8c53249c,ddf7fa4f.json,training,0,0,0,,,,,,,0.0,,
e7991fb1319e21785e67a474d48dae84,ddf7fa4f.json,training,1,1,42,1.0,0.0,1.0,0.8745,-0.12549999999999994,1.0,0.3333333333333333,0.6666666666666667,0.023809523809523808
eb2b525969014cfc1f4d7f0985bf970a,ddf7fa4f.json,training,0,0,0,,,,,,,0.0,,
b45f198d54804113935eee8d2ad37f76,ddf7fa4f.json,training,0,0,0,,,,,,,0.0,,
14029d6d9faad3a8d5d66ebad48dcd8c,de1cd16c.json,training,0,0,0,,,,,,,0.0,,
25c479b3a670f80770242190d6b0a1a8,de1cd16c.json,training,0,0,0,,,,,,,0.0,,
dda10b01506628ed6b3e938cff424852,de1cd16c.json,training,0,0,0,,,,,,,0.0,,
fe2314216ec2492139a93e447f4fcc63,de1cd16c.json,training,0,0,0,,,,,,,0.0,,
e5668c80c36691fee6f46ee5f8ce2061,de1cd16c.json,training,14,14,1,1.0,0.0,16.285714285714285,17.63,1.3442857142857143,1.0,0.1111111111111111,0.8888888888888888,14.0
eb2b525969014cfc1f4d7f0985bf970a,de1cd16c.json,training,0,0,0,,,,,,,0.0,,
468133debd1059f212dc2013d14d463d,ded97339.json,training,0,0,0,,,,,,,0.0,,
499fe86be021ad18e2fd5bbe9ddcb03b,ded97339.json,training,0,0,0,,,,,,,0.0,,
8c667f31f4618c59f132d2386cb047f4,ded97339.json,training,0,0,0,,,,,,,0.0,,
af9bf0ddc3abdff8b566e97216d41dd6,ded97339.json,training,0,0,0,,,,,,,0.0,,
bf66a164234034d4709666dc364c8d55,ded97339.json,training,0,0,0,,,,,,,0.0,,
cb29d3449105481e91c41837b2f9ecee,ded97339.json,training,0,0,0,,,,,,,0.0,,
eea7c398992fe15d1e26fef397ad81c7,ded97339.json,training,1,1,9,1.0,0.0,1.0,2.3795,1.3795000000000002,0.0,0.1111111111111111,-0.1111111111111111,0.1111111111111111
f170fec72411669d98c2117519eff9d6,ded97339.json,training,0,0,0,,,,,,,0.0,,
f576e1838d85d09da2568600f53f8df0,ded97339.json,training,0,0,0,,,,,,,0.0,,
2b06355cea411af7a6fa212c90eb3c6d,ded97339.json,training,0,0,0,,,,,,,0.0,,
6cefab1ec9368a792cd51554b4187a5d,ded97339.json,training,0,0,0,,,,,,,0.0,,
f779449edb30059d092d024ddf6819f3,ded97339.json,training,0,0,0,,,,,,,0.0,,
2b06355cea411af7a6fa212c90eb3c6d,e179c5f4.json,training,0,0,0,,,,,,,0.0,,
468133debd1059f212dc2013d14d463d,e179c5f4.json,training,0,0,0,,,,,,,0.0,,
499fe86be021ad18e2fd5bbe9ddcb03b,e179c5f4.json,training,0,0,0,,,,,,,0.0,,
6cefab1ec9368a792cd51554b4187a5d,e179c5f4.json,training,2,2,49,1.0,0.0,0.0,0.019,0.019,1.0,0.2222222222222222,0.7777777777777778,0.04081632653061224
916251189d43363bfb58a1ea26f302ee,e179c5f4.json,training,0,0,0,,,,,,,0.0,,
af9bf0ddc3abdff8b566e97216d41dd6,e179c5f4.json,training,0,0,0,,,,,,,0.0,,
eea7c398992fe15d1e26fef397ad81c7,e179c5f4.json,training,0,0,0,,,,,,,0.0,,
f170fec72411669d98c2117519eff9d6,e179c5f4.json,training,0,0,0,,,,,,,0.0,,
f576e1838d85d09da2568600f53f8df0,e179c5f4.json,training,0,0,0,,,,,,,0.0,,
f779449edb30059d092d024ddf6819f3,e179c5f4.json,training,0,0,0,,,,,,,0.0,,
7c3f0d5ec05185be127ab78876395426,e179c5f4.json,training,0,0,0,,,,,,,0.0,,
bf66a164234034d4709666dc364c8d55,e179c5f4.json,training,0,0,0,,,,,,,0.0,,
687ed0403109d32bcc3d71323fa7865e,e21d9049.json,training,0,0,0,,,,,,,0.0,,
a9fd2523f8aab42fab3d623ac7895165,e21d9049.json,training,32,32,32,1.0,0.0,0.0,3.539,3.539,1.0,0.4444444444444444,0.5555555555555556,1.0
aecf991625649099e19bcccacdba776f,e21d9049.json,training,0,0,0,,,,,,,0.0,,
cf1e8375d3db58db14aaeb747b18886a,e21d9049.json,training,0,0,0,,,,,,,0.0,,
d2443ffe1b7d9dda83c4a36a8c53249c,e21d9049.json,training,2,2,32,1.0,0.0,0.0,3.539,3.539,1.0,0.4444444444444444,0.5555555555555556,0.0625
dd55f7f830586bcacfca0489ba65e224,e21d9049.json,training,0,0,0,,,,,,,0.0,,
eb2b525969014cfc1f4d7f0985bf970a,e21d9049.json,training,2,2,32,1.0,0.0,0.0,3.539,3.539,1.0,0.4444444444444444,0.5555555555555556,0.0625
e5668c80c36691fee6f46ee5f8ce2061,e21d9049.json,training,0,0,0,,,,,,,0.0,,
137b32d0d972f099b78ba73aa5b9d00f,e26a3af2.json,training,0,0,0,,,,,,,0.0,,
1a2fa3e4a8d35805783e5fb62adb610e,e26a3af2.json,training,0,0,0,,,,,,,0.0,,
60608143c4228cc1118698942487a0e5,e26a3af2.json,training,0,0,0,,,,,,,0.0,,
93bdf721d50723aa070d5ea5f909488b,e26a3af2.json,training,0,0,0,,,,,,,0.0,,
aecf991625649099e19bcccacdba776f,e26a3af2.json,training,0,0,0,,,,,,,0.0,,
b6a6d9ac219842217c6247aa472de1ac,e26a3af2.json,training,0,0,0,,,,,,,0.0,,
c2a5313d1057d8a1683e090124b0c93b,e26a3af2.json,training,0,0,0,,,,,,,0.0,,
e18332c0e4a97dc621c91b8fdac4efc1,e26a3af2.json,training,7,7,43,1.0,0.0,0.5714285714285714,1.2985,0.7270714285714286,0.0,0.5555555555555556,-0.5555555555555556,0.16279069767441862
e7c15a924938586444d8b0643c60f288,e26a3af2.json,training,0,0,0,,,,,,,0.0,,
f768ea95bee3e820283618db84af7412,e26a3af2.json,training,0,0,0,,,,,,,0.0,,
687ed0403109d32bcc3d71323fa7865e,e26a3af2.json,training,0,0,0,,,,,,,0.0,,
222e793daa759b482733882d0a63382f,e3497940.json,training,0,0,0,,,,,,,0.0,,
60608143c4228cc1118698942487a0e5,e40b9e2f.json,training,0,0,0,,,,,,,0.0,,
87710a82e147a65a756d6428792f4bdb,e40b9e2f.json,training,0,0,0,,,,,,,0.0,,
f5cadb9507cf607a1be966569482aa3a,e40b9e2f.json,training,0,0,0,,,,,,,0.0,,
1a2fa3e4a8d35805783e5fb62adb610e,e40b9e2f.json,training,0,0,0,,,,,,,0.0,,
1a2fa3e4a8d35805783e5fb62adb610e,e48d4e1a.json,training,1,1,36,1.0,0.0,1.0,0.9215,-0.07850000000000001,1.0,0.2222222222222222,0.7777777777777778,0.027777777777777776
23609d6e8ff2ec858b2e02d424674908,e48d4e1a.json,training,8,8,36,1.0,0.0,1.375,0.9215,-0.4535,1.0,0.2222222222222222,0.7777777777777778,0.2222222222222222
687ed0403109d32bcc3d71323fa7865e,e48d4e1a.json,training,0,0,0,,,,,,,0.0,,
aecf991625649099e19bcccacdba776f,e48d4e1a.json,training,4,4,36,1.0,0.0,1.0,0.9215,-0.07850000000000001,1.0,0.2222222222222222,0.7777777777777778,0.1111111111111111
ee11e1dac29bc47c4e9c5835aea7cd76,e48d4e1a.json,training,0,0,0,,,,,,,0.0,,
f5a760cb5c223e7ccb8eb34c94844e35,e48d4e1a.json,training,0,0,0,,,,,,,0.0,,
2c306c5859a86c37cda1e3e9fd74c851,e48d4e1a.json,training,0,0,0,,,,,,,0.0,,
2b06355cea411af7a6fa212c90eb3c6d,e5062a87.json,training,1,1,12,1.0,0.0,3.0,3.091,0.09100000000000019,0.0,0.1111111111111111,-0.1111111111111111,0.08333333333333333
468133debd1059f212dc2013d14d463d,e5062a87.json,training,0,0,0,,,,,,,0.0,,
5a3f3824dd4e1b0ec4df317c010a9343,e5062a87.json,training,0,0,0,,,,,,,0.0,,
6cefab1ec9368a792cd51554b4187a5d,e5062a87.json,training,0,0,0,,,,,,,0.0,,
7c3f0d5ec05185be127ab78876395426,e5062a87.json,training,0,0,0,,,,,,,0.0,,
af9bf0ddc3abdff8b566e97216d41dd6,e5062a87.json,training,1,1,12,1.0,0.0,5.0,3.091,-1.9089999999999998,0.0,0.1111111111111111,-0.1111111111111111,0.08333333333333333
bf66a164234034d4709666dc364c8d55,e5062a87.json,training,0,0,0,,,,,,,0.0,,
eea7c398992fe15d1e26fef397ad81c7,e5062a87.json,training,1,1,12,1.0,0.0,6.0,3.091,-2.909,0.0,0.1111111111111111,-0.1111111111111111,0.08333333333333333
f576e1838d85d09da2568600f53f8df0,e5062a87.json,training,0,0,0,,,,,,,0.0,,
f779449edb30059d092d024ddf6819f3,e5062a87.json,training,0,0,0,,,,,,,0.0,,
499fe86be021ad18e2fd5bbe9ddcb03b,e5062a87.json,training,0,0,0,,,,,,,0.0,,
eba2a92544ddf47684572e689664bec9,e5062a87.json,training,0,0,0,,,,,,,0.0,,
231c248e72ae1c07f02d8e119c28675a,e509e548.json,training,0,0,0,,,,,,,0.0,,
2b51f7c49cad5753db361b45f3060e2b,e509e548.json,training,1,1,44,1.0,0.0,1.0,1.4445,0.4444999999999999,1.0,0.3333333333333333,0.6666666666666667,0.022727272727272728
5e59feb263d08094a4351feb58b3308b,e509e548.json,training,1,1,44,1.0,0.0,0.0,1.4445,1.4445,0.0,0.3333333333333333,-0.3333333333333333,0.022727272727272728
76b59725253c6fdd4cd68ade48cc373b,e509e548.json,training,7,7,44,1.0,0.0,0.0,1.4445,1.4445,1.0,0.3333333333333333,0.6666666666666667,0.1590909090909091
c0841ccd8b2c5b64b36888e79697cb1a,e509e548.json,training,0,0,0,,,,,,,0.0,,
e19a7333c23f83be137a51ec537f9613,e509e548.json,training,5,5,44,1.0,0.0,1.0,1.4445,0.4444999999999999,1.0,0.3333333333333333,0.6666666666666667,0.11363636363636363
edc7850dd3c0836d716b05ecde40f5f0,e509e548.json,training,2,0,44,,,,1.4445,,,0.3333333333333333,,0.045454545454545456
ee11e1dac29bc47c4e9c5835aea7cd76,e509e548.json,training,0,0,0,,,,,,,0.0,,
1ac69b338cac41b1ebe19d8d48752023,e509e548.json,training,0,0,0,,,,,,,0.0,,
c687f6afc08159130d227a976953c0ee,e509e548.json,training,0,0,0,,,,,,,0.0,,
2b06355cea411af7a6fa212c90eb3c6d,e50d258f.json,training,2,1,11,1.0,0.0,0.0,4.004,4.004,1.0,0.3333333333333333,0.6666666666666667,0.18181818181818182
468133debd1059f212dc2013d14d463d,e50d258f.json,training,0,0,0,,,,,,,0.0,,
5a3f3824dd4e1b0ec4df317c010a9343,e50d258f.json,training,0,0,0,,,,,,,0.0,,
6cefab1ec9368a792cd51554b4187a5d,e50d258f.json,training,0,0,0,,,,,,,0.0,,
916251189d43363bfb58a1ea26f302ee,e50d258f.json,training,2,2,11,1.0,0.0,0.0,4.004,4.004,1.0,0.3333333333333333,0.6666666666666667,0.18181818181818182
9a0d9fcb2f0772dd8ac4d42605f1d866,e50d258f.json,training,3,3,11,1.0,0.0,0.6666666666666666,4.004,3.337333333333333,1.0,0.3333333333333333,0.6666666666666667,0.2727272727272727
af9bf0ddc3abdff8b566e97216d41dd6,e50d258f.json,training,0,0,0,,,,,,,0.0,,
bf66a164234034d4709666dc364c8d55,e50d258f.json,training,0,0,0,,,,,,,0.0,,
eba2a92544ddf47684572e689664bec9,e50d258f.json,training,0,0,0,,,,,,,0.0,,
eea7c398992fe15d1e26fef397ad81c7,e50d258f.json,training,2,0,11,,,,4.004,,,0.3333333333333333,,0.18181818181818182
499fe86be021ad18e2fd5bbe9ddcb03b,e50d258f.json,training,0,0,0,,,,,,,0.0,,
f576e1838d85d09da2568600f53f8df0,e50d258f.json,training,0,0,0,,,,,,,0.0,,
7c3f0d5ec05185be127ab78876395426,e50d258f.json,training,0,0,0,,,,,,,0.0,,
9c5561e0b4a04965e9827c50d369bfb8,e50d258f.json,training,0,0,0,,,,,,,0.0,,
104e63de43442ce89c5839f8712b6583,e6721834.json,training,1,1,25,1.0,0.0,1.0,7.1055,6.1055,1.0,0.1111111111111111,0.8888888888888888,0.04
3ebdc1cb74e9f8f6017a9114d8d7a535,e6721834.json,training,1,1,25,1.0,0.0,1.0,7.1055,6.1055,0.0,0.1111111111111111,-0.1111111111111111,0.04
5e59feb263d08094a4351feb58b3308b,e6721834.json,training,0,0,0,,,,,,,0.0,,
eda259bc2c35ff153c1625c6ff45e5db,e6721834.json,training,4,4,25,1.0,0.0,0.75,7.1055,6.3555,0.0,0.1111111111111111,-0.1111111111111111,0.16
ee11e1dac29bc47c4e9c5835aea7cd76,e6721834.json,training,0,0,0,,,,,,,0.0,,
04703ed8073cb1518c5bc8d5c58bb42f,e6721834.json,training,0,0,0,,,,,,,0.0,,
1bb216a4ebb6ebe4607a15f8327a2dc7,e6721834.json,training,0,0,0,,,,,,,0.0,,
60fa4555ae5099df9f8f383217718cb4,e6721834.json,training,0,0,0,,,,,,,0.0,,
7e7c10abefd85cb45e7cce81dd133ee1,e6721834.json,training,1,1,25,1.0,0.0,1.0,7.1055,6.1055,0.0,0.1111111111111111,-0.1111111111111111,0.04
133920c4c4f59b0ccb1e2b2b9037fb4d,e6721834.json,training,1,1,25,1.0,0.0,1.0,7.1055,6.1055,0.0,0.1111111111111111,-0.1111111111111111,0.04
6026d2563d049de8566b85ce9dd27830,e6721834.json,training,0,0,0,,,,,,,0.0,,
ef69e31dcd2cc6da264211366d094353,e6721834.json,training,0,0,0,,,,,,,0.0,,
04703ed8073cb1518c5bc8d5c58bb42f,e73095fd.json,training,0,0,0,,,,,,,0.0,,
11df1e24129b7f66bf22e83243dbb0f9,e73095fd.json,training,7,7,15,1.0,0.0,0.7142857142857143,3.9445,3.2302142857142857,0.0,0.1111111111111111,-0.1111111111111111,0.4666666666666667
14029d6d9faad3a8d5d66ebad48dcd8c,e73095fd.json,training,0,0,0,,,,,,,0.0,,
25c479b3a670f80770242190d6b0a1a8,e73095fd.json,training,0,0,0,,,,,,,0.0,,
2a1e5044e12921b39732edc9df88d871,e73095fd.json,training,0,0,0,,,,,,,0.0,,
76b59725253c6fdd4cd68ade48cc373b,e73095fd.json,training,1,1,15,1.0,0.0,1.0,3.9445,2.9445,1.0,0.1111111111111111,0.8888888888888888,0.06666666666666667
93bdf721d50723aa070d5ea5f909488b,e73095fd.json,training,1,1,15,1.0,0.0,1.0,3.9445,2.9445,0.0,0.1111111111111111,-0.1111111111111111,0.06666666666666667
a3cd9aab2930801124d942a3dd435e93,e73095fd.json,training,0,0,0,,,,,,,0.0,,
dd5a847778be2594fe617eb1965fe9e3,e73095fd.json,training,0,0,0,,,,,,,0.0,,
dda10b01506628ed6b3e938cff424852,e73095fd.json,training,0,0,0,,,,,,,0.0,,
eb2b525969014cfc1f4d7f0985bf970a,e73095fd.json,training,11,11,15,0.9090909090909091,0.09090909090909091,3.090909090909091,3.9445,0.8535909090909093,0.0,0.1111111111111111,-0.1111111111111111,0.7333333333333333
ee11e1dac29bc47c4e9c5835aea7cd76,e73095fd.json,training,0,0,0,,,,,,,0.0,,
398440549810022b27a8254ce8a53dc5,e73095fd.json,training,1,1,15,1.0,0.0,1.0,3.9445,2.9445,1.0,0.1111111111111111,0.8888888888888888,0.06666666666666667
ef69e31dcd2cc6da264211366d094353,e73095fd.json,training,0,0,0,,,,,,,0.0,,
231c248e72ae1c07f02d8e119c28675a,e73095fd.json,training,0,0,0,,,,,,,0.0,,
015f3086f4b6343a96d6b3137f5b2d9b,e76a88a6.json,training,0,0,0,,,,,,,0.0,,
021fadfb38e6c76f0a0f5756aa7c2e57,e76a88a6.json,training,0,0,0,,,,,,,0.0,,
231c248e72ae1c07f02d8e119c28675a,e76a88a6.json,training,0,0,0,,,,,,,0.0,,
2a1e5044e12921b39732edc9df88d871,e76a88a6.json,training,3,3,36,1.0,0.0,0.0,1.274,1.274,0.0,0.2222222222222222,-0.2222222222222222,0.08333333333333333
2e8f1363396592b38b2f8f0db0f987ed,e76a88a6.json,training,0,0,0,,,,,,,0.0,,
7c221171f713c3f21876eb647b89afb8,e76a88a6.json,training,0,0,0,,,,,,,0.0,,
838b8505eaf5143a9f6d15f0eda26b9f,e76a88a6.json,training,3,3,36,1.0,0.0,0.0,1.274,1.274,0.0,0.2222222222222222,-0.2222222222222222,0.08333333333333333
9bdc44f39ffaca394834f2ca247e4679,e76a88a6.json,training,0,0,0,,,,,,,0.0,,
a3cd9aab2930801124d942a3dd435e93,e76a88a6.json,training,0,0,0,,,,,,,0.0,,
c3e7df97dcf4835ff92bff871e7e4a34,e76a88a6.json,training,0,0,0,,,,,,,0.0,,
e50624c58c0db044b7a82f65e89f295d,e76a88a6.json,training,0,0,0,,,,,,,0.0,,
f984748a41d3738c92032ce339074ab5,e76a88a6.json,training,0,0,0,,,,,,,0.0,,
fe45a3f1c9fd6137abac150c7f4be9f8,e76a88a6.json,training,0,0,0,,,,,,,0.0,,
fcb244a86ddc5371c7c368d001d8cb7a,e76a88a6.json,training,0,0,0,,,,,,,0.0,,
fe2314216ec2492139a93e447f4fcc63,e76a88a6.json,training,0,0,0,,,,,,,0.0,,
1a2fa3e4a8d35805783e5fb62adb610e,e8593010.json,training,1,1,28,1.0,0.0,1.0,0.909,-0.09099999999999997,1.0,0.3333333333333333,0.6666666666666667,0.03571428571428571
1b4e4dceb7c4085c36335490034040a2,e8593010.json,training,3,3,28,1.0,0.0,1.3333333333333333,0.909,-0.42433333333333323,1.0,0.3333333333333333,0.6666666666666667,0.10714285714285714
2c306c5859a86c37cda1e3e9fd74c851,e8593010.json,training,0,0,0,,,,,,,0.0,,
398440549810022b27a8254ce8a53dc5,e8593010.json,training,5,5,28,1.0,0.0,0.4,0.909,0.509,0.8,0.3333333333333333,0.46666666666666673,0.17857142857142858
3ebdc1cb74e9f8f6017a9114d8d7a535,e8593010.json,training,0,0,0,,,,,,,0.0,,
45899c141fe1b4809c78ea8846d3be21,e8593010.json,training,1,1,28,1.0,0.0,0.0,0.909,0.909,0.0,0.3333333333333333,-0.3333333333333333,0.03571428571428571
76b59725253c6fdd4cd68ade48cc373b,e8593010.json,training,0,0,0,,,,,,,0.0,,
7a899c5daf00e1f29281159b3ddda9e0,e8593010.json,training,0,0,0,,,,,,,0.0,,
7c221171f713c3f21876eb647b89afb8,e8593010.json,training,1,1,28,1.0,0.0,1.0,0.909,-0.09099999999999997,1.0,0.3333333333333333,0.6666666666666667,0.03571428571428571
87710a82e147a65a756d6428792f4bdb,e8593010.json,training,0,0,0,,,,,,,0.0,,
fe45a3f1c9fd6137abac150c7f4be9f8,e8593010.json,training,0,0,0,,,,,,,0.0,,
3f87bebed4579f09a89c04ce8f7208c7,e8dc4411.json,training,0,0,0,,,,,,,0.0,,
5e59feb263d08094a4351feb58b3308b,e8dc4411.json,training,1,1,6,1.0,0.0,2.0,10.96,8.96,1.0,0.1111111111111111,0.8888888888888888,0.16666666666666666
733922bbc0f840f170c8dae64919dfc4,e8dc4411.json,training,0,0,0,,,,,,,0.0,,
7e7c10abefd85cb45e7cce81dd133ee1,e8dc4411.json,training,0,0,0,,,,,,,0.0,,
a3cd9aab2930801124d942a3dd435e93,e8dc4411.json,training,0,0,0,,,,,,,0.0,,
b117bbd6a0289c4519a404f9132a5ea4,e8dc4411.json,training,1,1,6,1.0,0.0,0.0,10.96,10.96,0.0,0.1111111111111111,-0.1111111111111111,0.16666666666666666
b6a6d9ac219842217c6247aa472de1ac,e8dc4411.json,training,0,0,0,,,,,,,0.0,,
c623886065ada7cd006d849070a6c9ef,e8dc4411.json,training,1,1,6,1.0,0.0,6.0,10.96,4.960000000000001,0.0,0.1111111111111111,-0.1111111111111111,0.16666666666666666
fe2314216ec2492139a93e447f4fcc63,e8dc4411.json,training,0,0,0,,,,,,,0.0,,
fedb2e4ca148e45a16c0481b4a43f04f,e8dc4411.json,training,1,1,6,1.0,0.0,1.0,10.96,9.96,1.0,0.1111111111111111,0.8888888888888888,0.16666666666666666
04703ed8073cb1518c5bc8d5c58bb42f,e8dc4411.json,training,8,8,6,1.0,0.0,2.5,10.96,8.46,1.0,0.1111111111111111,0.8888888888888888,1.3333333333333333
60fa4555ae5099df9f8f383217718cb4,e8dc4411.json,training,0,0,0,,,,,,,0.0,,
90ed6db80869ea24464571176131d078,e8dc4411.json,training,0,0,0,,,,,,,0.0,,
b3572834215d462d2d43dbe650009e2f,e8dc4411.json,training,0,0,0,,,,,,,0.0,,
f5a760cb5c223e7ccb8eb34c94844e35,e8dc4411.json,training,0,0,0,,,,,,,0.0,,
cceff4582cc63af29108acb8ff97ea3c,e8dc4411.json,training,0,0,0,,,,,,,0.0,,
021fadfb38e6c76f0a0f5756aa7c2e57,e9614598.json,training,0,0,0,,,,,,,0.0,,
2c306c5859a86c37cda1e3e9fd74c851,e9614598.json,training,0,0,0,,,,,,,0.0,,
398440549810022b27a8254ce8a53dc5,e9614598.json,training,5,5,5,1.0,0.0,2.0,5.5075,3.5075000000000003,0.8,0.1111111111111111,0.6888888888888889,1.0
3f87bebed4579f09a89c04ce8f7208c7,e9614598.json,training,0,0,0,,,,,,,0.0,,
556acf9442b2d6cf9868991f7c2c729e,e9614598.json,training,0,0,0,,,,,,,0.0,,
63abf018481b5ee48f4b2f85b36e7abc,e9614598.json,training,2,2,5,1.0,0.0,1.0,5.5075,4.5075,1.0,0.1111111111111111,0.8888888888888888,0.4
7c221171f713c3f21876eb647b89afb8,e9614598.json,training,0,0,0,,,,,,,0.0,,
7e7c10abefd85cb45e7cce81dd133ee1,e9614598.json,training,0,0,0,,,,,,,0.0,,
96272dec10d650fcc9002e47bc766a63,e9614598.json,training,3,3,5,1.0,0.0,3.6666666666666665,5.5075,1.8408333333333338,0.0,0.1111111111111111,-0.1111111111111111,0.6
c623886065ada7cd006d849070a6c9ef,e9614598.json,training,1,1,5,0.0,1.0,5.0,5.5075,0.5075000000000003,0.0,0.1111111111111111,-0.1111111111111111,0.2
c687f6afc08159130d227a976953c0ee,e9614598.json,training,0,0,0,,,,,,,0.0,,
f889172bfc0984049bf129f81c9c9782,e9614598.json,training,0,0,0,,,,,,,0.0,,
f984748a41d3738c92032ce339074ab5,e9614598.json,training,1,1,5,1.0,0.0,2.0,5.5075,3.5075000000000003,1.0,0.1111111111111111,0.8888888888888888,0.2
fe2314216ec2492139a93e447f4fcc63,e9614598.json,training,0,0,0,,,,,,,0.0,,
fe45a3f1c9fd6137abac150c7f4be9f8,e9614598.json,training,0,0,0,,,,,,,0.0,,
021fadfb38e6c76f0a0f5756aa7c2e57,e98196ab.json,training,0,0,0,,,,,,,0.0,,
2f31ffc25dd0840a96fc600d5d985a1a,e98196ab.json,training,0,0,0,,,,,,,0.0,,
3f87bebed4579f09a89c04ce8f7208c7,e98196ab.json,training,9,9,10,1.0,0.0,5.444444444444445,3.3555,-2.0889444444444445,0.0,0.1111111111111111,-0.1111111111111111,0.9
47d4ec31a159ccf81b6a0926eb8c7fb9,e98196ab.json,training,0,0,0,,,,,,,0.0,,
7c221171f713c3f21876eb647b89afb8,e98196ab.json,training,1,1,10,1.0,0.0,2.0,3.3555,1.3555000000000001,0.0,0.1111111111111111,-0.1111111111111111,0.1
7e7c10abefd85cb45e7cce81dd133ee1,e98196ab.json,training,1,0,10,,,,3.3555,,,0.1111111111111111,,0.1
93bdf721d50723aa070d5ea5f909488b,e98196ab.json,training,0,0,0,,,,,,,0.0,,
aad2c72c4cd6813a84d879f68572cfb3,e98196ab.json,training,0,0,0,,,,,,,0.0,,
ad60449528708b644b50088e29912b84,e98196ab.json,training,2,1,10,1.0,0.0,2.0,3.3555,1.3555000000000001,0.0,0.1111111111111111,-0.1111111111111111,0.2
fe45a3f1c9fd6137abac150c7f4be9f8,e98196ab.json,training,0,0,0,,,,,,,0.0,,
76b59725253c6fdd4cd68ade48cc373b,e98196ab.json,training,0,0,0,,,,,,,0.0,,
063547ca4fb1523d4e3b1236a77d5a0a,e9afcf9a.json,training,0,0,0,,,,,,,0.0,,
069b5bcb5260e313c6c0ca720699b803,e9afcf9a.json,training,2,2,6,1.0,0.0,1.0,0.49,-0.51,1.0,0.2222222222222222,0.7777777777777778,0.3333333333333333
1b75ca89eb457b4cbe0cb6297be8505a,e9afcf9a.json,training,0,0,0,,,,,,,0.0,,
23609d6e8ff2ec858b2e02d424674908,e9afcf9a.json,training,0,0,0,,,,,,,0.0,,
398440549810022b27a8254ce8a53dc5,e9afcf9a.json,training,0,0,0,,,,,,,0.0,,
4da8c339a3469b1bd33f0bc3ebeeec33,e9afcf9a.json,training,0,0,0,,,,,,,0.0,,
736a8982ca05b0d998bdac92c7082541,e9afcf9a.json,training,0,0,0,,,,,,,0.0,,
86a9cc9d4640c88ca884b3e6f0df6762,e9afcf9a.json,training,1,1,6,1.0,0.0,1.0,0.49,-0.51,0.0,0.2222222222222222,-0.2222222222222222,0.16666666666666666
99820d664927a31792470aa731ee2fa5,e9afcf9a.json,training,0,0,0,,,,,,,0.0,,
9fde1619b4726e99e36a88c4a6216cb6,e9afcf9a.json,training,0,0,0,,,,,,,0.0,,
a3cd9aab2930801124d942a3dd435e93,e9afcf9a.json,training,0,0,0,,,,,,,0.0,,
ad60449528708b644b50088e29912b84,e9afcf9a.json,training,0,0,0,,,,,,,0.0,,
b26c49180b83bf949a81df13cdfe602a,e9afcf9a.json,training,0,0,0,,,,,,,0.0,,
b6a6d9ac219842217c6247aa472de1ac,e9afcf9a.json,training,0,0,0,,,,,,,0.0,,
c2e51a8b64ca5c5c1efdac73db7bdfbc,e9afcf9a.json,training,0,0,0,,,,,,,0.0,,
f680d67c21e6e051dc9f185a91c5be7b,e9afcf9a.json,training,3,3,6,1.0,0.0,1.0,0.49,-0.51,1.0,0.2222222222222222,0.7777777777777778,0.5
f6a2c1821ddddcbab6e7a0941c26911c,e9afcf9a.json,training,1,1,6,1.0,0.0,0.0,0.49,0.49,0.0,0.2222222222222222,-0.2222222222222222,0.16666666666666666
066ab036824d647d6164a0705f9eb311,ea32f347.json,training,0,0,0,,,,,,,0.0,,
4da8c339a3469b1bd33f0bc3ebeeec33,ea32f347.json,training,0,0,0,,,,,,,0.0,,
556acf9442b2d6cf9868991f7c2c729e,ea32f347.json,training,0,0,0,,,,,,,0.0,,
82d2bfdc33f904063c2049097dc4c3c5,ea32f347.json,training,0,0,0,,,,,,,0.0,,
ad60449528708b644b50088e29912b84,ea32f347.json,training,6,6,14,1.0,0.0,0.0,1.8295,1.8295,0.0,0.3333333333333333,-0.3333333333333333,0.42857142857142855
ae76f1633f50b15667524d3762e457de,ea32f347.json,training,0,0,0,,,,,,,0.0,,
b6a6d9ac219842217c6247aa472de1ac,ea32f347.json,training,0,0,0,,,,,,,0.0,,
c03ef0dac4e8f587698c8e81c5a20f35,ea32f347.json,training,0,0,0,,,,,,,0.0,,
d9b069d8a7300c97c92163cea25a411a,ea32f347.json,training,0,0,0,,,,,,,0.0,,
e945f20ac5c265311158c572d937d126,ea32f347.json,training,0,0,0,,,,,,,0.0,,
eae4bd2fe6982ce0269fdb9aacd93dea,ea32f347.json,training,1,1,14,1.0,0.0,1.0,1.8295,0.8294999999999999,1.0,0.3333333333333333,0.6666666666666667,0.07142857142857142
f680d67c21e6e051dc9f185a91c5be7b,ea32f347.json,training,4,4,14,1.0,0.0,0.75,1.8295,1.0795,1.0,0.3333333333333333,0.6666666666666667,0.2857142857142857
f6a2c1821ddddcbab6e7a0941c26911c,ea32f347.json,training,0,0,0,,,,,,,0.0,,
fe45a3f1c9fd6137abac150c7f4be9f8,ea32f347.json,training,3,3,14,1.0,0.0,0.0,1.8295,1.8295,1.0,0.3333333333333333,0.6666666666666667,0.21428571428571427
491f3aadcf03439e81054cf7c548b93d,ea32f347.json,training,0,0,0,,,,,,,0.0,,
82d2bfdc33f904063c2049097dc4c3c5,ea32f347.json,training,0,0,0,,,,,,,0.0,,
b3572834215d462d2d43dbe650009e2f,ea32f347.json,training,0,0,0,,,,,,,0.0,,
a98c60c3fbcf9948439944220ac84a3e,ea32f347.json,training,1,1,14,1.0,0.0,0.0,1.8295,1.8295,1.0,0.3333333333333333,0.6666666666666667,0.07142857142857142
1ac69b338cac41b1ebe19d8d48752023,ea786f4a.json,training,0,0,0,,,,,,,0.0,,
3d21505b62cc8e87d686efaa57930aa1,ea786f4a.json,training,2,2,20,1.0,0.0,1.0,1.8215,0.8214999999999999,1.0,0.1111111111111111,0.8888888888888888,0.1
48994222818d3cd44733034d7fa60c67,ea786f4a.json,training,0,0,0,,,,,,,0.0,,
79c4bc130701b592b83f489ddb155ca2,ea786f4a.json,training,1,1,20,1.0,0.0,2.0,1.8215,-0.1785000000000001,0.0,0.1111111111111111,-0.1111111111111111,0.05
86a9cc9d4640c88ca884b3e6f0df6762,ea786f4a.json,training,0,0,0,,,,,,,0.0,,
88b5ad44e2d6ad799720832dcc45d014,ea786f4a.json,training,11,11,20,1.0,0.0,1.0,1.8215,0.8214999999999999,1.0,0.1111111111111111,0.8888888888888888,0.55
c9807d2c0853cc1774dc784481845d97,ea786f4a.json,training,0,0,0,,,,,,,0.0,,
cf1e8375d3db58db14aaeb747b18886a,ea786f4a.json,training,1,1,20,1.0,0.0,1.0,1.8215,0.8214999999999999,1.0,0.1111111111111111,0.8888888888888888,0.05
e4918abab17b191bb8a2fdf27ccccbf8,ea786f4a.json,training,0,0,0,,,,,,,0.0,,
ee25e317e1f5016f864d7a334960ae03,ea786f4a.json,training,0,0,0,,,,,,,0.0,,
f680d67c21e6e051dc9f185a91c5be7b,ea786f4a.json,training,0,0,0,,,,,,,0.0,,
f6a2c1821ddddcbab6e7a0941c26911c,ea786f4a.json,training,21,21,20,1.0,0.0,0.09523809523809523,1.8215,1.7262619047619046,0.0,0.1111111111111111,-0.1111111111111111,1.05
fedb2e4ca148e45a16c0481b4a43f04f,ea786f4a.json,training,1,1,20,1.0,0.0,1.0,1.8215,0.8214999999999999,1.0,0.1111111111111111,0.8888888888888888,0.05
47b3e2bed3b74a15fc88d7a4835aca34,ea786f4a.json,training,0,0,0,,,,,,,0.0,,
c4d7f14b98396b99394466442461460d,ea786f4a.json,training,1,1,20,1.0,0.0,1.0,1.8215,0.8214999999999999,1.0,0.1111111111111111,0.8888888888888888,0.05
e7c15a924938586444d8b0643c60f288,eb281b96.json,training,0,0,0,,,,,,,0.0,,
37f84369d15c9cdc41b13b48b92a3e15,eb281b96.json,training,0,0,0,,,,,,,0.0,,
16780d6eac2d3a612f930fa627cd41eb,eb5a1d5d.json,training,2,2,52,1.0,0.0,0.5,12.6705,12.1705,1.0,0.4444444444444444,0.5555555555555556,0.038461538461538464
23609d6e8ff2ec858b2e02d424674908,eb5a1d5d.json,training,86,84,52,1.0,0.0,0.38095238095238093,12.6705,12.28954761904762,1.0,0.4444444444444444,0.5555555555555556,1.6538461538461537
3f1f013bd947cfdcf603684dfc2aa6b0,eb5a1d5d.json,training,0,0,0,,,,,,,0.0,,
88b5ad44e2d6ad799720832dcc45d014,eb5a1d5d.json,training,25,24,52,1.0,0.0,0.16666666666666666,12.6705,12.503833333333334,0.7083333333333334,0.4444444444444444,0.26388888888888895,0.4807692307692308
ab95782d4e9410ef7f416a3137924b90,eb5a1d5d.json,training,31,30,52,1.0,0.0,0.23333333333333334,12.6705,12.437166666666668,1.0,0.4444444444444444,0.5555555555555556,0.5961538461538461
e18332c0e4a97dc621c91b8fdac4efc1,eb5a1d5d.json,training,23,21,52,1.0,0.0,0.047619047619047616,12.6705,12.622880952380953,0.8571428571428571,0.4444444444444444,0.4126984126984127,0.4423076923076923
edc249195b1830f0687984974f63f55b,eb5a1d5d.json,training,1,0,52,,,,12.6705,,,0.4444444444444444,,0.019230769230769232
f680d67c21e6e051dc9f185a91c5be7b,eb5a1d5d.json,training,35,32,52,1.0,0.0,0.375,12.6705,12.2955,1.0,0.4444444444444444,0.5555555555555556,0.6730769230769231
fedb2e4ca148e45a16c0481b4a43f04f,eb5a1d5d.json,training,0,0,0,,,,,,,0.0,,
0954867f72ce85860194b72a05f5d048,eb5a1d5d.json,training,86,80,52,1.0,0.0,0.425,12.6705,12.2455,0.925,0.4444444444444444,0.4805555555555556,1.6538461538461537
13e2a887264c0b9f322626b5e12d2560,eb5a1d5d.json,training,2,0,52,,,,12.6705,,,0.4444444444444444,,0.038461538461538464
8668716ad0e431ad4d96ad428e3e7a43,eb5a1d5d.json,training,0,0,0,,,,,,,0.0,,
8d7c56529be9303b05e8788777d6c7cd,eb5a1d5d.json,training,52,47,52,1.0,0.0,0.5957446808510638,12.6705,12.074755319148936,1.0,0.4444444444444444,0.5555555555555556,1.0
0954867f72ce85860194b72a05f5d048,ec883f72.json,training,2,0,6,,,,4.118,,,0.1111111111111111,,0.3333333333333333
231c248e72ae1c07f02d8e119c28675a,ec883f72.json,training,0,0,0,,,,,,,0.0,,
3f1f013bd947cfdcf603684dfc2aa6b0,ec883f72.json,training,0,0,0,,,,,,,0.0,,
45899c141fe1b4809c78ea8846d3be21,ec883f72.json,training,0,0,0,,,,,,,0.0,,
47b3e2bed3b74a15fc88d7a4835aca34,ec883f72.json,training,0,0,0,,,,,,,0.0,,
8668716ad0e431ad4d96ad428e3e7a43,ec883f72.json,training,3,3,6,1.0,0.0,1.0,4.118,3.1180000000000003,1.0,0.1111111111111111,0.8888888888888888,0.5
86a9cc9d4640c88ca884b3e6f0df6762,ec883f72.json,training,0,0,0,,,,,,,0.0,,
a887942f6d2e8261d80c0256f9bd0ac2,ec883f72.json,training,0,0,0,,,,,,,0.0,,
aecf991625649099e19bcccacdba776f,ec883f72.json,training,0,0,0,,,,,,,0.0,,
b3572834215d462d2d43dbe650009e2f,ec883f72.json,training,1,1,6,1.0,0.0,4.0,4.118,0.11800000000000033,0.0,0.1111111111111111,-0.1111111111111111,0.16666666666666666
cd433c4f94e5f6ea155aa3324d340775,ec883f72.json,training,0,0,0,,,,,,,0.0,,
dc02d170c3a8f681c4e4879219abb7ca,ec883f72.json,training,0,0,0,,,,,,,0.0,,
e1d8dd7b600f5bfadfee6223e3837408,ec883f72.json,training,1,1,6,1.0,0.0,7.0,4.118,-2.8819999999999997,0.0,0.1111111111111111,-0.1111111111111111,0.16666666666666666
e6f7e9fc0c780921eb4b746e269ab07b,ec883f72.json,training,0,0,0,,,,,,,0.0,,
edc249195b1830f0687984974f63f55b,ec883f72.json,training,0,0,0,,,,,,,0.0,,
f680d67c21e6e051dc9f185a91c5be7b,ec883f72.json,training,0,0,0,,,,,,,0.0,,
f889172bfc0984049bf129f81c9c9782,ec883f72.json,training,0,0,0,,,,,,,0.0,,
fedb2e4ca148e45a16c0481b4a43f04f,ec883f72.json,training,0,0,0,,,,,,,0.0,,
13e2a887264c0b9f322626b5e12d2560,ec883f72.json,training,1,1,6,1.0,0.0,1.0,4.118,3.1180000000000003,1.0,0.1111111111111111,0.8888888888888888,0.16666666666666666
1ac69b338cac41b1ebe19d8d48752023,ec883f72.json,training,0,0,0,,,,,,,0.0,,
0ee1bfab25305de4803f1080215642b4,ecdecbb3.json,training,0,0,0,,,,,,,0.0,,
13e2a887264c0b9f322626b5e12d2560,ecdecbb3.json,training,4,4,43,1.0,0.0,1.0,2.507,1.5070000000000001,1.0,0.2222222222222222,0.7777777777777778,0.09302325581395349
3f1f013bd947cfdcf603684dfc2aa6b0,ecdecbb3.json,training,6,6,43,1.0,0.0,0.16666666666666666,2.507,2.3403333333333336,1.0,0.2222222222222222,0.7777777777777778,0.13953488372093023
491f3aadcf03439e81054cf7c548b93d,ecdecbb3.json,training,4,4,43,1.0,0.0,1.0,2.507,1.5070000000000001,1.0,0.2222222222222222,0.7777777777777778,0.09302325581395349
8668716ad0e431ad4d96ad428e3e7a43,ecdecbb3.json,training,22,22,43,1.0,0.0,1.3181818181818181,2.507,1.188818181818182,0.7727272727272727,0.2222222222222222,0.5505050505050505,0.5116279069767442
8ae646eb2a9292275bc71f6acc258e94,ecdecbb3.json,training,1,1,43,1.0,0.0,0.0,2.507,2.507,0.0,0.2222222222222222,-0.2222222222222222,0.023255813953488372
e18332c0e4a97dc621c91b8fdac4efc1,ecdecbb3.json,training,0,0,0,,,,,,,0.0,,
edc249195b1830f0687984974f63f55b,ecdecbb3.json,training,5,5,43,1.0,0.0,0.0,2.507,2.507,1.0,0.2222222222222222,0.7777777777777778,0.11627906976744186
0954867f72ce85860194b72a05f5d048,ecdecbb3.json,training,24,24,43,1.0,0.0,1.0,2.507,1.5070000000000001,1.0,0.2222222222222222,0.7777777777777778,0.5581395348837209
3f1f013bd947cfdcf603684dfc2aa6b0,ed36ccf7.json,training,0,0,0,,,,,,,0.0,,
6e8b87dd3f3994881c74e6b51ba3776d,ed36ccf7.json,training,0,0,0,,,,,,,0.0,,
87710a82e147a65a756d6428792f4bdb,ed36ccf7.json,training,0,0,0,,,,,,,0.0,,
9086ad400185d32b408e7cfc6aa535c3,ed36ccf7.json,training,1,1,4,1.0,0.0,1.0,0.5625,-0.4375,1.0,0.2222222222222222,0.7777777777777778,0.25
a887942f6d2e8261d80c0256f9bd0ac2,ed36ccf7.json,training,0,0,0,,,,,,,0.0,,
c7f8f6ce9884ce3a74d12a7a31f6ec6e,ed36ccf7.json,training,0,0,0,,,,,,,0.0,,
edc249195b1830f0687984974f63f55b,ed36ccf7.json,training,0,0,0,,,,,,,0.0,,
f649d6eb34f7b0ab966dcb6a36e60146,ed36ccf7.json,training,0,0,0,,,,,,,0.0,,
0954867f72ce85860194b72a05f5d048,ed36ccf7.json,training,0,0,0,,,,,,,0.0,,
13e2a887264c0b9f322626b5e12d2560,ed36ccf7.json,training,0,0,0,,,,,,,0.0,,
398440549810022b27a8254ce8a53dc5,ed36ccf7.json,training,0,0,0,,,,,,,0.0,,
60608143c4228cc1118698942487a0e5,ed36ccf7.json,training,0,0,0,,,,,,,0.0,,
e18332c0e4a97dc621c91b8fdac4efc1,ed36ccf7.json,training,0,0,0,,,,,,,0.0,,
0954867f72ce85860194b72a05f5d048,ef135b50.json,training,0,0,0,,,,,,,0.0,,
1ac69b338cac41b1ebe19d8d48752023,ef135b50.json,training,2,2,7,1.0,0.0,3.5,3.002,-0.4980000000000002,1.0,0.1111111111111111,0.8888888888888888,0.2857142857142857
3f1f013bd947cfdcf603684dfc2aa6b0,ef135b50.json,training,0,0,0,,,,,,,0.0,,
45899c141fe1b4809c78ea8846d3be21,ef135b50.json,training,0,0,0,,,,,,,0.0,,
94678dc6355631dbcf06c23951350172,ef135b50.json,training,0,0,0,,,,,,,0.0,,
a887942f6d2e8261d80c0256f9bd0ac2,ef135b50.json,training,0,0,0,,,,,,,0.0,,
ab5520cf0d69c5eeecebc9f8486aca42,ef135b50.json,training,0,0,0,,,,,,,0.0,,
c9807d2c0853cc1774dc784481845d97,ef135b50.json,training,0,0,0,,,,,,,0.0,,
e391262ee27772f4b67744d5f902ae9f,ef135b50.json,training,0,0,0,,,,,,,0.0,,
edc249195b1830f0687984974f63f55b,ef135b50.json,training,3,3,7,1.0,0.0,0.0,3.002,3.002,0.0,0.1111111111111111,-0.1111111111111111,0.42857142857142855
015f3086f4b6343a96d6b3137f5b2d9b,ef135b50.json,training,0,0,0,,,,,,,0.0,,
13e2a887264c0b9f322626b5e12d2560,ef135b50.json,training,0,0,0,,,,,,,0.0,,
1b4e4dceb7c4085c36335490034040a2,ef135b50.json,training,0,0,0,,,,,,,0.0,,
2a1e5044e12921b39732edc9df88d871,ef135b50.json,training,0,0,0,,,,,,,0.0,,
63abf018481b5ee48f4b2f85b36e7abc,ef135b50.json,training,0,0,0,,,,,,,0.0,,
1aea444c711b4079c9271a300623c57d,ef135b50.json,training,0,0,0,,,,,,,0.0,,
0edcb9301e887ce38a36c59fe396a121,f15e1fac.json,training,1,1,61,1.0,0.0,1.0,0.919,-0.08099999999999996,1.0,0.1111111111111111,0.8888888888888888,0.01639344262295082
1aea444c711b4079c9271a300623c57d,f15e1fac.json,training,0,0,0,,,,,,,0.0,,
37f84369d15c9cdc41b13b48b92a3e15,f15e1fac.json,training,0,0,0,,,,,,,0.0,,
491f3aadcf03439e81054cf7c548b93d,f15e1fac.json,training,0,0,0,,,,,,,0.0,,
556acf9442b2d6cf9868991f7c2c729e,f15e1fac.json,training,7,7,61,1.0,0.0,1.0,0.919,-0.08099999999999996,1.0,0.1111111111111111,0.8888888888888888,0.11475409836065574
b3572834215d462d2d43dbe650009e2f,f15e1fac.json,training,0,0,0,,,,,,,0.0,,
f5cadb9507cf607a1be966569482aa3a,f15e1fac.json,training,1,1,61,1.0,0.0,1.0,0.919,-0.08099999999999996,1.0,0.1111111111111111,0.8888888888888888,0.01639344262295082
c4d7f14b98396b99394466442461460d,f15e1fac.json,training,0,0,0,,,,,,,0.0,,
066ab036824d647d6164a0705f9eb311,f1cefba8.json,training,4,4,45,1.0,0.0,1.0,2.4775,1.4775,1.0,0.2222222222222222,0.7777777777777778,0.08888888888888889
1aea444c711b4079c9271a300623c57d,f1cefba8.json,training,0,0,0,,,,,,,0.0,,
556acf9442b2d6cf9868991f7c2c729e,f1cefba8.json,training,0,0,0,,,,,,,0.0,,
93bdf721d50723aa070d5ea5f909488b,f1cefba8.json,training,0,0,0,,,,,,,0.0,,
ae3861ba6649329e8f4472a1d335e9fa,f1cefba8.json,training,0,0,0,,,,,,,0.0,,
c9807d2c0853cc1774dc784481845d97,f1cefba8.json,training,0,0,0,,,,,,,0.0,,
eda259bc2c35ff153c1625c6ff45e5db,f1cefba8.json,training,4,4,45,1.0,0.0,1.0,2.4775,1.4775,1.0,0.2222222222222222,0.7777777777777778,0.08888888888888889
f734e039db9a809f42ce2083f573019d,f1cefba8.json,training,0,0,0,,,,,,,0.0,,
76b59725253c6fdd4cd68ade48cc373b,f1cefba8.json,training,0,0,0,,,,,,,0.0,,
7a899c5daf00e1f29281159b3ddda9e0,f1cefba8.json,training,0,0,0,,,,,,,0.0,,
ae76f1633f50b15667524d3762e457de,f1cefba8.json,training,0,0,0,,,,,,,0.0,,
c4d7f14b98396b99394466442461460d,f1cefba8.json,training,1,1,45,1.0,0.0,1.0,2.4775,1.4775,1.0,0.2222222222222222,0.7777777777777778,0.022222222222222223
0e932124d962d0590af325bfced7b553,f1cefba8.json,training,0,0,0,,,,,,,0.0,,
0ee1bfab25305de4803f1080215642b4,f25fbde4.json,training,3,0,33,,,,1.1985,,,0.2222222222222222,,0.09090909090909091
1be42830763d3b3880e377b963b5d8bf,f25fbde4.json,training,3,3,33,1.0,0.0,1.0,1.1985,0.1984999999999999,1.0,0.2222222222222222,0.7777777777777778,0.09090909090909091
5c8a3bdd860e01aa97ef1f87d066b48d,f25fbde4.json,training,2,0,33,,,,1.1985,,,0.2222222222222222,,0.06060606060606061
69f10bb45c105a7fa19dc21bb321041b,f25fbde4.json,training,6,4,33,1.0,0.0,1.0,1.1985,0.1984999999999999,1.0,0.2222222222222222,0.7777777777777778,0.18181818181818182
ab5520cf0d69c5eeecebc9f8486aca42,f25fbde4.json,training,33,32,33,1.0,0.0,1.1875,1.1985,0.010999999999999899,1.0,0.2222222222222222,0.7777777777777778,1.0
ae3861ba6649329e8f4472a1d335e9fa,f25fbde4.json,training,8,0,33,,,,1.1985,,,0.2222222222222222,,0.24242424242424243
c687f6afc08159130d227a976953c0ee,f25fbde4.json,training,3,3,33,1.0,0.0,1.0,1.1985,0.1984999999999999,1.0,0.2222222222222222,0.7777777777777778,0.09090909090909091
f5a760cb5c223e7ccb8eb34c94844e35,f25fbde4.json,training,5,5,33,1.0,0.0,1.0,1.1985,0.1984999999999999,1.0,0.2222222222222222,0.7777777777777778,0.15151515151515152
93bdf721d50723aa070d5ea5f909488b,f25fbde4.json,training,1,1,33,1.0,0.0,1.0,1.1985,0.1984999999999999,1.0,0.2222222222222222,0.7777777777777778,0.030303030303030304
021fadfb38e6c76f0a0f5756aa7c2e57,f25ffba3.json,training,0,0,0,,,,,,,0.0,,
1aea444c711b4079c9271a300623c57d,f25ffba3.json,training,0,0,0,,,,,,,0.0,,
1b75ca89eb457b4cbe0cb6297be8505a,f25ffba3.json,training,3,3,14,1.0,0.0,0.0,2.212,2.212,0.0,0.4444444444444444,-0.4444444444444444,0.21428571428571427
268080a7f531f86316766fa95518974a,f25ffba3.json,training,7,7,14,1.0,0.0,3.2857142857142856,2.212,-1.0737142857142854,1.0,0.4444444444444444,0.5555555555555556,0.5
3cf5af38a6e379e380fc16f104e83d67,f25ffba3.json,training,0,0,0,,,,,,,0.0,,
3d21505b62cc8e87d686efaa57930aa1,f25ffba3.json,training,0,0,0,,,,,,,0.0,,
491f3aadcf03439e81054cf7c548b93d,f25ffba3.json,training,0,0,0,,,,,,,0.0,,
9bdc44f39ffaca394834f2ca247e4679,f25ffba3.json,training,0,0,0,,,,,,,0.0,,
ae3861ba6649329e8f4472a1d335e9fa,f25ffba3.json,training,0,0,0,,,,,,,0.0,,
c3e7df97dcf4835ff92bff871e7e4a34,f25ffba3.json,training,0,0,0,,,,,,,0.0,,
e18332c0e4a97dc621c91b8fdac4efc1,f25ffba3.json,training,0,0,0,,,,,,,0.0,,
edc7850dd3c0836d716b05ecde40f5f0,f25ffba3.json,training,0,0,0,,,,,,,0.0,,
f5f9deced6e3bb9274cf6aeec9829a6d,f25ffba3.json,training,0,0,0,,,,,,,0.0,,
f734e039db9a809f42ce2083f573019d,f25ffba3.json,training,0,0,0,,,,,,,0.0,,
f889172bfc0984049bf129f81c9c9782,f25ffba3.json,training,0,0,0,,,,,,,0.0,,
e19a7333c23f83be137a51ec537f9613,f25ffba3.json,training,0,0,0,,,,,,,0.0,,
f5a760cb5c223e7ccb8eb34c94844e35,f25ffba3.json,training,0,0,0,,,,,,,0.0,,
f6d78a701cacf63e90e876a1dee62444,f25ffba3.json,training,1,1,14,1.0,0.0,3.0,2.212,-0.7879999999999998,0.0,0.4444444444444444,-0.4444444444444444,0.07142857142857142
1be42830763d3b3880e377b963b5d8bf,f2829549.json,training,1,1,8,1.0,0.0,1.0,1.7635,0.7635000000000001,1.0,0.2222222222222222,0.7777777777777778,0.125
1c080be9b13716a5ded704cc9291fb06,f2829549.json,training,0,0,0,,,,,,,0.0,,
491f3aadcf03439e81054cf7c548b93d,f2829549.json,training,0,0,0,,,,,,,0.0,,
5c8a3bdd860e01aa97ef1f87d066b48d,f2829549.json,training,7,7,8,1.0,0.0,0.2857142857142857,1.7635,1.4777857142857145,0.2857142857142857,0.2222222222222222,0.06349206349206349,0.875
ad60449528708b644b50088e29912b84,f2829549.json,training,0,0,0,,,,,,,0.0,,
c4d7f14b98396b99394466442461460d,f2829549.json,training,9,7,8,1.0,0.0,0.5714285714285714,1.7635,1.1920714285714287,1.0,0.2222222222222222,0.7777777777777778,1.125
a6424e5763277004b734ae5cfdeba15f,f2829549.json,training,0,0,0,,,,,,,0.0,,
1a2fa3e4a8d35805783e5fb62adb610e,f35d900a.json,training,1,1,48,1.0,0.0,0.0,2.2215,2.2215,1.0,0.3333333333333333,0.6666666666666667,0.020833333333333332
59e24a2423fa600bc7084a26363a4bf9,f35d900a.json,training,0,0,0,,,,,,,0.0,,
5c8a3bdd860e01aa97ef1f87d066b48d,f35d900a.json,training,3,3,48,1.0,0.0,0.6666666666666666,2.2215,1.5548333333333333,1.0,0.3333333333333333,0.6666666666666667,0.0625
5ce2b56ad88ba85e1d3ec99b46ebf978,f35d900a.json,training,2,2,48,1.0,0.0,0.5,2.2215,1.7214999999999998,1.0,0.3333333333333333,0.6666666666666667,0.041666666666666664
a6424e5763277004b734ae5cfdeba15f,f35d900a.json,training,2,2,48,1.0,0.0,1.0,2.2215,1.2214999999999998,1.0,0.3333333333333333,0.6666666666666667,0.041666666666666664
b117bbd6a0289c4519a404f9132a5ea4,f35d900a.json,training,0,0,0,,,,,,,0.0,,
b5e86c67c590fe50f395a06ae8f8801e,f35d900a.json,training,12,11,48,1.0,0.0,0.7272727272727273,2.2215,1.4942272727272725,1.0,0.3333333333333333,0.6666666666666667,0.25
f6d78a701cacf63e90e876a1dee62444,f35d900a.json,training,2,2,48,1.0,0.0,1.0,2.2215,1.2214999999999998,1.0,0.3333333333333333,0.6666666666666667,0.041666666666666664
f734e039db9a809f42ce2083f573019d,f35d900a.json,training,0,0,0,,,,,,,0.0,,
90ed6db80869ea24464571176131d078,f35d900a.json,training,0,0,0,,,,,,,0.0,,
1c080be9b13716a5ded704cc9291fb06,f5b8619d.json,training,2,2,57,1.0,0.0,0.0,0.0985,0.0985,1.0,0.3333333333333333,0.6666666666666667,0.03508771929824561
5ce2b56ad88ba85e1d3ec99b46ebf978,f5b8619d.json,training,0,0,0,,,,,,,0.0,,
5e59feb263d08094a4351feb58b3308b,f5b8619d.json,training,0,0,0,,,,,,,0.0,,
815986302ee59b40b7d4b7a486a5ceaf,f5b8619d.json,training,10,8,57,0.375,0.625,2.25,0.0985,-2.1515,0.875,0.3333333333333333,0.5416666666666667,0.17543859649122806
9cad9022d90c9846a6abf2f5b5fb52aa,f5b8619d.json,training,0,0,0,,,,,,,0.0,,
a6424e5763277004b734ae5cfdeba15f,f5b8619d.json,training,0,0,0,,,,,,,0.0,,
e6210f1ee7117b9150301badf4abb2b5,f5b8619d.json,training,0,0,0,,,,,,,0.0,,
e6f7e9fc0c780921eb4b746e269ab07b,f5b8619d.json,training,0,0,0,,,,,,,0.0,,
efe9ce9869ede985a278d211b5fea1cf,f5b8619d.json,training,0,0,0,,,,,,,0.0,,
f5a760cb5c223e7ccb8eb34c94844e35,f5b8619d.json,training,0,0,0,,,,,,,0.0,,
f6d78a701cacf63e90e876a1dee62444,f5b8619d.json,training,7,7,57,1.0,0.0,0.5714285714285714,0.0985,-0.47292857142857136,1.0,0.3333333333333333,0.6666666666666667,0.12280701754385964
205add2a57bd58ca605f5288ad72eabf,f5b8619d.json,training,0,0,0,,,,,,,0.0,,
5c8a3bdd860e01aa97ef1f87d066b48d,f5b8619d.json,training,0,0,0,,,,,,,0.0,,
974d658fa30586821e0a56509a9c2eb8,f5b8619d.json,training,0,0,0,,,,,,,0.0,,
a260ef88d40e08db9789fa78d0219231,f5b8619d.json,training,0,0,0,,,,,,,0.0,,
c4d7f14b98396b99394466442461460d,f5b8619d.json,training,0,0,0,,,,,,,0.0,,
2780ccc98ed0d1462225fa8fc5409508,f76d97a5.json,training,0,0,0,,,,,,,0.0,,
2b06355cea411af7a6fa212c90eb3c6d,f76d97a5.json,training,0,0,0,,,,,,,0.0,,
468133debd1059f212dc2013d14d463d,f76d97a5.json,training,16,16,25,1.0,0.0,0.0,0.0,0.0,0.0,0.2222222222222222,-0.2222222222222222,0.64
5a3f3824dd4e1b0ec4df317c010a9343,f76d97a5.json,training,0,0,0,,,,,,,0.0,,
6cefab1ec9368a792cd51554b4187a5d,f76d97a5.json,training,0,0,0,,,,,,,0.0,,
7c3f0d5ec05185be127ab78876395426,f76d97a5.json,training,16,16,25,1.0,0.0,0.0,0.0,0.0,0.0,0.2222222222222222,-0.2222222222222222,0.64
8b9717aac8bb61039ed58c387e4fa250,f76d97a5.json,training,2,2,25,1.0,0.0,0.0,0.0,0.0,0.0,0.2222222222222222,-0.2222222222222222,0.08
916251189d43363bfb58a1ea26f302ee,f76d97a5.json,training,0,0,0,,,,,,,0.0,,
9a0d9fcb2f0772dd8ac4d42605f1d866,f76d97a5.json,training,0,0,0,,,,,,,0.0,,
9c5561e0b4a04965e9827c50d369bfb8,f76d97a5.json,training,0,0,0,,,,,,,0.0,,
af9bf0ddc3abdff8b566e97216d41dd6,f76d97a5.json,training,0,0,0,,,,,,,0.0,,
bf66a164234034d4709666dc364c8d55,f76d97a5.json,training,0,0,0,,,,,,,0.0,,
eba2a92544ddf47684572e689664bec9,f76d97a5.json,training,0,0,0,,,,,,,0.0,,
eea7c398992fe15d1e26fef397ad81c7,f76d97a5.json,training,0,0,0,,,,,,,0.0,,
02ed2ff9368185366c19610d39a48a43,f8a8fe49.json,training,2,2,20,1.0,0.0,1.5,3.246,1.746,0.5,0.2222222222222222,0.2777777777777778,0.1
4498e7fd3e811b883afa98ece42455c1,f8a8fe49.json,training,0,0,0,,,,,,,0.0,,
47b3e2bed3b74a15fc88d7a4835aca34,f8a8fe49.json,training,0,0,0,,,,,,,0.0,,
5ce2b56ad88ba85e1d3ec99b46ebf978,f8a8fe49.json,training,0,0,0,,,,,,,0.0,,
7b1f4554bd5281b869e2275fc62f5736,f8a8fe49.json,training,0,0,0,,,,,,,0.0,,
88fe0689f0b4a82ee3e66d6552533cd7,f8a8fe49.json,training,17,17,20,1.0,0.0,1.2352941176470589,3.246,2.010705882352941,0.9411764705882353,0.2222222222222222,0.7189542483660131,0.85
8ae646eb2a9292275bc71f6acc258e94,f8a8fe49.json,training,0,0,0,,,,,,,0.0,,
9086ad400185d32b408e7cfc6aa535c3,f8a8fe49.json,training,0,0,0,,,,,,,0.0,,
974d658fa30586821e0a56509a9c2eb8,f8a8fe49.json,training,0,0,0,,,,,,,0.0,,
a260ef88d40e08db9789fa78d0219231,f8a8fe49.json,training,1,1,20,1.0,0.0,1.0,3.246,2.246,1.0,0.2222222222222222,0.7777777777777778,0.05
a64b3a9f1c502e8cf228ef02287e9209,f8a8fe49.json,training,1,1,20,1.0,0.0,1.0,3.246,2.246,1.0,0.2222222222222222,0.7777777777777778,0.05
a887942f6d2e8261d80c0256f9bd0ac2,f8a8fe49.json,training,0,0,0,,,,,,,0.0,,
ae3861ba6649329e8f4472a1d335e9fa,f8a8fe49.json,training,0,0,0,,,,,,,0.0,,
b7fcefd82239384c2f003f4353d733fc,f8a8fe49.json,training,0,0,0,,,,,,,0.0,,
c623886065ada7cd006d849070a6c9ef,f8a8fe49.json,training,1,1,20,1.0,0.0,4.0,3.246,-0.754,0.0,0.2222222222222222,-0.2222222222222222,0.05
f6d78a701cacf63e90e876a1dee62444,f8a8fe49.json,training,0,0,0,,,,,,,0.0,,
a6424e5763277004b734ae5cfdeba15f,f8a8fe49.json,training,0,0,0,,,,,,,0.0,,
1b4e4dceb7c4085c36335490034040a2,f8b3ba0a.json,training,1,0,3,,,,11.3075,,,0.3333333333333333,,0.3333333333333333
1c080be9b13716a5ded704cc9291fb06,f8b3ba0a.json,training,0,0,0,,,,,,,0.0,,
47b3e2bed3b74a15fc88d7a4835aca34,f8b3ba0a.json,training,2,0,3,,,,11.3075,,,0.3333333333333333,,0.6666666666666666
5a53612936c46f1746ed9b2caec28307,f8b3ba0a.json,training,0,0,0,,,,,,,0.0,,
88fe0689f0b4a82ee3e66d6552533cd7,f8b3ba0a.json,training,2,1,3,1.0,0.0,0.0,11.3075,11.3075,1.0,0.3333333333333333,0.6666666666666667,0.6666666666666666
8ae646eb2a9292275bc71f6acc258e94,f8b3ba0a.json,training,2,0,3,,,,11.3075,,,0.3333333333333333,,0.6666666666666666
974d658fa30586821e0a56509a9c2eb8,f8b3ba0a.json,training,2,2,3,1.0,0.0,0.0,11.3075,11.3075,1.0,0.3333333333333333,0.6666666666666667,0.6666666666666666
a260ef88d40e08db9789fa78d0219231,f8b3ba0a.json,training,0,0,0,,,,,,,0.0,,
a6424e5763277004b734ae5cfdeba15f,f8b3ba0a.json,training,0,0,0,,,,,,,0.0,,
ab5520cf0d69c5eeecebc9f8486aca42,f8b3ba0a.json,training,1,1,3,1.0,0.0,0.0,11.3075,11.3075,1.0,0.3333333333333333,0.6666666666666667,0.3333333333333333
aecf991625649099e19bcccacdba776f,f8b3ba0a.json,training,1,0,3,,,,11.3075,,,0.3333333333333333,,0.3333333333333333
b5e86c67c590fe50f395a06ae8f8801e,f8b3ba0a.json,training,0,0,0,,,,,,,0.0,,
ddf05f205fcfa02743d9b53b6a4a887b,f8b3ba0a.json,training,5,5,3,1.0,0.0,0.6,11.3075,10.7075,0.6,0.3333333333333333,0.26666666666666666,1.6666666666666667
a98c60c3fbcf9948439944220ac84a3e,f8b3ba0a.json,training,0,0,0,,,,,,,0.0,,
a3cd9aab2930801124d942a3dd435e93,f8b3ba0a.json,training,0,0,0,,,,,,,0.0,,
02ed2ff9368185366c19610d39a48a43,f8c80d96.json,training,4,4,72,1.0,0.0,0.0,0.2665,0.2665,1.0,0.2222222222222222,0.7777777777777778,0.05555555555555555
3ebdc1cb74e9f8f6017a9114d8d7a535,f8c80d96.json,training,0,0,0,,,,,,,0.0,,
7b1f4554bd5281b869e2275fc62f5736,f8c80d96.json,training,0,0,0,,,,,,,0.0,,
8ae646eb2a9292275bc71f6acc258e94,f8c80d96.json,training,0,0,0,,,,,,,0.0,,
a260ef88d40e08db9789fa78d0219231,f8c80d96.json,training,0,0,0,,,,,,,0.0,,
cf1e8375d3db58db14aaeb747b18886a,f8c80d96.json,training,0,0,0,,,,,,,0.0,,
1337f45837efc2348db7048836e9c2c7,f8c80d96.json,training,0,0,0,,,,,,,0.0,,
16780d6eac2d3a612f930fa627cd41eb,f8c80d96.json,training,0,0,0,,,,,,,0.0,,
1c080be9b13716a5ded704cc9291fb06,f8c80d96.json,training,0,0,0,,,,,,,0.0,,
4498e7fd3e811b883afa98ece42455c1,f8c80d96.json,training,0,0,0,,,,,,,0.0,,
c9807d2c0853cc1774dc784481845d97,f8c80d96.json,training,0,0,0,,,,,,,0.0,,
fd255fa58a7b6c1a608603fc593e02ce,f8c80d96.json,training,0,0,0,,,,,,,0.0,,
974d658fa30586821e0a56509a9c2eb8,f8c80d96.json,training,0,0,0,,,,,,,0.0,,
a98c60c3fbcf9948439944220ac84a3e,f8c80d96.json,training,10,10,72,1.0,0.0,0.0,0.2665,0.2665,1.0,0.2222222222222222,0.7777777777777778,0.1388888888888889
09f86a600661502b32236459ea61d808,f8ff0b80.json,training,1,0,3,,,,9.4525,,,0.3333333333333333,,0.3333333333333333
16780d6eac2d3a612f930fa627cd41eb,f8ff0b80.json,training,2,2,3,1.0,0.0,0.0,9.4525,9.4525,1.0,0.3333333333333333,0.6666666666666667,0.6666666666666666
2135afaba3a7c986f847be20f2bcb136,f8ff0b80.json,training,0,0,0,,,,,,,0.0,,
23609d6e8ff2ec858b2e02d424674908,f8ff0b80.json,training,12,9,3,1.0,0.0,0.1111111111111111,9.4525,9.34138888888889,1.0,0.3333333333333333,0.6666666666666667,4.0
3cf5af38a6e379e380fc16f104e83d67,f8ff0b80.json,training,0,0,0,,,,,,,0.0,,
4c121794a4acd0b58c6f9101923a9543,f8ff0b80.json,training,0,0,0,,,,,,,0.0,,
9cad9022d90c9846a6abf2f5b5fb52aa,f8ff0b80.json,training,0,0,0,,,,,,,0.0,,
a1726e860b2b9ee81c63be858359d19e,f8ff0b80.json,training,1,0,3,,,,9.4525,,,0.3333333333333333,,0.3333333333333333
ae3861ba6649329e8f4472a1d335e9fa,f8ff0b80.json,training,0,0,0,,,,,,,0.0,,
b46a65d67de470601171457d85541d01,f8ff0b80.json,training,1,0,3,,,,9.4525,,,0.3333333333333333,,0.3333333333333333
b7fcefd82239384c2f003f4353d733fc,f8ff0b80.json,training,0,0,0,,,,,,,0.0,,
e709577bc7380f4fd83534d7542c58f7,f8ff0b80.json,training,0,0,0,,,,,,,0.0,,
f076bb4cb6e46d77872910f2120690e4,f8ff0b80.json,training,0,0,0,,,,,,,0.0,,
f649d6eb34f7b0ab966dcb6a36e60146,f8ff0b80.json,training,0,0,0,,,,,,,0.0,,
fd255fa58a7b6c1a608603fc593e02ce,f8ff0b80.json,training,2,0,3,,,,9.4525,,,0.3333333333333333,,0.6666666666666666
02ed2ff9368185366c19610d39a48a43,f8ff0b80.json,training,0,0,0,,,,,,,0.0,,
1337f45837efc2348db7048836e9c2c7,f8ff0b80.json,training,0,0,0,,,,,,,0.0,,
8324e0c2189d201845307de1599c5742,f8ff0b80.json,training,0,0,0,,,,,,,0.0,,
66353f2128854f264819ef91e415aaf0,f8ff0b80.json,training,1,0,3,,,,9.4525,,,0.3333333333333333,,0.3333333333333333
0017a2904e34497d578228a0912f2367,f9012d9b.json,training,6,6,6,1.0,0.0,1.0,3.103,2.103,0.5,0.2222222222222222,0.2777777777777778,1.0
1a3e36c59bdf2307e4133574eb601345,f9012d9b.json,training,0,0,0,,,,,,,0.0,,
2e7d5ca3f138d5b3a952654f0b3e405c,f9012d9b.json,training,9,7,6,1.0,0.0,0.8571428571428571,3.103,2.245857142857143,0.42857142857142855,0.2222222222222222,0.20634920634920634,1.5
34f7e4efcb37ae73f626d6a331b50cc1,f9012d9b.json,training,0,0,0,,,,,,,0.0,,
5106f81a3451091e5b4732254e974268,f9012d9b.json,training,0,0,0,,,,,,,0.0,,
5ceaf89932280233189336e8c517ef9b,f9012d9b.json,training,0,0,0,,,,,,,0.0,,
60961232d00d04a020d7581a31a45ae9,f9012d9b.json,training,0,0,0,,,,,,,0.0,,
8a6618e02b27c51ec7af66e0482f9598,f9012d9b.json,training,0,0,0,,,,,,,0.0,,
97da5a6d4139e31e47e05fbc5f7f799c,f9012d9b.json,training,5,3,6,1.0,0.0,0.6666666666666666,3.103,2.4363333333333337,0.0,0.2222222222222222,-0.2222222222222222,0.8333333333333334
b4d97dd14bcb2d4d0d05bd04928a7e2b,f9012d9b.json,training,3,3,6,1.0,0.0,3.3333333333333335,3.103,-0.23033333333333328,1.0,0.2222222222222222,0.7777777777777778,0.5
ca10f9fa3b6c0be47a8f8df216bec019,f9012d9b.json,training,0,0,0,,,,,,,0.0,,
ea1172b7221bde42e6a5235374647630,f9012d9b.json,training,2,2,6,1.0,0.0,1.0,3.103,2.103,0.5,0.2222222222222222,0.2777777777777778,0.3333333333333333
2c730cf378fa751e079a8582beab9ad7,f9012d9b.json,training,9,9,6,1.0,0.0,3.0,3.103,0.1030000000000002,1.0,0.2222222222222222,0.7777777777777778,1.5
8535b691c896c6d2b410e7ab8529853a,f9012d9b.json,training,2,2,6,1.0,0.0,1.0,3.103,2.103,1.0,0.2222222222222222,0.7777777777777778,0.3333333333333333
a0f38b9a45451557246895e3d404e584,f9012d9b.json,training,0,0,0,,,,,,,0.0,,
c4d476d58119fdac1ed7f099e9e1715f,f9012d9b.json,training,6,6,6,1.0,0.0,0.5,3.103,2.603,0.16666666666666666,0.2222222222222222,-0.05555555555555555,1.0
f19b058ef0092b8ff31f580c73e9dc51,f9012d9b.json,training,0,0,0,,,,,,,0.0,,
2f3c34f6804cc1410db866e589d5c3dc,f9012d9b.json,training,0,0,0,,,,,,,0.0,,
a887942f6d2e8261d80c0256f9bd0ac2,fafffa47.json,training,0,0,0,,,,,,,0.0,,
e709577bc7380f4fd83534d7542c58f7,fafffa47.json,training,1,1,7,1.0,0.0,1.0,1.16,0.15999999999999992,1.0,0.2222222222222222,0.7777777777777778,0.14285714285714285
fcb244a86ddc5371c7c368d001d8cb7a,fafffa47.json,training,0,0,0,,,,,,,0.0,,
fd255fa58a7b6c1a608603fc593e02ce,fafffa47.json,training,0,0,0,,,,,,,0.0,,
3cf5af38a6e379e380fc16f104e83d67,fafffa47.json,training,0,0,0,,,,,,,0.0,,
815986302ee59b40b7d4b7a486a5ceaf,fafffa47.json,training,0,0,0,,,,,,,0.0,,
87710a82e147a65a756d6428792f4bdb,fafffa47.json,training,11,10,7,1.0,0.0,0.9,1.16,0.2599999999999999,0.4,0.2222222222222222,0.1777777777777778,1.5714285714285714
e50624c58c0db044b7a82f65e89f295d,fafffa47.json,training,0,0,0,,,,,,,0.0,,
1337f45837efc2348db7048836e9c2c7,fcb5c309.json,training,61,59,46,1.0,0.0,6.9491525423728815,5.3635,-1.5856525423728813,1.0,0.2222222222222222,0.7777777777777778,1.326086956521739
2e8f1363396592b38b2f8f0db0f987ed,fcb5c309.json,training,3,1,46,1.0,0.0,0.0,5.3635,5.3635,1.0,0.2222222222222222,0.7777777777777778,0.06521739130434782
3cf5af38a6e379e380fc16f104e83d67,fcb5c309.json,training,0,0,0,,,,,,,0.0,,
3d21505b62cc8e87d686efaa57930aa1,fcb5c309.json,training,0,0,0,,,,,,,0.0,,
3ebdc1cb74e9f8f6017a9114d8d7a535,fcb5c309.json,training,49,47,46,1.0,0.0,0.3829787234042553,5.3635,4.980521276595745,0.19148936170212766,0.2222222222222222,-0.03073286052009455,1.065217391304348
6026d2563d049de8566b85ce9dd27830,fcb5c309.json,training,46,44,46,1.0,0.0,8.977272727272727,5.3635,-3.6137727272727265,1.0,0.2222222222222222,0.7777777777777778,1.0
96272dec10d650fcc9002e47bc766a63,fcb5c309.json,training,0,0,0,,,,,,,0.0,,
a64b3a9f1c502e8cf228ef02287e9209,fcb5c309.json,training,2,0,46,,,,5.3635,,,0.2222222222222222,,0.043478260869565216
aad2c72c4cd6813a84d879f68572cfb3,fcb5c309.json,training,0,0,0,,,,,,,0.0,,
ab5520cf0d69c5eeecebc9f8486aca42,fcb5c309.json,training,2,2,46,1.0,0.0,1.0,5.3635,4.3635,1.0,0.2222222222222222,0.7777777777777778,0.043478260869565216
e709577bc7380f4fd83534d7542c58f7,fcb5c309.json,training,0,0,0,,,,,,,0.0,,
fd255fa58a7b6c1a608603fc593e02ce,fcb5c309.json,training,2,0,46,,,,5.3635,,,0.2222222222222222,,0.043478260869565216
1c080be9b13716a5ded704cc9291fb06,fcb5c309.json,training,0,0,0,,,,,,,0.0,,
75a64f8ae6bf4858060d7a3d0301efc4,fcb5c309.json,training,0,0,0,,,,,,,0.0,,
95ff15b5fe14938f30074abf710314b5,fcb5c309.json,training,0,0,0,,,,,,,0.0,,
d9371b8b280cc7811af6185e3153771b,fcb5c309.json,training,0,0,0,,,,,,,0.0,,
b46a65d67de470601171457d85541d01,fcb5c309.json,training,0,0,0,,,,,,,0.0,,
0edcb9301e887ce38a36c59fe396a121,fcc82909.json,training,0,0,0,,,,,,,0.0,,
1be42830763d3b3880e377b963b5d8bf,fcc82909.json,training,2,2,18,1.0,0.0,1.0,1.873,0.873,0.5,0.1111111111111111,0.3888888888888889,0.1111111111111111
3cf5af38a6e379e380fc16f104e83d67,fcc82909.json,training,8,8,18,1.0,0.0,1.375,1.873,0.498,1.0,0.1111111111111111,0.8888888888888888,0.4444444444444444
5c8a3bdd860e01aa97ef1f87d066b48d,fcc82909.json,training,0,0,0,,,,,,,0.0,,
88fe0689f0b4a82ee3e66d6552533cd7,fcc82909.json,training,0,0,0,,,,,,,0.0,,
a260ef88d40e08db9789fa78d0219231,fcc82909.json,training,0,0,0,,,,,,,0.0,,
a5da33046a48287fc16d26e79a732406,fcc82909.json,training,1,1,18,1.0,0.0,3.0,1.873,-1.127,0.0,0.1111111111111111,-0.1111111111111111,0.05555555555555555
a64b3a9f1c502e8cf228ef02287e9209,fcc82909.json,training,1,1,18,1.0,0.0,1.0,1.873,0.873,1.0,0.1111111111111111,0.8888888888888888,0.05555555555555555
e709577bc7380f4fd83534d7542c58f7,fcc82909.json,training,0,0,0,,,,,,,0.0,,
f889172bfc0984049bf129f81c9c9782,fcc82909.json,training,0,0,0,,,,,,,0.0,,
fd255fa58a7b6c1a608603fc593e02ce,fcc82909.json,training,1,1,18,1.0,0.0,1.0,1.873,0.873,1.0,0.1111111111111111,0.8888888888888888,0.05555555555555555
556acf9442b2d6cf9868991f7c2c729e,fcc82909.json,training,0,0,0,,,,,,,0.0,,
1337f45837efc2348db7048836e9c2c7,fcc82909.json,training,0,0,0,,,,,,,0.0,,
1be42830763d3b3880e377b963b5d8bf,feca6190.json,training,7,6,399,1.0,0.0,0.0,0.001,0.001,1.0,0.5555555555555556,0.4444444444444444,0.017543859649122806
2135afaba3a7c986f847be20f2bcb136,feca6190.json,training,12,12,399,1.0,0.0,0.0,0.001,0.001,1.0,0.5555555555555556,0.4444444444444444,0.03007518796992481
3d21505b62cc8e87d686efaa57930aa1,feca6190.json,training,2,2,399,1.0,0.0,0.0,0.001,0.001,1.0,0.5555555555555556,0.4444444444444444,0.005012531328320802
cd433c4f94e5f6ea155aa3324d340775,feca6190.json,training,9,9,399,1.0,0.0,0.0,0.001,0.001,1.0,0.5555555555555556,0.4444444444444444,0.022556390977443608
e709577bc7380f4fd83534d7542c58f7,feca6190.json,training,59,59,399,1.0,0.0,0.0,0.001,0.001,1.0,0.5555555555555556,0.4444444444444444,0.14786967418546365
f889172bfc0984049bf129f81c9c9782,feca6190.json,training,58,58,399,1.0,0.0,0.0,0.001,0.001,1.0,0.5555555555555556,0.4444444444444444,0.14536340852130325
16780d6eac2d3a612f930fa627cd41eb,feca6190.json,training,53,52,399,1.0,0.0,0.0,0.001,0.001,1.0,0.5555555555555556,0.4444444444444444,0.13283208020050125
1b4e4dceb7c4085c36335490034040a2,feca6190.json,training,19,19,399,1.0,0.0,0.0,0.001,0.001,1.0,0.5555555555555556,0.4444444444444444,0.047619047619047616
5ce2b56ad88ba85e1d3ec99b46ebf978,feca6190.json,training,45,45,399,1.0,0.0,0.0,0.001,0.001,1.0,0.5555555555555556,0.4444444444444444,0.11278195488721804
60fa4555ae5099df9f8f383217718cb4,feca6190.json,training,1,1,399,1.0,0.0,0.0,0.001,0.001,1.0,0.5555555555555556,0.4444444444444444,0.002506265664160401
7c5a2b7aa2e0d2f7d2b8d75764a8077f,feca6190.json,training,1,1,399,1.0,0.0,0.0,0.001,0.001,1.0,0.5555555555555556,0.4444444444444444,0.002506265664160401
2135afaba3a7c986f847be20f2bcb136,ff28f65a.json,training,0,0,0,,,,,,,0.0,,
2a1e5044e12921b39732edc9df88d871,ff28f65a.json,training,8,6,6,1.0,0.0,0.8333333333333334,2.6665,1.8331666666666666,1.0,0.2222222222222222,0.7777777777777778,1.3333333333333333
5ce2b56ad88ba85e1d3ec99b46ebf978,ff28f65a.json,training,0,0,0,,,,,,,0.0,,
75a64f8ae6bf4858060d7a3d0301efc4,ff28f65a.json,training,0,0,0,,,,,,,0.0,,
79c4bc130701b592b83f489ddb155ca2,ff28f65a.json,training,0,0,0,,,,,,,0.0,,
9cad9022d90c9846a6abf2f5b5fb52aa,ff28f65a.json,training,0,0,0,,,,,,,0.0,,
a5da33046a48287fc16d26e79a732406,ff28f65a.json,training,2,0,6,,,,2.6665,,,0.2222222222222222,,0.3333333333333333
cd433c4f94e5f6ea155aa3324d340775,ff28f65a.json,training,1,0,6,,,,2.6665,,,0.2222222222222222,,0.16666666666666666
d692f427dcd1a02b5b4faa2fd698291b,ff28f65a.json,training,2,0,6,,,,2.6665,,,0.2222222222222222,,0.3333333333333333
f734e039db9a809f42ce2083f573019d,ff28f65a.json,training,0,0,0,,,,,,,0.0,,
f984748a41d3738c92032ce339074ab5,ff28f65a.json,training,0,0,0,,,,,,,0.0,,
fcaec52804bd12d961cad270ff98c0f3,ff28f65a.json,training,0,0,0,,,,,,,0.0,,
66353f2128854f264819ef91e415aaf0,ff28f65a.json,training,0,0,0,,,,,,,0.0,,
a64b3a9f1c502e8cf228ef02287e9209,ff28f65a.json,training,1,1,6,1.0,0.0,0.0,2.6665,2.6665,1.0,0.2222222222222222,0.7777777777777778,0.16666666666666666
e13f835cab765619a96c578f3fa3eca6,ff805c23.json,training,0,0,0,,,,,,,0.0,,
d33fd1151d22aab2dd159b33de481962,00576224.json,evaluation,3,3,32,0.6666666666666666,0.3333333333333333,0.3333333333333333,0.1305,-0.2028333333333333,1.0,0.4444444444444444,0.5555555555555556,0.09375
f237cf8e00a3a5dbd70bf4b77dbda751,00576224.json,evaluation,0,0,0,,,,,,,0.0,,
7d898e556dbd357e5a2d1fabe1636f34,00576224.json,evaluation,1,1,32,1.0,0.0,0.0,0.1305,0.1305,1.0,0.4444444444444444,0.5555555555555556,0.03125
215ca74cc86a5cb7cd186d5874583ab6,00576224.json,evaluation,6,6,32,1.0,0.0,0.0,0.1305,0.1305,0.8333333333333334,0.4444444444444444,0.38888888888888895,0.1875
151891d80ec95e0a0c0f39c51d2190ee,009d5c81.json,evaluation,0,0,0,,,,,,,0.0,,
22fabcb92d8909e75c71f892ca2a586f,009d5c81.json,evaluation,0,0,0,,,,,,,0.0,,
8ae1351037f9d448271754e193b32813,009d5c81.json,evaluation,0,0,0,,,,,,,0.0,,
c926df77eb0e5df2def7da3c45ade105,009d5c81.json,evaluation,0,0,0,,,,,,,0.0,,
dbf5aed4e58be81e9bafd9c17fceb3ca,009d5c81.json,evaluation,1,1,32,1.0,0.0,1.0,2.849,1.8490000000000002,1.0,0.2222222222222222,0.7777777777777778,0.03125
ce9463c8493edfde34bc479caa2cb518,009d5c81.json,evaluation,0,0,0,,,,,,,0.0,,
b4fa05fa14501d1f8c49e8c5bce6802f,009d5c81.json,evaluation,0,0,0,,,,,,,0.0,,
3ed0d976ac32be20fb16a25f5a87bf5e,00dbd492.json,evaluation,0,0,0,,,,,,,0.0,,
42901fb64e19a320cb93d7443cfc43d4,00dbd492.json,evaluation,0,0,0,,,,,,,0.0,,
43da1d967f6537bf26e5aeb65e80e154,00dbd492.json,evaluation,1,1,88,1.0,0.0,3.0,2.363,-0.637,0.0,0.3333333333333333,-0.3333333333333333,0.011363636363636364
4aec1e1cc96be88b468ef7c7f47786af,00dbd492.json,evaluation,0,0,0,,,,,,,0.0,,
7372c9fb3779ad27feda213a99b4184c,00dbd492.json,evaluation,1,1,88,1.0,0.0,1.0,2.363,1.363,1.0,0.3333333333333333,0.6666666666666667,0.011363636363636364
9a2397cc1d145b1aff7a69a7fb51e3ff,00dbd492.json,evaluation,47,47,88,1.0,0.0,0.9361702127659575,2.363,1.4268297872340425,0.10638297872340426,0.3333333333333333,-0.22695035460992907,0.5340909090909091
a7c1cb7943aef8aad6a9cdf80173a16d,00dbd492.json,evaluation,0,0,0,,,,,,,0.0,,
a8e9ca1094cdf6f9a45d76fde6f8cf30,00dbd492.json,evaluation,0,0,0,,,,,,,0.0,,
d4fee4528893c8df4c42f0e2ff164c1a,00dbd492.json,evaluation,0,0,0,,,,,,,0.0,,
da5f676ff7bf11f6cd4781fac5a4e230,00dbd492.json,evaluation,0,0,0,,,,,,,0.0,,
f81e4e8436314e34b86f0d9183cc0139,00dbd492.json,evaluation,2,2,88,1.0,0.0,2.5,2.363,-0.137,0.0,0.3333333333333333,-0.3333333333333333,0.022727272727272728
b1c1712928fbbc26d23740051e410a0d,00dbd492.json,evaluation,4,4,88,1.0,0.0,1.0,2.363,1.363,0.5,0.3333333333333333,0.16666666666666669,0.045454545454545456
042f1185ab57071b50dd5c0c9737ddb0,03560426.json,evaluation,10,10,29,1.0,0.0,0.4,2.3885,1.9885000000000002,1.0,0.5555555555555556,0.4444444444444444,0.3448275862068966
04e0e9d3adc62ea419b8b9870f0af683,03560426.json,evaluation,6,6,29,1.0,0.0,0.0,2.3885,2.3885,1.0,0.5555555555555556,0.4444444444444444,0.20689655172413793
a3dc092b574335d47777574994159231,03560426.json,evaluation,4,4,29,1.0,0.0,0.0,2.3885,2.3885,1.0,0.5555555555555556,0.4444444444444444,0.13793103448275862
9f5a27eb96ff7f0c8069d94f6159d218,03560426.json,evaluation,0,0,0,,,,,,,0.0,,
de13500e205123e2cd532eb9b831a011,03560426.json,evaluation,3,3,29,1.0,0.0,0.0,2.3885,2.3885,1.0,0.5555555555555556,0.4444444444444444,0.10344827586206896
de83e970874255a0c9bef2b767dbb753,03560426.json,evaluation,1,1,29,1.0,0.0,0.0,2.3885,2.3885,1.0,0.5555555555555556,0.4444444444444444,0.034482758620689655
e918701b946fb9722fd382a800fdc18f,03560426.json,evaluation,3,3,29,1.0,0.0,0.0,2.3885,2.3885,1.0,0.5555555555555556,0.4444444444444444,0.10344827586206896
2f6c9537a0edbb4345c913ed613f862a,05a7bcf2.json,evaluation,0,0,0,,,,,,,0.0,,
fe5e4f95627d44926e8e949237291afd,05a7bcf2.json,evaluation,0,0,0,,,,,,,0.0,,
0a3df29992c174b104e0fa0d0cd0783d,0607ce86.json,evaluation,0,0,0,,,,,,,0.0,,
4b9ff461bcb8a879552b1f91fafae97c,0607ce86.json,evaluation,76,76,52,1.0,0.0,1.881578947368421,1.83,-0.051578947368420947,0.17105263157894737,0.3333333333333333,-0.16228070175438594,1.4615384615384615
5e1636022eab58ae0064cd490c308a84,0607ce86.json,evaluation,1,1,52,1.0,0.0,1.0,1.83,0.8300000000000001,1.0,0.3333333333333333,0.6666666666666667,0.019230769230769232
243a2345062cd197caa1efb40e2b348d,0607ce86.json,evaluation,0,0,0,,,,,,,0.0,,
522e02cfc6b655df2e74e123b45b1d63,0607ce86.json,evaluation,0,0,0,,,,,,,0.0,,
e90eee3ddb4aec5086322a82335e7f6a,0607ce86.json,evaluation,0,0,0,,,,,,,0.0,,
220e45a4666b68d110d75c566c392c1d,0607ce86.json,evaluation,1,1,52,1.0,0.0,3.0,1.83,-1.17,1.0,0.3333333333333333,0.6666666666666667,0.019230769230769232
d69ed3f6914a5745612bea81d5b673c8,0692e18c.json,evaluation,0,0,0,,,,,,,0.0,,
fb2d701f4b8fca584820f03c934cf8e4,0692e18c.json,evaluation,1,1,76,1.0,0.0,0.0,0.057,0.057,1.0,0.2222222222222222,0.7777777777777778,0.013157894736842105
6c1b19a0e9be7c39b53b8a31447f669f,0692e18c.json,evaluation,0,0,0,,,,,,,0.0,,
f7583a3c0953faffcb973eb1fcd7b066,0692e18c.json,evaluation,0,0,0,,,,,,,0.0,,
08d7a7367594b77dd5bf5cad5f180cb3,070dd51e.json,evaluation,3,3,43,1.0,0.0,0.6666666666666666,2.867,2.2003333333333335,1.0,0.5555555555555556,0.4444444444444444,0.06976744186046512
186844c513023d14482ee5c6436378a3,070dd51e.json,evaluation,15,15,43,1.0,0.0,1.4666666666666666,2.867,1.4003333333333334,1.0,0.5555555555555556,0.4444444444444444,0.3488372093023256
2571cd5a61bc2d73f859cf55bc3b9ecf,070dd51e.json,evaluation,1,1,43,1.0,0.0,1.0,2.867,1.867,0.0,0.5555555555555556,-0.5555555555555556,0.023255813953488372
8d8de5bfd373768165aee20ea7f452d0,070dd51e.json,evaluation,0,0,0,,,,,,,0.0,,
8daddfc90e658f76bd4e5347c912ff6e,070dd51e.json,evaluation,0,0,0,,,,,,,0.0,,
f3d1a35fae91222c18b6430ecf049def,070dd51e.json,evaluation,0,0,0,,,,,,,0.0,,
46095cd1d852d9aa1280f93124c80956,070dd51e.json,evaluation,0,0,0,,,,,,,0.0,,
2049195aadec03fb126c94e51a205503,08573cc6.json,evaluation,0,0,0,,,,,,,0.0,,
a96e59284dc0f9b89d10befaabab0731,08573cc6.json,evaluation,0,0,0,,,,,,,0.0,,
08d7a7367594b77dd5bf5cad5f180cb3,0934a4d8.json,evaluation,3,3,25,1.0,0.0,0.0,20.411,20.411,1.0,0.6666666666666666,0.33333333333333337,0.12
4c941893b4d29b78532bba9e472fe3f7,09c534e7.json,evaluation,2,2,131,1.0,0.0,0.5,2.1655,1.6655000000000002,1.0,0.3333333333333333,0.6666666666666667,0.015267175572519083
8a52789cf539764b72282a2fb0992286,09c534e7.json,evaluation,5,5,131,1.0,0.0,0.2,2.1655,1.9655000000000002,1.0,0.3333333333333333,0.6666666666666667,0.03816793893129771
c8b009cc0f208db74d32e308d018cc52,09c534e7.json,evaluation,6,6,131,1.0,0.0,0.0,2.1655,2.1655,1.0,0.3333333333333333,0.6666666666666667,0.04580152671755725
f43897c74dfcb9395d7a1b4a33afd293,09c534e7.json,evaluation,1,1,131,1.0,0.0,1.0,2.1655,1.1655000000000002,1.0,0.3333333333333333,0.6666666666666667,0.007633587786259542
fb4217aad87b61bb555c382e4ab7af81,09c534e7.json,evaluation,0,0,0,,,,,,,0.0,,
ff1070a18395ae11bf95c9aff9290279,09c534e7.json,evaluation,5,5,131,1.0,0.0,1.0,2.1655,1.1655000000000002,1.0,0.3333333333333333,0.6666666666666667,0.03816793893129771
5762abd9c9b98a505e01b1677e1412d6,09c534e7.json,evaluation,0,0,0,,,,,,,0.0,,
16f817b1e0b97200ed10461f6e62693e,0a1d4ef5.json,evaluation,5,4,12,1.0,0.0,0.0,24.4235,24.4235,1.0,0.6666666666666666,0.33333333333333337,0.4166666666666667
33105e3c97a30a7c3f3cf637d0c96d82,0a1d4ef5.json,evaluation,0,0,0,,,,,,,0.0,,
4c9a489ad5c8f4289129c2fa5fe7feb2,0a1d4ef5.json,evaluation,0,0,0,,,,,,,0.0,,
546b36904afdee9b9e772fbf0dd817e4,0a1d4ef5.json,evaluation,0,0,0,,,,,,,0.0,,
5b19fc9f288ef4a1bd22a2cb9db89b97,0a1d4ef5.json,evaluation,1,0,12,,,,24.4235,,,0.6666666666666666,,0.08333333333333333
9fdf8e92217169071740b2e6c0de9f24,0a1d4ef5.json,evaluation,1,1,12,1.0,0.0,0.0,24.4235,24.4235,1.0,0.6666666666666666,0.33333333333333337,0.08333333333333333
2049195aadec03fb126c94e51a205503,0a2355a6.json,evaluation,0,0,0,,,,,,,0.0,,
a96e59284dc0f9b89d10befaabab0731,0a2355a6.json,evaluation,0,0,0,,,,,,,0.0,,
e779655873b4a8c753d645d581485da2,0a2355a6.json,evaluation,1,1,86,1.0,0.0,0.0,0.961,0.961,1.0,0.4444444444444444,0.5555555555555556,0.011627906976744186
d21e5568ac340f74febf26db99399512,0a2355a6.json,evaluation,2,2,86,1.0,0.0,1.0,0.961,-0.039000000000000035,1.0,0.4444444444444444,0.5555555555555556,0.023255813953488372
eb0e3460043d2e0b0dcdc2035b5cec67,0a2355a6.json,evaluation,0,0,0,,,,,,,0.0,,
1357f41412d61d1e82194f4fa1006844,0b17323b.json,evaluation,0,0,0,,,,,,,0.0,,
26a52f29a37e45c5b1fe02560b66c3ad,0b17323b.json,evaluation,0,0,0,,,,,,,0.0,,
6e4ff3923c4827b9699e7ac1c4fc6126,0b17323b.json,evaluation,0,0,0,,,,,,,0.0,,
9a033274edc71976b6e7696f7683b4ae,0b17323b.json,evaluation,1,1,2,1.0,0.0,2.0,7.4575,5.4575,1.0,0.1111111111111111,0.8888888888888888,0.5
b4326527b5a249d8039e0e4ec3d2eb85,0b17323b.json,evaluation,0,0,0,,,,,,,0.0,,
c9bd7a5a4e4e91b4a6cea76feea1853d,0b17323b.json,evaluation,1,1,2,1.0,0.0,2.0,7.4575,5.4575,1.0,0.1111111111111111,0.8888888888888888,0.5
e569802c7fdacc3d9062ce40183bd6eb,0b17323b.json,evaluation,0,0,0,,,,,,,0.0,,
1e826418edb6f7bfa3dba4367e5b095c,0bb8deee.json,evaluation,0,0,0,,,,,,,0.0,,
67a9f17123da3969dea05bd0419231b6,0bb8deee.json,evaluation,2,2,23,1.0,0.0,1.0,5.386,4.386,1.0,0.5555555555555556,0.4444444444444444,0.08695652173913043
6d5c3dab01665f0cb13b16964f8d794c,0bb8deee.json,evaluation,0,0,0,,,,,,,0.0,,
d15cbcaea4b58192c05900af1049fe87,0bb8deee.json,evaluation,3,1,23,1.0,0.0,1.0,5.386,4.386,1.0,0.5555555555555556,0.4444444444444444,0.13043478260869565
ee67360c387825a516bd0dfd39034357,0bb8deee.json,evaluation,45,45,23,1.0,0.0,5.488888888888889,5.386,-0.10288888888888881,1.0,0.5555555555555556,0.4444444444444444,1.9565217391304348
f2fca764f326126e43d487d609c4a98c,0bb8deee.json,evaluation,0,0,0,,,,,,,0.0,,
09cc6e2091fc9c89a65e741709bbd091,0becf7df.json,evaluation,0,0,0,,,,,,,0.0,,
4b05540b3e746892de5fe7c361005aef,0becf7df.json,evaluation,0,0,0,,,,,,,0.0,,
8825a829d0317be399b73e9d0983603d,0becf7df.json,evaluation,1,1,23,1.0,0.0,1.0,1.834,0.8340000000000001,1.0,0.4444444444444444,0.5555555555555556,0.043478260869565216
a83b9e79bf6423e2e86e16d49ae17f43,0becf7df.json,evaluation,0,0,0,,,,,,,0.0,,
d16cd9b08bf76b69e2f5bad23c072223,0becf7df.json,evaluation,0,0,0,,,,,,,0.0,,
e35023b755c14aa0551170f7f51573ea,0becf7df.json,evaluation,0,0,0,,,,,,,0.0,,
4c8208b272216a3be78d7708e8211f0a,0becf7df.json,evaluation,2,2,23,1.0,0.0,0.0,1.834,1.834,0.5,0.4444444444444444,0.05555555555555558,0.08695652173913043
8485ca311b4ab38f2911a407d70fee6a,0becf7df.json,evaluation,0,0,0,,,,,,,0.0,,
2f6c9537a0edbb4345c913ed613f862a,0c786b71.json,evaluation,2,2,48,1.0,0.0,0.0,0.0,0.0,1.0,0.3333333333333333,0.6666666666666667,0.041666666666666664
85af0b31496670c13ddf0c63e7ad57ac,0c786b71.json,evaluation,7,7,48,1.0,0.0,0.0,0.0,0.0,0.2857142857142857,0.3333333333333333,-0.047619047619047616,0.14583333333333334
cb917b7082006ac52ece515a2f30af38,0c786b71.json,evaluation,0,0,0,,,,,,,0.0,,
7ad9c7eb365fdf4e90c04aa163181220,0c786b71.json,evaluation,0,0,0,,,,,,,0.0,,
d7021078306a318187d9212bc1033dd7,0c786b71.json,evaluation,1,1,48,1.0,0.0,0.0,0.0,0.0,0.0,0.3333333333333333,-0.3333333333333333,0.020833333333333332
6e2189e92f7f0ae9a66d68a5f88f843e,0c786b71.json,evaluation,0,0,0,,,,,,,0.0,,
2ff05bff38f2b716ce7a977cfa74c3f6,0c9aba6e.json,evaluation,0,0,0,,,,,,,0.0,,
14ecf0a18553649a780c0b0e5a0728cb,0d87d2a6.json,evaluation,0,0,0,,,,,,,0.0,,
321b079c2d7b3969f2df7ee96c2a37e1,0d87d2a6.json,evaluation,1,1,169,1.0,0.0,1.0,1.914,0.9139999999999999,1.0,0.1111111111111111,0.8888888888888888,0.005917159763313609
379d8ae6174d01ae3bfe5749ff55dfa1,0d87d2a6.json,evaluation,0,0,0,,,,,,,0.0,,
7d15872c41cc983739ab2517858bd6fa,0d87d2a6.json,evaluation,0,0,0,,,,,,,0.0,,
ce5166b2bb89c64930ed13aebabcf450,0d87d2a6.json,evaluation,0,0,0,,,,,,,0.0,,
2bfaf720db54c5ddfe76d9a56ffb65b5,0e671a1a.json,evaluation,2,2,21,1.0,0.0,1.0,2.621,1.621,1.0,0.1111111111111111,0.8888888888888888,0.09523809523809523
56368a0d10f32c905825fb30ef6341a0,0e671a1a.json,evaluation,1,1,21,1.0,0.0,2.0,2.621,0.621,0.0,0.1111111111111111,-0.1111111111111111,0.047619047619047616
604903f6e9852a1115ab3017f61e3a98,0e671a1a.json,evaluation,1,1,21,1.0,0.0,1.0,2.621,1.621,1.0,0.1111111111111111,0.8888888888888888,0.047619047619047616
b9d97c611043b87656a3c7a3a6ae0bd6,0e671a1a.json,evaluation,1,1,21,1.0,0.0,1.0,2.621,1.621,0.0,0.1111111111111111,-0.1111111111111111,0.047619047619047616
c91deae33e83c5853cfb1a4b1376ce42,0e671a1a.json,evaluation,9,9,21,1.0,0.0,1.1111111111111112,2.621,1.5098888888888888,1.0,0.1111111111111111,0.8888888888888888,0.42857142857142855
e78dfd565807cefe8e2837ed9ac3631a,0e671a1a.json,evaluation,0,0,0,,,,,,,0.0,,
f20663db8af6261da77b77cfd092b64c,0e671a1a.json,evaluation,0,0,0,,,,,,,0.0,,
c5a2bbe7ee11b48e8c8019f9b0fa9032,0e671a1a.json,evaluation,27,27,21,1.0,0.0,3.2962962962962963,2.621,-0.6752962962962963,1.0,0.1111111111111111,0.8888888888888888,1.2857142857142858
59c62d1d890d22befbb5fae46d2ef144,0e671a1a.json,evaluation,1,1,21,1.0,0.0,1.0,2.621,1.621,1.0,0.1111111111111111,0.8888888888888888,0.047619047619047616
6c1b19a0e9be7c39b53b8a31447f669f,0f63c0b9.json,evaluation,0,0,0,,,,,,,0.0,,
d69ed3f6914a5745612bea81d5b673c8,0f63c0b9.json,evaluation,0,0,0,,,,,,,0.0,,
4d3abff8640f887167e48b2002ebc833,0f63c0b9.json,evaluation,0,0,0,,,,,,,0.0,,
fb2d701f4b8fca584820f03c934cf8e4,0f63c0b9.json,evaluation,2,2,104,1.0,0.0,0.0,0.682,0.682,1.0,0.4444444444444444,0.5555555555555556,0.019230769230769232
30506bdc79edf4f02178e8b5b76af6f6,103eff5b.json,evaluation,0,0,0,,,,,,,0.0,,
58a06989137bcae6b261a9d95d064cd3,103eff5b.json,evaluation,0,0,0,,,,,,,0.0,,
9bf65852a83655108a4414dfffac6e32,103eff5b.json,evaluation,0,0,0,,,,,,,0.0,,
b1c73d948746d5ebf85e18e23fcdfc3c,103eff5b.json,evaluation,0,0,0,,,,,,,0.0,,
e9ed471e47fca80cf5fb13c5bc3545ab,103eff5b.json,evaluation,0,0,0,,,,,,,0.0,,
20c16d671cbfb08b7362ae41850d80a7,11e1fe23.json,evaluation,3,3,4,1.0,0.0,2.0,5.057,3.0570000000000004,1.0,0.4444444444444444,0.5555555555555556,0.75
3dcb8a9399b8fb512155e818c00d62e8,11e1fe23.json,evaluation,9,9,4,1.0,0.0,4.666666666666667,5.057,0.3903333333333334,1.0,0.4444444444444444,0.5555555555555556,2.25
2184ab698209e9f20e99a8a7fbaec9df,11e1fe23.json,evaluation,1,1,4,1.0,0.0,2.0,5.057,3.0570000000000004,1.0,0.4444444444444444,0.5555555555555556,0.25
3c4e051d79b86b0aef6424be49b48378,11e1fe23.json,evaluation,3,3,4,1.0,0.0,2.0,5.057,3.0570000000000004,1.0,0.4444444444444444,0.5555555555555556,0.75
b4fa05fa14501d1f8c49e8c5bce6802f,11e1fe23.json,evaluation,2,2,4,1.0,0.0,2.0,5.057,3.0570000000000004,1.0,0.4444444444444444,0.5555555555555556,0.5
b5d14cf3aaf97b4f15bb1b15f23a999d,11e1fe23.json,evaluation,2,2,4,1.0,0.0,2.0,5.057,3.0570000000000004,1.0,0.4444444444444444,0.5555555555555556,0.5
d749313c2ccad22b2cd042a4c70f3617,11e1fe23.json,evaluation,0,0,0,,,,,,,0.0,,
2efbb02f2320d55d30a5633b2f40bdc6,11e1fe23.json,evaluation,0,0,0,,,,,,,0.0,,
5fd2d77447da55099ae2b1f7516381e4,12422b43.json,evaluation,0,0,0,,,,,,,0.0,,
e798a88cc39cab3c1a9c27d4927a17bf,12422b43.json,evaluation,4,4,10,1.0,0.0,3.25,2.164,-1.0859999999999999,0.0,0.3333333333333333,-0.3333333333333333,0.4
fa932eed74da126541d7c2de64af254b,12422b43.json,evaluation,2,2,10,1.0,0.0,1.0,2.164,1.1640000000000001,0.0,0.3333333333333333,-0.3333333333333333,0.2
586c7221695ddfe9983486294ca80a9d,12422b43.json,evaluation,0,0,0,,,,,,,0.0,,
6eac2bf647c9865ab25005cdd9515a6e,12422b43.json,evaluation,0,0,0,,,,,,,0.0,,
65c4b60819b8e9749f903196cdfbb3bf,12997ef3.json,evaluation,0,0,0,,,,,,,0.0,,
bc246d049fa464eafe254f0c66114abe,12997ef3.json,evaluation,1,1,27,1.0,0.0,1.0,3.633,2.633,1.0,0.5555555555555556,0.4444444444444444,0.037037037037037035
0db4ea1316febb74b9f2778b5d444961,12997ef3.json,evaluation,0,0,0,,,,,,,0.0,,
260efd90866fdb1356c1ae3281f49190,12997ef3.json,evaluation,3,1,27,1.0,0.0,1.0,3.633,2.633,1.0,0.5555555555555556,0.4444444444444444,0.1111111111111111
561824733a37b0d0bfccd5cfbdb43485,12997ef3.json,evaluation,1,0,27,,,,3.633,,,0.5555555555555556,,0.037037037037037035
b4326527b5a249d8039e0e4ec3d2eb85,12eac192.json,evaluation,0,0,0,,,,,,,0.0,,
1357f41412d61d1e82194f4fa1006844,12eac192.json,evaluation,0,0,0,,,,,,,0.0,,
0a3df29992c174b104e0fa0d0cd0783d,136b0064.json,evaluation,1,0,65,,,,3.028,,,0.6666666666666666,,0.015384615384615385
522e02cfc6b655df2e74e123b45b1d63,136b0064.json,evaluation,0,0,0,,,,,,,0.0,,
d5db4210c1605dabeff34375d5110251,13713586.json,evaluation,2,2,165,1.0,0.0,0.0,1.5705,1.5705,1.0,0.4444444444444444,0.5555555555555556,0.012121212121212121
e6d2382020caac16d5c4ed244c6eff77,13713586.json,evaluation,14,14,165,1.0,0.0,1.3571428571428572,1.5705,0.2133571428571428,1.0,0.4444444444444444,0.5555555555555556,0.08484848484848485
5076ff543b4464a5e74e88885f25235d,137f0df0.json,evaluation,0,0,0,,,,,,,0.0,,
8e2df76970d28a1639967507988110bc,137f0df0.json,evaluation,0,0,0,,,,,,,0.0,,
f3846da17849b7e968c3409a2ac12d7f,137f0df0.json,evaluation,3,3,44,1.0,0.0,0.6666666666666666,0.681,0.01433333333333342,1.0,0.2222222222222222,0.7777777777777778,0.06818181818181818
fa932eed74da126541d7c2de64af254b,137f0df0.json,evaluation,0,0,0,,,,,,,0.0,,
2286a7f8bb4fecb0b65a7dfa146ba6ae,140c817e.json,evaluation,1,1,109,1.0,0.0,1.0,0.536,-0.46399999999999997,1.0,0.3333333333333333,0.6666666666666667,0.009174311926605505
49712b0e707ca6533df1376ab496dc82,140c817e.json,evaluation,4,4,109,1.0,0.0,1.0,0.536,-0.46399999999999997,1.0,0.3333333333333333,0.6666666666666667,0.03669724770642202
606123e49e757daa3f30ec7eb9d9c42b,140c817e.json,evaluation,1,1,109,1.0,0.0,0.0,0.536,0.536,0.0,0.3333333333333333,-0.3333333333333333,0.009174311926605505
660b445e45743db8a2098a4f8462f4a6,140c817e.json,evaluation,0,0,0,,,,,,,0.0,,
b0b31410b5e33f7ec27deba986c6fc73,140c817e.json,evaluation,0,0,0,,,,,,,0.0,,
ebad54cc60122331cb4f6e6c5e7f228b,140c817e.json,evaluation,7,7,109,1.0,0.0,0.42857142857142855,0.536,0.10742857142857148,1.0,0.3333333333333333,0.6666666666666667,0.06422018348623854
ef3ae2d9b3cce05442698962a0a96f2b,140c817e.json,evaluation,0,0,0,,,,,,,0.0,,
09662d8592626fbd195e5476d4fdfec4,140c817e.json,evaluation,0,0,0,,,,,,,0.0,,
a5d9bf4705fddd20d814c3209fb3c95d,14754a24.json,evaluation,0,0,0,,,,,,,0.0,,
0db4ea1316febb74b9f2778b5d444961,15113be4.json,evaluation,2,2,15,1.0,0.0,1.0,8.4385,7.4384999999999994,1.0,0.1111111111111111,0.8888888888888888,0.13333333333333333
561824733a37b0d0bfccd5cfbdb43485,15113be4.json,evaluation,0,0,0,,,,,,,0.0,,
589c0b79caf0877a38d27b07bf210c47,15113be4.json,evaluation,1,1,15,1.0,0.0,8.0,8.4385,0.43849999999999945,1.0,0.1111111111111111,0.8888888888888888,0.06666666666666667
62380334d494efe82f5413866876a339,15113be4.json,evaluation,0,0,0,,,,,,,0.0,,
65c4b60819b8e9749f903196cdfbb3bf,15113be4.json,evaluation,0,0,0,,,,,,,0.0,,
4d6d091bda9a77f7dd126a5d45bf75de,15113be4.json,evaluation,0,0,0,,,,,,,0.0,,
c688c6c9ad795f9b46201df680dcc253,15663ba9.json,evaluation,2,2,32,1.0,0.0,0.0,1.497,1.497,1.0,0.2222222222222222,0.7777777777777778,0.0625
c72eb8222a844e20a265e5f21efba37d,15663ba9.json,evaluation,0,0,0,,,,,,,0.0,,
e52833ab792652738202fffdd2113fb0,15663ba9.json,evaluation,0,0,0,,,,,,,0.0,,
105aa3a6181c206ef15bdb896d22427b,15663ba9.json,evaluation,0,0,0,,,,,,,0.0,,
1e826418edb6f7bfa3dba4367e5b095c,15663ba9.json,evaluation,2,2,32,1.0,0.0,0.5,1.497,0.9970000000000001,1.0,0.2222222222222222,0.7777777777777778,0.0625
0a4471d6e778c98d9faf9bcbf0068ea6,15696249.json,evaluation,0,0,0,,,,,,,0.0,,
56368a0d10f32c905825fb30ef6341a0,15696249.json,evaluation,0,0,0,,,,,,,0.0,,
59c62d1d890d22befbb5fae46d2ef144,15696249.json,evaluation,2,2,81,1.0,0.0,0.0,0.0,0.0,1.0,0.4444444444444444,0.5555555555555556,0.024691358024691357
604903f6e9852a1115ab3017f61e3a98,15696249.json,evaluation,0,0,0,,,,,,,0.0,,
630a34dddd818542f2c64ff99d46ef04,15696249.json,evaluation,0,0,0,,,,,,,0.0,,
b1a05b5aea1ebd7edd961d77ae8edd68,15696249.json,evaluation,0,0,0,,,,,,,0.0,,
c5a2bbe7ee11b48e8c8019f9b0fa9032,15696249.json,evaluation,0,0,0,,,,,,,0.0,,
f20663db8af6261da77b77cfd092b64c,15696249.json,evaluation,0,0,0,,,,,,,0.0,,
417872c1697437be64b548462d05743d,15696249.json,evaluation,0,0,0,,,,,,,0.0,,
220e45a4666b68d110d75c566c392c1d,16b78196.json,evaluation,14,14,97,1.0,0.0,0.5,4.6005,4.1005,1.0,0.6666666666666666,0.33333333333333337,0.14432989690721648
7f97df6135ce00ab31f79a95d15cf975,16b78196.json,evaluation,6,6,97,1.0,0.0,1.3333333333333333,4.6005,3.267166666666667,1.0,0.6666666666666666,0.33333333333333337,0.061855670103092786
81864705dbb475e3e228470f91499ae8,16b78196.json,evaluation,0,0,0,,,,,,,0.0,,
e90eee3ddb4aec5086322a82335e7f6a,16b78196.json,evaluation,13,13,97,1.0,0.0,0.23076923076923078,4.6005,4.369730769230769,1.0,0.6666666666666666,0.33333333333333337,0.13402061855670103
10a301cb307b863eb88559a229b1ad30,17b80ad2.json,evaluation,0,0,0,,,,,,,0.0,,
4d51a0637f7cbee1dc9d189d2d37fa9b,17b80ad2.json,evaluation,0,0,0,,,,,,,0.0,,
ce821ea8d58864dc3a963e482f011ab1,17b80ad2.json,evaluation,1,1,39,1.0,0.0,0.0,2.2005,2.2005,1.0,0.7777777777777778,0.2222222222222222,0.02564102564102564
d67afe766c3765d2b9f66a639ed2366a,17b80ad2.json,evaluation,8,8,39,1.0,0.0,1.25,2.2005,0.9504999999999999,1.0,0.7777777777777778,0.2222222222222222,0.20512820512820512
30cc3c16ae3d34dcd7fe8e59b4aedf33,17b80ad2.json,evaluation,0,0,0,,,,,,,0.0,,
3a84dd63123259557525a0f484b1f7e7,17b80ad2.json,evaluation,25,25,39,1.0,0.0,2.04,2.2005,0.16049999999999986,0.84,0.7777777777777778,0.06222222222222218,0.6410256410256411
d231f7557ee47ca095c503834919a5b2,17b80ad2.json,evaluation,0,0,0,,,,,,,0.0,,
39460f7c2eccf4cbdcc48e9ac437a78c,17cae0c1.json,evaluation,9,9,27,1.0,0.0,0.0,0.0,0.0,1.0,0.3333333333333333,0.6666666666666667,0.3333333333333333
9d59909ef96797ce6de5397369f065a2,17cae0c1.json,evaluation,1,1,27,1.0,0.0,0.0,0.0,0.0,0.0,0.3333333333333333,-0.3333333333333333,0.037037037037037035
eb023e0d3aa7bd2a158de877a4cf6140,17cae0c1.json,evaluation,9,9,27,1.0,0.0,0.0,0.0,0.0,1.0,0.3333333333333333,0.6666666666666667,0.3333333333333333
f8e9aaf9483e478e6bd17dde846b79ae,17cae0c1.json,evaluation,0,0,0,,,,,,,0.0,,
a4085434c62979fad818d95c4e4bf236,18419cfa.json,evaluation,3,0,17,,,,6.5175,,,0.1111111111111111,,0.17647058823529413
f261f25a58a8696d975a166182c27f60,18419cfa.json,evaluation,0,0,0,,,,,,,0.0,,
31fe7c2303adca3e32d8f6bbb86de530,18419cfa.json,evaluation,1,1,17,1.0,0.0,1.0,6.5175,5.5175,1.0,0.1111111111111111,0.8888888888888888,0.058823529411764705
9f390b8dad3cf9fc6e0e7ca2a17cb330,18419cfa.json,evaluation,0,0,0,,,,,,,0.0,,
1f2746883973fa934db863c194638abd,184a9768.json,evaluation,2,2,86,1.0,0.0,1.0,2.0085,1.0085000000000002,1.0,0.6666666666666666,0.33333333333333337,0.023255813953488372
f237cf8e00a3a5dbd70bf4b77dbda751,184a9768.json,evaluation,1,1,86,1.0,0.0,0.0,2.0085,2.0085,1.0,0.6666666666666666,0.33333333333333337,0.011627906976744186
2f9e6693f652735a1a8a67c1237623bf,184a9768.json,evaluation,0,0,0,,,,,,,0.0,,
5762abd9c9b98a505e01b1677e1412d6,195ba7dc.json,evaluation,0,0,0,,,,,,,0.0,,
4c941893b4d29b78532bba9e472fe3f7,195ba7dc.json,evaluation,0,0,0,,,,,,,0.0,,
ff1070a18395ae11bf95c9aff9290279,195ba7dc.json,evaluation,20,20,22,1.0,0.0,0.35,2.47,2.12,0.3,0.1111111111111111,0.18888888888888888,0.9090909090909091
0f8005a82b8e363ee5f7144f2954c781,1990f7a8.json,evaluation,1,1,22,1.0,0.0,1.0,6.9085,5.9085,1.0,0.1111111111111111,0.8888888888888888,0.045454545454545456
44ffe391e2224bb0463f064bf2f27349,1990f7a8.json,evaluation,2,2,22,1.0,0.0,1.0,6.9085,5.9085,0.0,0.1111111111111111,-0.1111111111111111,0.09090909090909091
6096233e1319d75099fc2e233fcf26c6,1990f7a8.json,evaluation,0,0,0,,,,,,,0.0,,
7be9b6be01cbd287b00b5b1b0093cc25,1990f7a8.json,evaluation,0,0,0,,,,,,,0.0,,
a04c36c444bcaadd7704fd306699abc3,1990f7a8.json,evaluation,0,0,0,,,,,,,0.0,,
ac41fe761e12766668e0613e4bf60e6b,1990f7a8.json,evaluation,6,6,22,1.0,0.0,1.1666666666666667,6.9085,5.741833333333333,0.3333333333333333,0.1111111111111111,0.2222222222222222,0.2727272727272727
ad6a5a3e81e09efe941aa436de006d74,1990f7a8.json,evaluation,0,0,0,,,,,,,0.0,,
b307b18350144a13c42b141bf4fc06f2,1990f7a8.json,evaluation,0,0,0,,,,,,,0.0,,
bd2a9c03930265f3c0e0111145fc8cd2,1990f7a8.json,evaluation,0,0,0,,,,,,,0.0,,
bd3f4063cdb6369bd70ee764acd28203,1990f7a8.json,evaluation,0,0,0,,,,,,,0.0,,
e73c7157dd3925417b8059ee0acfb0cb,1990f7a8.json,evaluation,0,0,0,,,,,,,0.0,,
f8902ebc197cfdf036d9b50ea40e03b4,1990f7a8.json,evaluation,0,0,0,,,,,,,0.0,,
f9dd04ab316c08036dd3fe261cd637d8,1990f7a8.json,evaluation,0,0,0,,,,,,,0.0,,
56ffe79946d05cbc61e214cb5dc32712,1990f7a8.json,evaluation,0,0,0,,,,,,,0.0,,
71ba58da91d2f16f8db02ab42fafe8cb,1990f7a8.json,evaluation,0,0,0,,,,,,,0.0,,
0e68456969d03b8d632358a60daa5825,19bb5feb.json,evaluation,1,1,4,1.0,0.0,0.0,11.74,11.74,1.0,0.4444444444444444,0.5555555555555556,0.25
30a1cd49f79796e1a457b34c70394f97,19bb5feb.json,evaluation,1,1,4,1.0,0.0,0.0,11.74,11.74,1.0,0.4444444444444444,0.5555555555555556,0.25
408e70d8a03a681fdbd8796a5dde3b25,19bb5feb.json,evaluation,0,0,0,,,,,,,0.0,,
76245f5e1d964880333ffc64f2be1770,19bb5feb.json,evaluation,0,0,0,,,,,,,0.0,,
b0b982ac561dc98e1a63662e48e1f5ff,19bb5feb.json,evaluation,0,0,0,,,,,,,0.0,,
c0f08686af75b668f9fefacfc2a4dc49,19bb5feb.json,evaluation,0,0,0,,,,,,,0.0,,
cc587ed902499b13c9af7cd711b2cd62,19bb5feb.json,evaluation,3,1,4,1.0,0.0,0.0,11.74,11.74,1.0,0.4444444444444444,0.5555555555555556,0.75
11be35a6491b8e9bb0158a3da7e249bf,1a2e2828.json,evaluation,0,0,0,,,,,,,0.0,,
3153c72d7fb5e86d9e60a9809df58492,1a2e2828.json,evaluation,0,0,0,,,,,,,0.0,,
54f19912e09f367b26fe9463385f18f6,1a2e2828.json,evaluation,0,0,0,,,,,,,0.0,,
81cdf1633c4d2b464f12a2ad628ffaeb,1a2e2828.json,evaluation,8,8,1,1.0,0.0,2.25,11.2605,9.0105,1.0,0.1111111111111111,0.8888888888888888,8.0
8bc07abf3980f0eed727ede8a11ecaf1,1a2e2828.json,evaluation,0,0,0,,,,,,,0.0,,
f965099f3b6eab10d7e28588b62f8b45,1a2e2828.json,evaluation,1,0,1,,,,11.2605,,,0.1111111111111111,,1.0
0db637bfccf629172dcc0166e6511c7a,1a6449f1.json,evaluation,3,1,42,1.0,0.0,0.0,12.008,12.008,1.0,1.1111111111111112,-0.11111111111111116,0.07142857142857142
34ddf2efe9d7e43853d6c177b966a9c1,1a6449f1.json,evaluation,0,0,0,,,,,,,0.0,,
a6dfe1aa95cab81d240b9cf3196ea860,1a6449f1.json,evaluation,0,0,0,,,,,,,0.0,,
e4892f6b64f5142725b213bd7d751331,1a6449f1.json,evaluation,0,0,0,,,,,,,0.0,,
ec0e37e76c3719bffce29af17c9f4725,1a6449f1.json,evaluation,11,11,42,1.0,0.0,1.4545454545454546,12.008,10.553454545454544,1.0,1.1111111111111112,-0.11111111111111116,0.2619047619047619
0fb275b2f8094b9341ebe667acac3487,1a6449f1.json,evaluation,0,0,0,,,,,,,0.0,,
7dbf55b43fe003944647dece36d0a978,1a6449f1.json,evaluation,6,6,42,1.0,0.0,0.3333333333333333,12.008,11.674666666666665,1.0,1.1111111111111112,-0.11111111111111116,0.14285714285714285
8765162c735e07e77519ee2957ae0130,1acc24af.json,evaluation,1,1,12,1.0,0.0,6.0,3.7115,-2.2885,0.0,0.1111111111111111,-0.1111111111111111,0.08333333333333333
c72eb8222a844e20a265e5f21efba37d,1acc24af.json,evaluation,0,0,0,,,,,,,0.0,,
3914f6c13e5d791ae74d9c3e12b20ef3,1acc24af.json,evaluation,0,0,0,,,,,,,0.0,,
14dc4a39305577979a1f8da6d1ea5d82,1c02dbbe.json,evaluation,0,0,0,,,,,,,0.0,,
946921a424c8933f4299722716f004cc,1c02dbbe.json,evaluation,0,0,0,,,,,,,0.0,,
3b2c9607d171e196b1792a419c26567e,1c02dbbe.json,evaluation,0,0,0,,,,,,,0.0,,
94478ace23ec2bc690c90e3c27f0a966,1c02dbbe.json,evaluation,0,0,0,,,,,,,0.0,,
226d2c2d63e98111e3bdd51f507595fd,1c02dbbe.json,evaluation,0,0,0,,,,,,,0.0,,
8cae1d801a8752e0febf8abfdc9a1646,1c02dbbe.json,evaluation,0,0,0,,,,,,,0.0,,
1f2746883973fa934db863c194638abd,1c0d0a4b.json,evaluation,0,0,0,,,,,,,0.0,,
215ca74cc86a5cb7cd186d5874583ab6,1c0d0a4b.json,evaluation,4,4,81,1.0,0.0,0.25,0.6015,0.35150000000000003,1.0,0.2222222222222222,0.7777777777777778,0.04938271604938271
d33fd1151d22aab2dd159b33de481962,1c0d0a4b.json,evaluation,1,1,81,1.0,0.0,1.0,0.6015,-0.39849999999999997,1.0,0.2222222222222222,0.7777777777777778,0.012345679012345678
f237cf8e00a3a5dbd70bf4b77dbda751,1c0d0a4b.json,evaluation,0,0,0,,,,,,,0.0,,
2f9e6693f652735a1a8a67c1237623bf,1c0d0a4b.json,evaluation,51,51,81,1.0,0.0,0.0,0.6015,0.6015,0.0,0.2222222222222222,-0.2222222222222222,0.6296296296296297
4ffe51f9700541018b71cbbbb0e80a97,1c56ad9f.json,evaluation,0,0,0,,,,,,,0.0,,
41c0cc594aeffc50a287e810ffcb237d,1d0a4b61.json,evaluation,1,1,71,1.0,0.0,1.0,5.1475,4.1475,1.0,0.4444444444444444,0.5555555555555556,0.014084507042253521
a3dc20c67e1b1467bc47995a784ba5b2,1d0a4b61.json,evaluation,5,5,71,1.0,0.0,0.0,5.1475,5.1475,1.0,0.4444444444444444,0.5555555555555556,0.07042253521126761
ee4d1eccbc458eb60a8ceb58bdde1aea,1d0a4b61.json,evaluation,1,1,71,1.0,0.0,0.0,5.1475,5.1475,0.0,0.4444444444444444,-0.4444444444444444,0.014084507042253521
2172f3d3b786559f0539e954ee2c1968,1d0a4b61.json,evaluation,12,12,71,1.0,0.0,0.16666666666666666,5.1475,4.980833333333333,1.0,0.4444444444444444,0.5555555555555556,0.16901408450704225
ddbb5541fe47fbe6167f4209a2a5a9ec,1d0a4b61.json,evaluation,0,0,0,,,,,,,0.0,,
550461f653c1c4c65cf40815dd77ec86,1d0a4b61.json,evaluation,0,0,0,,,,,,,0.0,,
27d786d805ac2223f38e85853b5165d6,1d398264.json,evaluation,0,0,0,,,,,,,0.0,,
2bfaf720db54c5ddfe76d9a56ffb65b5,1d398264.json,evaluation,0,0,0,,,,,,,0.0,,
7cee7e6def0ca60e707c6af790e107ff,1d398264.json,evaluation,6,6,31,1.0,0.0,0.3333333333333333,1.234,0.9006666666666667,0.3333333333333333,0.3333333333333333,0.0,0.1935483870967742
c514a634a2be9e746d9fe29579796530,1d398264.json,evaluation,5,5,31,1.0,0.0,1.0,1.234,0.23399999999999999,1.0,0.3333333333333333,0.6666666666666667,0.16129032258064516
c91deae33e83c5853cfb1a4b1376ce42,1d398264.json,evaluation,0,0,0,,,,,,,0.0,,
e78dfd565807cefe8e2837ed9ac3631a,1d398264.json,evaluation,0,0,0,,,,,,,0.0,,
59c62d1d890d22befbb5fae46d2ef144,1d398264.json,evaluation,0,0,0,,,,,,,0.0,,
33cbb08484f0da7057d877b780bfc2c8,1d398264.json,evaluation,0,0,0,,,,,,,0.0,,
3c77da5dce8dbede95574782508fe334,1da012fc.json,evaluation,0,0,0,,,,,,,0.0,,
3ca04e43aa86e5b396ddf834922d23ba,1da012fc.json,evaluation,3,3,40,1.0,0.0,1.0,5.075,4.075,1.0,0.5555555555555556,0.4444444444444444,0.075
5be2de33fa4e266f2da9f24ddaa717c3,1da012fc.json,evaluation,0,0,0,,,,,,,0.0,,
6f56a4b8b2038318a5bdfe2e306fe5c6,1da012fc.json,evaluation,1,1,40,1.0,0.0,1.0,5.075,4.075,1.0,0.5555555555555556,0.4444444444444444,0.025
70d343789ca526b9c3a5cdfa731999cf,1da012fc.json,evaluation,14,14,40,1.0,0.0,1.7142857142857142,5.075,3.3607142857142858,1.0,0.5555555555555556,0.4444444444444444,0.35
79a2fe714f7a69290a38a4a4fd6fb006,1da012fc.json,evaluation,5,5,40,1.0,0.0,7.6,5.075,-2.5249999999999995,0.0,0.5555555555555556,-0.5555555555555556,0.125
9f04e30d4edf02532fc444d49e301ad6,1da012fc.json,evaluation,0,0,0,,,,,,,0.0,,
bf167e6414bc6611aea2f6097b1e076a,1da012fc.json,evaluation,3,3,40,1.0,0.0,1.0,5.075,4.075,1.0,0.5555555555555556,0.4444444444444444,0.075
c70ccc4421ba573438fb4ba6fe0601e6,1da012fc.json,evaluation,0,0,0,,,,,,,0.0,,
dd9faeecf8484584e9cebc4c7a39d0a2,1da012fc.json,evaluation,0,0,0,,,,,,,0.0,,
463c32f02669ea81c4ea2ef7799cc498,1da012fc.json,evaluation,0,0,0,,,,,,,0.0,,
0659be093a22e43693d49e80ce6804a6,1e81d6f9.json,evaluation,0,0,0,,,,,,,0.0,,
6941f78fb5c5781aff81a1df88b778e4,1e81d6f9.json,evaluation,2,2,4,1.0,0.0,3.5,4.612,1.112,0.0,0.1111111111111111,-0.1111111111111111,0.5
7194aaa036fc80278e111edaf4434e6d,1e81d6f9.json,evaluation,0,0,0,,,,,,,0.0,,
a18f3ff130e053f374ad414ce141ec37,1e81d6f9.json,evaluation,1,1,4,1.0,0.0,2.0,4.612,2.612,0.0,0.1111111111111111,-0.1111111111111111,0.25
943d8dbc201e4300a221e78232c4184d,1e81d6f9.json,evaluation,0,0,0,,,,,,,0.0,,
3c77da5dce8dbede95574782508fe334,1e97544e.json,evaluation,4,4,73,1.0,0.0,0.25,4.257,4.007,1.0,1.0,0.0,0.0547945205479452
3ca04e43aa86e5b396ddf834922d23ba,1e97544e.json,evaluation,25,25,73,1.0,0.0,0.04,4.257,4.217,1.0,1.0,0.0,0.3424657534246575
5be2de33fa4e266f2da9f24ddaa717c3,1e97544e.json,evaluation,0,0,0,,,,,,,0.0,,
70d343789ca526b9c3a5cdfa731999cf,1e97544e.json,evaluation,6,6,73,1.0,0.0,0.0,4.257,4.257,1.0,1.0,0.0,0.0821917808219178
79a2fe714f7a69290a38a4a4fd6fb006,1e97544e.json,evaluation,0,0,0,,,,,,,0.0,,
94f95a28cac78caabddbc27cbf734ab5,1e97544e.json,evaluation,2,1,73,1.0,0.0,0.0,4.257,4.257,1.0,1.0,0.0,0.0273972602739726
9f04e30d4edf02532fc444d49e301ad6,1e97544e.json,evaluation,0,0,0,,,,,,,0.0,,
c70ccc4421ba573438fb4ba6fe0601e6,1e97544e.json,evaluation,8,8,73,1.0,0.0,0.0,4.257,4.257,1.0,1.0,0.0,0.1095890410958904
463c32f02669ea81c4ea2ef7799cc498,1e97544e.json,evaluation,0,0,0,,,,,,,0.0,,
43da1d967f6537bf26e5aeb65e80e154,2037f2c7.json,evaluation,0,0,0,,,,,,,0.0,,
4aec1e1cc96be88b468ef7c7f47786af,2037f2c7.json,evaluation,0,0,0,,,,,,,0.0,,
a8e9ca1094cdf6f9a45d76fde6f8cf30,2037f2c7.json,evaluation,0,0,0,,,,,,,0.0,,
42901fb64e19a320cb93d7443cfc43d4,2037f2c7.json,evaluation,5,4,10,1.0,0.0,1.0,16.146,15.146,1.0,0.1111111111111111,0.8888888888888888,0.5
078347e8fab7715faf4ee2a225afa306,2072aba6.json,evaluation,0,0,0,,,,,,,0.0,,
73c1de82f716bda27c501529aa8b30d8,2072aba6.json,evaluation,0,0,0,,,,,,,0.0,,
b337b83dfbdae11b21a2dd92c0dbd7e6,2072aba6.json,evaluation,8,8,31,1.0,0.0,0.0,0.16,0.16,1.0,0.3333333333333333,0.6666666666666667,0.25806451612903225
b92c88147f16e81df65ec8ae0113623c,2072aba6.json,evaluation,0,0,0,,,,,,,0.0,,
e76803f27b99617532fa574a24a8eac8,2072aba6.json,evaluation,0,0,0,,,,,,,0.0,,
0fb275b2f8094b9341ebe667acac3487,2072aba6.json,evaluation,0,0,0,,,,,,,0.0,,
d7c52f2f24e90fe8b0174a6ff811b868,2072aba6.json,evaluation,0,0,0,,,,,,,0.0,,
10184aec96d75dd148859d40a0e5b551,20818e16.json,evaluation,2,1,30,1.0,0.0,0.0,5.409,5.409,1.0,0.4444444444444444,0.5555555555555556,0.06666666666666667
1827b64de5d9e74fa3a04861d9096c5b,20818e16.json,evaluation,1,0,30,,,,5.409,,,0.4444444444444444,,0.03333333333333333
ac86d7cf749c9e3506a936c458ca3f53,20818e16.json,evaluation,0,0,0,,,,,,,0.0,,
f81b7762601877a04aebe625b5d5d411,20818e16.json,evaluation,1,0,30,,,,5.409,,,0.4444444444444444,,0.03333333333333333
3e30380dff8c114cb6883ed54c23cc6b,20818e16.json,evaluation,0,0,0,,,,,,,0.0,,
eba22013c1a444c31a991a2ed1191314,20818e16.json,evaluation,0,0,0,,,,,,,0.0,,
04e0e9d3adc62ea419b8b9870f0af683,20981f0e.json,evaluation,4,4,22,1.0,0.0,2.25,2.588,0.3380000000000001,1.0,0.2222222222222222,0.7777777777777778,0.18181818181818182
7278b632ac6283cfea4222b7e83e977f,20981f0e.json,evaluation,13,13,22,1.0,0.0,1.3846153846153846,2.588,1.2033846153846155,0.7692307692307693,0.2222222222222222,0.5470085470085471,0.5909090909090909
dcf2e65ad9756309c042440cccad5b8e,20981f0e.json,evaluation,1,1,22,1.0,0.0,3.0,2.588,-0.4119999999999999,1.0,0.2222222222222222,0.7777777777777778,0.045454545454545456
de13500e205123e2cd532eb9b831a011,20981f0e.json,evaluation,7,7,22,1.0,0.0,2.5714285714285716,2.588,0.01657142857142846,0.0,0.2222222222222222,-0.2222222222222222,0.3181818181818182
e918701b946fb9722fd382a800fdc18f,20981f0e.json,evaluation,1,1,22,1.0,0.0,1.0,2.588,1.588,1.0,0.2222222222222222,0.7777777777777778,0.045454545454545456
042f1185ab57071b50dd5c0c9737ddb0,20981f0e.json,evaluation,0,0,0,,,,,,,0.0,,
a3dc092b574335d47777574994159231,20981f0e.json,evaluation,10,10,22,1.0,0.0,1.7,2.588,0.8880000000000001,1.0,0.2222222222222222,0.7777777777777778,0.45454545454545453
14ecf0a18553649a780c0b0e5a0728cb,212895b5.json,evaluation,5,5,36,1.0,0.0,3.4,6.3875,2.9875000000000003,1.0,0.2222222222222222,0.7777777777777778,0.1388888888888889
196fc741bff204e58a05a2c124df683d,212895b5.json,evaluation,0,0,0,,,,,,,0.0,,
f556f2eec158ab76686500c825abee59,212895b5.json,evaluation,0,0,0,,,,,,,0.0,,
07a533a48f36b4553b23b2bf7ba1ff5b,21f83797.json,evaluation,0,0,0,,,,,,,0.0,,
105aa3a6181c206ef15bdb896d22427b,21f83797.json,evaluation,12,12,78,1.0,0.0,0.25,0.8455,0.5955,1.0,0.2222222222222222,0.7777777777777778,0.15384615384615385
3914f6c13e5d791ae74d9c3e12b20ef3,21f83797.json,evaluation,3,3,78,1.0,0.0,0.6666666666666666,0.8455,0.1788333333333334,1.0,0.2222222222222222,0.7777777777777778,0.038461538461538464
8765162c735e07e77519ee2957ae0130,21f83797.json,evaluation,2,1,78,1.0,0.0,1.0,0.8455,-0.15449999999999997,1.0,0.2222222222222222,0.7777777777777778,0.02564102564102564
9e85e4a20e90ff45227199b96cacc99a,21f83797.json,evaluation,6,6,78,1.0,0.0,0.0,0.8455,0.8455,0.3333333333333333,0.2222222222222222,0.1111111111111111,0.07692307692307693
c0a5a89f632fd1c06faae2868d4987b9,21f83797.json,evaluation,0,0,0,,,,,,,0.0,,
c688c6c9ad795f9b46201df680dcc253,21f83797.json,evaluation,0,0,0,,,,,,,0.0,,
c72eb8222a844e20a265e5f21efba37d,21f83797.json,evaluation,0,0,0,,,,,,,0.0,,
e52833ab792652738202fffdd2113fb0,21f83797.json,evaluation,8,8,78,1.0,0.0,0.25,0.8455,0.5955,0.875,0.2222222222222222,0.6527777777777778,0.10256410256410256
fceab3c5c488920b73c056c607039100,21f83797.json,evaluation,0,0,0,,,,,,,0.0,,
6df80b010e6436a7e7c2e8cdef870cc1,21f83797.json,evaluation,1,1,78,1.0,0.0,0.0,0.8455,0.8455,1.0,0.2222222222222222,0.7777777777777778,0.01282051282051282
cd4cafb583a55ba4934a60088dcafbb8,21f83797.json,evaluation,0,0,0,,,,,,,0.0,,
827fcb126401a726d5ba020f0a96295c,22a4bbc2.json,evaluation,0,0,0,,,,,,,0.0,,
b1dd70c300102337b9df2b3086aa8513,22a4bbc2.json,evaluation,0,0,0,,,,,,,0.0,,
c87a16f4d930198dace3602d82d35174,22a4bbc2.json,evaluation,0,0,0,,,,,,,0.0,,
d9fa6afaa8136db88c1341008caeed55,22a4bbc2.json,evaluation,2,2,23,1.0,0.0,0.0,1.074,1.074,0.0,0.1111111111111111,-0.1111111111111111,0.08695652173913043
e2de7b05ed553c5462622523721ef0fc,22a4bbc2.json,evaluation,0,0,0,,,,,,,0.0,,
5efbc9e8e092a37c76d496f19bb9cc1e,25094a63.json,evaluation,3,3,132,1.0,0.0,1.0,4.848,3.848,0.6666666666666666,0.1111111111111111,0.5555555555555556,0.022727272727272728
70d316bb35f6e5004d606747a4accc32,25094a63.json,evaluation,0,0,0,,,,,,,0.0,,
bc33d9b92d4254fa7da932c945fe49fd,25094a63.json,evaluation,0,0,0,,,,,,,0.0,,
c1c76db97c34eaf63899a1586719effd,25094a63.json,evaluation,0,0,0,,,,,,,0.0,,
f7583a3c0953faffcb973eb1fcd7b066,25094a63.json,evaluation,0,0,0,,,,,,,0.0,,
fb2d701f4b8fca584820f03c934cf8e4,25094a63.json,evaluation,0,0,0,,,,,,,0.0,,
d69ed3f6914a5745612bea81d5b673c8,25094a63.json,evaluation,0,0,0,,,,,,,0.0,,
d7e6e02803b25deca977a8b04417701b,25094a63.json,evaluation,1,1,132,1.0,0.0,1.0,4.848,3.848,1.0,0.1111111111111111,0.8888888888888888,0.007575757575757576
290d766a49db4b821f67e8d4d79b10f7,2546ccf6.json,evaluation,0,0,0,,,,,,,0.0,,
7bcc142ba14d34fab1052bc2d3660c47,2546ccf6.json,evaluation,0,0,0,,,,,,,0.0,,
7be211c9a4a66a217f17c73eb2279c8d,2546ccf6.json,evaluation,1,1,14,1.0,0.0,1.0,6.849,5.849,1.0,0.3333333333333333,0.6666666666666667,0.07142857142857142
959b8033692f6ea4dfa0ce3e7f4b78e7,2546ccf6.json,evaluation,3,3,14,1.0,0.0,1.0,6.849,5.849,1.0,0.3333333333333333,0.6666666666666667,0.21428571428571427
9beda61b3fb1cf6794cf500572fa0735,2546ccf6.json,evaluation,1,1,14,1.0,0.0,1.0,6.849,5.849,1.0,0.3333333333333333,0.6666666666666667,0.07142857142857142
e35a9e29478d77f9a5ba48e89d0c851a,2546ccf6.json,evaluation,1,1,14,1.0,0.0,1.0,6.849,5.849,1.0,0.3333333333333333,0.6666666666666667,0.07142857142857142
ef3ae2d9b3cce05442698962a0a96f2b,2546ccf6.json,evaluation,25,25,14,1.0,0.0,5.76,6.849,1.0890000000000004,0.0,0.3333333333333333,-0.3333333333333333,1.7857142857142858
db972a4819054a3681a16c93eed4278c,2546ccf6.json,evaluation,0,0,0,,,,,,,0.0,,
6f56a4b8b2038318a5bdfe2e306fe5c6,256b0a75.json,evaluation,48,48,326,1.0,0.0,0.041666666666666664,1.641,1.5993333333333333,1.0,0.8888888888888888,0.11111111111111116,0.147239263803681
dd9faeecf8484584e9cebc4c7a39d0a2,256b0a75.json,evaluation,1,1,326,1.0,0.0,0.0,1.641,1.641,1.0,0.8888888888888888,0.11111111111111116,0.003067484662576687
e779655873b4a8c753d645d581485da2,256b0a75.json,evaluation,9,9,326,1.0,0.0,0.2222222222222222,1.641,1.4187777777777777,1.0,0.8888888888888888,0.11111111111111116,0.027607361963190184
2049195aadec03fb126c94e51a205503,256b0a75.json,evaluation,0,0,0,,,,,,,0.0,,
bdd65906773689981c36e7e04de414d0,256b0a75.json,evaluation,0,0,0,,,,,,,0.0,,
10184aec96d75dd148859d40a0e5b551,2685904e.json,evaluation,0,0,0,,,,,,,0.0,,
1827b64de5d9e74fa3a04861d9096c5b,2685904e.json,evaluation,0,0,0,,,,,,,0.0,,
ac86d7cf749c9e3506a936c458ca3f53,2685904e.json,evaluation,0,0,0,,,,,,,0.0,,
cffb95ab91d444964dc0a0c6d565737f,2685904e.json,evaluation,0,0,0,,,,,,,0.0,,
f5a0ec470968780ed12c3da6cb1ce9a0,2685904e.json,evaluation,0,0,0,,,,,,,0.0,,
005854090a9bf2c760be2d602774602d,2697da3f.json,evaluation,16,16,238,1.0,0.0,0.125,0.188,0.063,1.0,0.2222222222222222,0.7777777777777778,0.06722689075630252
2049195aadec03fb126c94e51a205503,2697da3f.json,evaluation,39,39,238,1.0,0.0,0.28205128205128205,0.188,-0.09405128205128205,1.0,0.2222222222222222,0.7777777777777778,0.1638655462184874
a96e59284dc0f9b89d10befaabab0731,2697da3f.json,evaluation,24,23,238,1.0,0.0,0.4782608695652174,0.188,-0.2902608695652174,1.0,0.2222222222222222,0.7777777777777778,0.10084033613445378
d21e5568ac340f74febf26db99399512,2697da3f.json,evaluation,0,0,0,,,,,,,0.0,,
01548da004c6123b7e8050119f45462f,2753e76c.json,evaluation,1,1,13,1.0,0.0,0.0,9.978,9.978,1.0,0.4444444444444444,0.5555555555555556,0.07692307692307693
0733968c0c99f8ac7d72f6e25c721164,2753e76c.json,evaluation,0,0,0,,,,,,,0.0,,
1b696eeb3e06afd4fced5ea50d395fc7,2753e76c.json,evaluation,0,0,0,,,,,,,0.0,,
6420cc775271a5cf010b961e32c8f7d6,2753e76c.json,evaluation,0,0,0,,,,,,,0.0,,
a50081e2168f81433676d6d4a60c1ed2,2753e76c.json,evaluation,1,0,13,,,,9.978,,,0.4444444444444444,,0.07692307692307693
ddc8bf68f9388a1da88862705605a7e3,2753e76c.json,evaluation,3,0,13,,,,9.978,,,0.4444444444444444,,0.23076923076923078
e73c3da01ae6b526d5272fd009acff0d,2753e76c.json,evaluation,0,0,0,,,,,,,0.0,,
6cae4c0f0038c858272067585d5d6587,2753e76c.json,evaluation,0,0,0,,,,,,,0.0,,
4c941893b4d29b78532bba9e472fe3f7,27a77e38.json,evaluation,2,2,1,1.0,0.0,7.5,6.1445,-1.3555000000000001,0.0,0.1111111111111111,-0.1111111111111111,2.0
6f8c402744b26a5f912a2469fed11f5f,27a77e38.json,evaluation,0,0,0,,,,,,,0.0,,
8a52789cf539764b72282a2fb0992286,27a77e38.json,evaluation,0,0,0,,,,,,,0.0,,
b75846fa697bf69c64d8ddb2502e976f,27a77e38.json,evaluation,0,0,0,,,,,,,0.0,,
c8b009cc0f208db74d32e308d018cc52,27a77e38.json,evaluation,0,0,0,,,,,,,0.0,,
f43897c74dfcb9395d7a1b4a33afd293,27a77e38.json,evaluation,1,1,1,1.0,0.0,1.0,6.1445,5.1445,1.0,0.1111111111111111,0.8888888888888888,1.0
ff1070a18395ae11bf95c9aff9290279,27a77e38.json,evaluation,0,0,0,,,,,,,0.0,,
00136a0f6142ddb48fd80ea8ff22f12d,27a77e38.json,evaluation,0,0,0,,,,,,,0.0,,
fef7327ca553c16daff2e69c9c5451a4,27f8ce4f.json,evaluation,15,15,81,1.0,0.0,0.0,0.0,0.0,1.0,0.6666666666666666,0.33333333333333337,0.18518518518518517
586c7221695ddfe9983486294ca80a9d,281123b4.json,evaluation,0,0,0,,,,,,,0.0,,
5fd2d77447da55099ae2b1f7516381e4,281123b4.json,evaluation,1,1,12,1.0,0.0,0.0,6.556,6.556,1.0,0.3333333333333333,0.6666666666666667,0.08333333333333333
6eac2bf647c9865ab25005cdd9515a6e,281123b4.json,evaluation,14,14,12,1.0,0.0,0.21428571428571427,6.556,6.341714285714286,1.0,0.3333333333333333,0.6666666666666667,1.1666666666666667
77944c15c764515d5eabaf7f254702f7,281123b4.json,evaluation,13,13,12,1.0,0.0,0.3076923076923077,6.556,6.248307692307693,1.0,0.3333333333333333,0.6666666666666667,1.0833333333333333
cb33a8dc274e1544aefb465412fb5e1b,281123b4.json,evaluation,0,0,0,,,,,,,0.0,,
e798a88cc39cab3c1a9c27d4927a17bf,281123b4.json,evaluation,0,0,0,,,,,,,0.0,,
57734e50c1f5ca6bdd9804c4a1029210,292dd178.json,evaluation,19,19,21,1.0,0.0,2.3684210526315788,2.3625,-0.005921052631578938,0.05263157894736842,0.1111111111111111,-0.05847953216374269,0.9047619047619048
9675826cfa15bc2c003155b2e5d420dd,292dd178.json,evaluation,0,0,0,,,,,,,0.0,,
fc83301236387ffeef2e3fad89bb10de,292dd178.json,evaluation,0,0,0,,,,,,,0.0,,
0e68456969d03b8d632358a60daa5825,292dd178.json,evaluation,0,0,0,,,,,,,0.0,,
cc587ed902499b13c9af7cd711b2cd62,292dd178.json,evaluation,0,0,0,,,,,,,0.0,,
4b9028971c4157c66c5cbc1ed323cdd4,29700607.json,evaluation,0,0,0,,,,,,,0.0,,
92653c793e8f14b5deae23d8b8aec922,29700607.json,evaluation,0,0,0,,,,,,,0.0,,
940773f52b167e16c8bc19e18150ccf7,29700607.json,evaluation,25,25,32,1.0,0.0,0.24,1.6715,1.4315,1.0,0.3333333333333333,0.6666666666666667,0.78125
a31308c93f327e82cbbfc4a8d3ba802b,29700607.json,evaluation,0,0,0,,,,,,,0.0,,
b2fa2cebf14cfa7827b23aea2f38646b,29700607.json,evaluation,0,0,0,,,,,,,0.0,,
b994526314c8564332f090495d624993,29700607.json,evaluation,0,0,0,,,,,,,0.0,,
e3bbc35048e72fff7279147741004602,29700607.json,evaluation,4,4,32,1.0,0.0,1.25,1.6715,0.4215,1.0,0.3333333333333333,0.6666666666666667,0.125
2f07d9a1ef1a816d50ac96243e3ee254,29700607.json,evaluation,0,0,0,,,,,,,0.0,,
63470ed6419befb599f4f4973103e2f2,2a5f8217.json,evaluation,0,0,0,,,,,,,0.0,,
7ed9ec4ca6d7e3c4e2289d79a830eed3,2a5f8217.json,evaluation,0,0,0,,,,,,,0.0,,
9950a67df971bd358d0f96566b26770c,2a5f8217.json,evaluation,1,1,21,1.0,0.0,0.0,2.3685,2.3685,0.0,0.4444444444444444,-0.4444444444444444,0.047619047619047616
b46586d0f2876a45c17bc91204667b2b,2a5f8217.json,evaluation,1,1,21,1.0,0.0,1.0,2.3685,1.3685,1.0,0.4444444444444444,0.5555555555555556,0.047619047619047616
07a533a48f36b4553b23b2bf7ba1ff5b,2b01abd0.json,evaluation,0,0,0,,,,,,,0.0,,
105aa3a6181c206ef15bdb896d22427b,2b01abd0.json,evaluation,0,0,0,,,,,,,0.0,,
cd4cafb583a55ba4934a60088dcafbb8,2b01abd0.json,evaluation,2,2,22,1.0,0.0,0.5,3.4345,2.9345,0.5,0.2222222222222222,0.2777777777777778,0.09090909090909091
db91b9e344008a52f813226b97f24daf,2b01abd0.json,evaluation,10,10,22,1.0,0.0,0.0,3.4345,3.4345,0.0,0.2222222222222222,-0.2222222222222222,0.45454545454545453
fceab3c5c488920b73c056c607039100,2b01abd0.json,evaluation,1,1,22,1.0,0.0,1.0,3.4345,2.4345,1.0,0.2222222222222222,0.7777777777777778,0.045454545454545456
3914f6c13e5d791ae74d9c3e12b20ef3,2b01abd0.json,evaluation,4,4,22,1.0,0.0,0.5,3.4345,2.9345,0.5,0.2222222222222222,0.2777777777777778,0.18181818181818182
8765162c735e07e77519ee2957ae0130,2b01abd0.json,evaluation,0,0,0,,,,,,,0.0,,
c0a5a89f632fd1c06faae2868d4987b9,2b01abd0.json,evaluation,0,0,0,,,,,,,0.0,,
c688c6c9ad795f9b46201df680dcc253,2b01abd0.json,evaluation,12,12,22,1.0,0.0,0.3333333333333333,3.4345,3.1011666666666664,1.0,0.2222222222222222,0.7777777777777778,0.5454545454545454
1f704e337187235fa4f4eef56634a0a1,2c0b0aff.json,evaluation,0,0,0,,,,,,,0.0,,
4362a7cbd0376a8c858d07e8c4457456,2c0b0aff.json,evaluation,0,0,0,,,,,,,0.0,,
8a466b27b24602481fcfdaccf443f561,2c0b0aff.json,evaluation,12,12,44,1.0,0.0,0.8333333333333334,9.3875,8.554166666666665,1.0,0.2222222222222222,0.7777777777777778,0.2727272727272727
9165e3cce394795ff2fba346a28d63f0,2c0b0aff.json,evaluation,0,0,0,,,,,,,0.0,,
99f2f93c1f7aa77d00a155d3d36799fe,2c0b0aff.json,evaluation,0,0,0,,,,,,,0.0,,
b299b6d6e44e2a78994686d5fd1986ec,2c0b0aff.json,evaluation,1,1,44,1.0,0.0,0.0,9.3875,9.3875,1.0,0.2222222222222222,0.7777777777777778,0.022727272727272728
1c45a8fbf105bdc045d3211c52dfc366,2c0b0aff.json,evaluation,0,0,0,,,,,,,0.0,,
14dc4a39305577979a1f8da6d1ea5d82,2c737e39.json,evaluation,1,1,10,1.0,0.0,1.0,3.4695,2.4695,1.0,0.5555555555555556,0.4444444444444444,0.1
3b2c9607d171e196b1792a419c26567e,2c737e39.json,evaluation,0,0,0,,,,,,,0.0,,
9165e3cce394795ff2fba346a28d63f0,2c737e39.json,evaluation,0,0,0,,,,,,,0.0,,
b299b6d6e44e2a78994686d5fd1986ec,2c737e39.json,evaluation,0,0,0,,,,,,,0.0,,
be6a78c8207edf9746ce9b0b105743ee,2c737e39.json,evaluation,0,0,0,,,,,,,0.0,,
f8bd63c74cf0dc6f371ab972c0e425a4,2c737e39.json,evaluation,0,0,0,,,,,,,0.0,,
fa6841f92f1803eb9ce6045e0eedf4e1,2c737e39.json,evaluation,0,0,0,,,,,,,0.0,,
1c45a8fbf105bdc045d3211c52dfc366,2c737e39.json,evaluation,0,0,0,,,,,,,0.0,,
38e93c1a7e94cb53f6f859b361649def,2f0c5170.json,evaluation,0,0,0,,,,,,,0.0,,
b084f5764068bf9ef32ffe4025b0ddcb,2f0c5170.json,evaluation,0,0,0,,,,,,,0.0,,
d33fd1151d22aab2dd159b33de481962,2f0c5170.json,evaluation,0,0,0,,,,,,,0.0,,
d7974c237593aa05a1ef4e4959984d0a,2f0c5170.json,evaluation,0,0,0,,,,,,,0.0,,
4f6606a80f772bd71d52d1306a4a387e,2f0c5170.json,evaluation,3,3,53,1.0,0.0,0.6666666666666666,7.2545,6.587833333333333,1.0,0.3333333333333333,0.6666666666666667,0.05660377358490566
7d898e556dbd357e5a2d1fabe1636f34,2f0c5170.json,evaluation,2,2,53,1.0,0.0,0.5,7.2545,6.7545,1.0,0.3333333333333333,0.6666666666666667,0.03773584905660377
ac80cfe4cceee3849d5f9d2b8939f322,2f0c5170.json,evaluation,0,0,0,,,,,,,0.0,,
606123e49e757daa3f30ec7eb9d9c42b,310f3251.json,evaluation,0,0,0,,,,,,,0.0,,
ebad54cc60122331cb4f6e6c5e7f228b,310f3251.json,evaluation,16,16,130,1.0,0.0,0.0625,0.113,0.0505,1.0,0.3333333333333333,0.6666666666666667,0.12307692307692308
11940e50c397b98ae4a0e182019e8c05,3194b014.json,evaluation,0,0,0,,,,,,,0.0,,
2c9115bb589184a6174bd6fd07d62ee4,3194b014.json,evaluation,0,0,0,,,,,,,0.0,,
2f07d9a1ef1a816d50ac96243e3ee254,3194b014.json,evaluation,0,0,0,,,,,,,0.0,,
4b9028971c4157c66c5cbc1ed323cdd4,3194b014.json,evaluation,0,0,0,,,,,,,0.0,,
92653c793e8f14b5deae23d8b8aec922,3194b014.json,evaluation,0,0,0,,,,,,,0.0,,
af0bc990572ad7f671cd7519d7f2ff93,3194b014.json,evaluation,0,0,0,,,,,,,0.0,,
c45dd49a0edcc95241fbfd05d35c9dac,3194b014.json,evaluation,0,0,0,,,,,,,0.0,,
d2893af8e9400f9d4e9f67013a7759c7,3194b014.json,evaluation,0,0,0,,,,,,,0.0,,
d479e862ecd0945ceec3ff90138b2dbf,3194b014.json,evaluation,0,0,0,,,,,,,0.0,,
e3bbc35048e72fff7279147741004602,3194b014.json,evaluation,1,0,9,,,,15.393,,,0.1111111111111111,,0.1111111111111111
14ecf0a18553649a780c0b0e5a0728cb,319f2597.json,evaluation,1,1,64,1.0,0.0,1.0,3.043,2.043,1.0,0.1111111111111111,0.8888888888888888,0.015625
196fc741bff204e58a05a2c124df683d,319f2597.json,evaluation,5,5,64,1.0,0.0,1.8,3.043,1.243,1.0,0.1111111111111111,0.8888888888888888,0.078125
5e8f778183e6397fbe51b796d4b344a0,319f2597.json,evaluation,3,3,64,1.0,0.0,2.0,3.043,1.0430000000000001,1.0,0.1111111111111111,0.8888888888888888,0.046875
7d15872c41cc983739ab2517858bd6fa,319f2597.json,evaluation,0,0,0,,,,,,,0.0,,
ce5166b2bb89c64930ed13aebabcf450,319f2597.json,evaluation,0,0,0,,,,,,,0.0,,
321b079c2d7b3969f2df7ee96c2a37e1,319f2597.json,evaluation,8,8,64,1.0,0.0,1.0,3.043,2.043,1.0,0.1111111111111111,0.8888888888888888,0.125
0db637bfccf629172dcc0166e6511c7a,31adaf00.json,evaluation,0,0,0,,,,,,,0.0,,
44ffe391e2224bb0463f064bf2f27349,31adaf00.json,evaluation,2,2,25,1.0,0.0,1.0,1.4775,0.47750000000000004,1.0,0.1111111111111111,0.8888888888888888,0.08
4a0123e5ed19ea211635267bfcc515ab,31adaf00.json,evaluation,29,29,25,1.0,0.0,2.103448275862069,1.4775,-0.6259482758620689,1.0,0.1111111111111111,0.8888888888888888,1.16
71ba58da91d2f16f8db02ab42fafe8cb,31adaf00.json,evaluation,3,3,25,1.0,0.0,1.3333333333333333,1.4775,0.14416666666666678,1.0,0.1111111111111111,0.8888888888888888,0.12
74f061a40690a0308e1ce08e88ace6ab,31adaf00.json,evaluation,21,21,25,1.0,0.0,0.0,1.4775,1.4775,0.0,0.1111111111111111,-0.1111111111111111,0.84
7dbf55b43fe003944647dece36d0a978,31adaf00.json,evaluation,0,0,0,,,,,,,0.0,,
ac41fe761e12766668e0613e4bf60e6b,31adaf00.json,evaluation,0,0,0,,,,,,,0.0,,
bd3f4063cdb6369bd70ee764acd28203,31adaf00.json,evaluation,0,0,0,,,,,,,0.0,,
f511c316a739a56f82ae31aea9d0036e,31adaf00.json,evaluation,0,0,0,,,,,,,0.0,,
f9dd04ab316c08036dd3fe261cd637d8,31adaf00.json,evaluation,0,0,0,,,,,,,0.0,,
c8e3ea259fc9d5884f572d32c4a6c55b,32e9702f.json,evaluation,4,4,88,1.0,0.0,0.0,0.124,0.124,0.0,0.2222222222222222,-0.2222222222222222,0.045454545454545456
061f06908316d683089d3a04d5004fbf,32e9702f.json,evaluation,0,0,0,,,,,,,0.0,,
a86c1bc6b2145086647aec445b41178d,32e9702f.json,evaluation,0,0,0,,,,,,,0.0,,
220e45a4666b68d110d75c566c392c1d,332efdb3.json,evaluation,4,4,96,1.0,0.0,1.0,0.2045,-0.7955,1.0,0.1111111111111111,0.8888888888888888,0.041666666666666664
61ba7e8cd7e435a5d0503af4f2dcae17,332efdb3.json,evaluation,0,0,0,,,,,,,0.0,,
7cb59d15000bddbae2eb1f359fd26640,332efdb3.json,evaluation,0,0,0,,,,,,,0.0,,
7f97df6135ce00ab31f79a95d15cf975,332efdb3.json,evaluation,0,0,0,,,,,,,0.0,,
81864705dbb475e3e228470f91499ae8,332efdb3.json,evaluation,0,0,0,,,,,,,0.0,,
9871fd1fc5522b70f41c0875f4d4df59,332efdb3.json,evaluation,2,2,96,1.0,0.0,1.0,0.2045,-0.7955,1.0,0.1111111111111111,0.8888888888888888,0.020833333333333332
abbbf404d6f48dcf9f0b5d92d711cf1d,332efdb3.json,evaluation,4,4,96,1.0,0.0,1.0,0.2045,-0.7955,1.0,0.1111111111111111,0.8888888888888888,0.041666666666666664
c2732bf30d29299b78b11adfad6cb064,332efdb3.json,evaluation,0,0,0,,,,,,,0.0,,
d879f30bab9c1ed790f380fef2ef19ca,332efdb3.json,evaluation,1,1,96,1.0,0.0,1.0,0.2045,-0.7955,1.0,0.1111111111111111,0.8888888888888888,0.010416666666666666
e90eee3ddb4aec5086322a82335e7f6a,332efdb3.json,evaluation,0,0,0,,,,,,,0.0,,
f7cbbfd88558b04419383fcfbd01e94c,332efdb3.json,evaluation,1,1,96,1.0,0.0,1.0,0.2045,-0.7955,1.0,0.1111111111111111,0.8888888888888888,0.010416666666666666
016f72a3b9f6e4bbe24390b715cd0cab,3391f8c0.json,evaluation,4,4,36,1.0,0.0,0.75,1.841,1.091,1.0,0.3333333333333333,0.6666666666666667,0.1111111111111111
456e94035d71337edbe1d0a132ef6715,3391f8c0.json,evaluation,0,0,0,,,,,,,0.0,,
aacf117c81834a690b3134ebb71c3f0c,3391f8c0.json,evaluation,7,7,36,1.0,0.0,0.0,1.841,1.841,1.0,0.3333333333333333,0.6666666666666667,0.19444444444444445
abba78303c7806354b26398ac9d6a11b,3391f8c0.json,evaluation,0,0,0,,,,,,,0.0,,
f77f4979d4ea8dab6ae57292c0062034,3391f8c0.json,evaluation,9,9,36,1.0,0.0,0.0,1.841,1.841,1.0,0.3333333333333333,0.6666666666666667,0.25
339f64950bfe7f0e28bf7f65a71f66c0,3391f8c0.json,evaluation,6,6,36,1.0,0.0,0.0,1.841,1.841,1.0,0.3333333333333333,0.6666666666666667,0.16666666666666666
e58ad5de171d11eb89acebf5ecd5872f,3391f8c0.json,evaluation,0,0,0,,,,,,,0.0,,
630a34dddd818542f2c64ff99d46ef04,3391f8c0.json,evaluation,0,0,0,,,,,,,0.0,,
38e93c1a7e94cb53f6f859b361649def,33b52de3.json,evaluation,2,2,140,1.0,0.0,1.0,1.908,0.9079999999999999,1.0,0.5555555555555556,0.4444444444444444,0.014285714285714285
51d66e51250c7b88248233ea68554716,33b52de3.json,evaluation,5,5,140,1.0,0.0,0.6,1.908,1.3079999999999998,0.8,0.5555555555555556,0.24444444444444446,0.03571428571428571
ac80cfe4cceee3849d5f9d2b8939f322,33b52de3.json,evaluation,2,2,140,1.0,0.0,1.0,1.908,0.9079999999999999,1.0,0.5555555555555556,0.4444444444444444,0.014285714285714285
b084f5764068bf9ef32ffe4025b0ddcb,33b52de3.json,evaluation,0,0,0,,,,,,,0.0,,
b876f90bbee6149f2c0e60680871ae55,33b52de3.json,evaluation,0,0,0,,,,,,,0.0,,
d49a0e573efabb13e6c578aa4a25e775,33b52de3.json,evaluation,0,0,0,,,,,,,0.0,,
d7974c237593aa05a1ef4e4959984d0a,33b52de3.json,evaluation,3,3,140,1.0,0.0,0.0,1.908,1.908,0.0,0.5555555555555556,-0.5555555555555556,0.02142857142857143
e627eeafe3e2f13d3009a49385e4975b,33b52de3.json,evaluation,17,17,140,1.0,0.0,0.7058823529411765,1.908,1.2021176470588233,0.8823529411764706,0.5555555555555556,0.326797385620915,0.12142857142857143
10184aec96d75dd148859d40a0e5b551,3490cc26.json,evaluation,1,1,50,1.0,0.0,1.0,4.972,3.9720000000000004,1.0,0.1111111111111111,0.8888888888888888,0.02
589c0b79caf0877a38d27b07bf210c47,3490cc26.json,evaluation,5,4,50,1.0,0.0,0.0,4.972,4.972,0.0,0.1111111111111111,-0.1111111111111111,0.1
ac86d7cf749c9e3506a936c458ca3f53,3490cc26.json,evaluation,0,0,0,,,,,,,0.0,,
f81b7762601877a04aebe625b5d5d411,3490cc26.json,evaluation,3,3,50,1.0,0.0,0.3333333333333333,4.972,4.638666666666667,0.3333333333333333,0.1111111111111111,0.2222222222222222,0.06
4d6d091bda9a77f7dd126a5d45bf75de,3490cc26.json,evaluation,0,0,0,,,,,,,0.0,,
1827b64de5d9e74fa3a04861d9096c5b,3490cc26.json,evaluation,0,0,0,,,,,,,0.0,,
cffb95ab91d444964dc0a0c6d565737f,3490cc26.json,evaluation,11,11,50,1.0,0.0,2.272727272727273,4.972,2.6992727272727275,1.0,0.1111111111111111,0.8888888888888888,0.22
3309d6c919af949ae4527ea208e55254,34b99a2b.json,evaluation,0,0,0,,,,,,,0.0,,
01548da004c6123b7e8050119f45462f,351d6448.json,evaluation,8,8,8,1.0,0.0,1.375,7.692,6.317,0.125,0.1111111111111111,0.013888888888888895,1.0
6cae4c0f0038c858272067585d5d6587,351d6448.json,evaluation,0,0,0,,,,,,,0.0,,
a50081e2168f81433676d6d4a60c1ed2,351d6448.json,evaluation,0,0,0,,,,,,,0.0,,
ddc8bf68f9388a1da88862705605a7e3,351d6448.json,evaluation,1,0,8,,,,7.692,,,0.1111111111111111,,0.125
0733968c0c99f8ac7d72f6e25c721164,351d6448.json,evaluation,0,0,0,,,,,,,0.0,,
11be35a6491b8e9bb0158a3da7e249bf,358ba94e.json,evaluation,0,0,0,,,,,,,0.0,,
3153c72d7fb5e86d9e60a9809df58492,358ba94e.json,evaluation,0,0,0,,,,,,,0.0,,
54f19912e09f367b26fe9463385f18f6,358ba94e.json,evaluation,0,0,0,,,,,,,0.0,,
81cdf1633c4d2b464f12a2ad628ffaeb,358ba94e.json,evaluation,2,0,11,,,,11.7385,,,0.2222222222222222,,0.18181818181818182
8bc07abf3980f0eed727ede8a11ecaf1,358ba94e.json,evaluation,0,0,0,,,,,,,0.0,,
a6903b942aeb8e3c53310c2745c22a99,358ba94e.json,evaluation,0,0,0,,,,,,,0.0,,
f965099f3b6eab10d7e28588b62f8b45,358ba94e.json,evaluation,2,0,11,,,,11.7385,,,0.2222222222222222,,0.18181818181818182
3735a2cd53c9027c23668e0327e84da3,358ba94e.json,evaluation,0,0,0,,,,,,,0.0,,
e4bae42f79445ed57408a511f96764a6,358ba94e.json,evaluation,0,0,0,,,,,,,0.0,,
3b2c9607d171e196b1792a419c26567e,37d3e8b2.json,evaluation,0,0,0,,,,,,,0.0,,
f8bd63c74cf0dc6f371ab972c0e425a4,37d3e8b2.json,evaluation,0,0,0,,,,,,,0.0,,
01b14747ad84d6e0dfa8995f26d9c3c8,3979b1a8.json,evaluation,0,0,0,,,,,,,0.0,,
2e819873fe470fdad3db2cba01ff0890,3979b1a8.json,evaluation,1,1,75,1.0,0.0,1.0,0.5375,-0.4625,0.0,0.3333333333333333,-0.3333333333333333,0.013333333333333334
46b6fdc5a6de3d2dbf4e73e721417079,3979b1a8.json,evaluation,0,0,0,,,,,,,0.0,,
e32feee5a511aaec1cda3e525ea927f6,3979b1a8.json,evaluation,22,22,75,1.0,0.0,0.5454545454545454,0.5375,-0.007954545454545436,0.8636363636363636,0.3333333333333333,0.5303030303030303,0.29333333333333333
ec447777820844f233cfad91932b0891,3979b1a8.json,evaluation,9,9,75,1.0,0.0,0.1111111111111111,0.5375,0.4263888888888889,1.0,0.3333333333333333,0.6666666666666667,0.12
1e7a1218dc842f00fac3c13eb8e14522,3979b1a8.json,evaluation,0,0,0,,,,,,,0.0,,
2bcb8cb9bd6673f397cbe0857b4b625d,3979b1a8.json,evaluation,0,0,0,,,,,,,0.0,,
047a5f031e5d7bfa6c2eb039ceab439b,3a301edc.json,evaluation,0,0,0,,,,,,,0.0,,
827fcb126401a726d5ba020f0a96295c,3a301edc.json,evaluation,0,0,0,,,,,,,0.0,,
b1dd70c300102337b9df2b3086aa8513,3a301edc.json,evaluation,0,0,0,,,,,,,0.0,,
bc161afc811daae14682622634baf3cc,3a301edc.json,evaluation,2,2,160,1.0,0.0,1.0,2.04,1.04,1.0,0.1111111111111111,0.8888888888888888,0.0125
c87a16f4d930198dace3602d82d35174,3a301edc.json,evaluation,0,0,0,,,,,,,0.0,,
d9fa6afaa8136db88c1341008caeed55,3a301edc.json,evaluation,0,0,0,,,,,,,0.0,,
0489e0eb67afbec67923afd52d99197f,3a301edc.json,evaluation,0,0,0,,,,,,,0.0,,
872aef59f1f16e0fa42ca7847dfd5b91,3a301edc.json,evaluation,0,0,0,,,,,,,0.0,,
07a533a48f36b4553b23b2bf7ba1ff5b,3b4c2228.json,evaluation,0,0,0,,,,,,,0.0,,
779e6ee0c568da822cafe17ab1a282a1,3b4c2228.json,evaluation,0,0,0,,,,,,,0.0,,
8765162c735e07e77519ee2957ae0130,3b4c2228.json,evaluation,0,0,0,,,,,,,0.0,,
903799d209d9b13f9201be9a840268d3,3b4c2228.json,evaluation,0,0,0,,,,,,,0.0,,
db42f55edd1506194541fdfdecc42022,3b4c2228.json,evaluation,1,1,5,1.0,0.0,0.0,2.7895,2.7895,1.0,0.2222222222222222,0.7777777777777778,0.2
f9e09165f1e1ff303e547946790fc10e,3b4c2228.json,evaluation,0,0,0,,,,,,,0.0,,
fceab3c5c488920b73c056c607039100,3b4c2228.json,evaluation,2,0,5,,,,2.7895,,,0.2222222222222222,,0.4
09e70c7c303109bb3ff791b719691196,3b4c2228.json,evaluation,0,0,0,,,,,,,0.0,,
c0a5a89f632fd1c06faae2868d4987b9,3b4c2228.json,evaluation,0,0,0,,,,,,,0.0,,
cd4cafb583a55ba4934a60088dcafbb8,3b4c2228.json,evaluation,0,0,0,,,,,,,0.0,,
6df80b010e6436a7e7c2e8cdef870cc1,3b4c2228.json,evaluation,0,0,0,,,,,,,0.0,,
db91b9e344008a52f813226b97f24daf,3b4c2228.json,evaluation,0,0,0,,,,,,,0.0,,
ef3ae2d9b3cce05442698962a0a96f2b,3d31c5b3.json,evaluation,1,1,8,1.0,0.0,0.0,4.4985,4.4985,1.0,0.3333333333333333,0.6666666666666667,0.125
09662d8592626fbd195e5476d4fdfec4,3d31c5b3.json,evaluation,0,0,0,,,,,,,0.0,,
959b8033692f6ea4dfa0ce3e7f4b78e7,3d31c5b3.json,evaluation,1,1,8,1.0,0.0,1.0,4.4985,3.4985,1.0,0.3333333333333333,0.6666666666666667,0.125
946921a424c8933f4299722716f004cc,3ed85e70.json,evaluation,11,11,26,1.0,0.0,10.181818181818182,6.866,-3.315818181818182,1.0,0.5555555555555556,0.4444444444444444,0.4230769230769231
2543f914d417e667bd16f48977aca15c,3ed85e70.json,evaluation,0,0,0,,,,,,,0.0,,
f2779ef16608a0d77f72c514e33615a9,3ed85e70.json,evaluation,0,0,0,,,,,,,0.0,,
061f06908316d683089d3a04d5004fbf,3ee1011a.json,evaluation,189,189,49,1.0,0.0,8.275132275132275,11.146,2.8708677248677255,0.9947089947089947,0.4444444444444444,0.5502645502645502,3.857142857142857
0f8005a82b8e363ee5f7144f2954c781,3ee1011a.json,evaluation,26,23,49,1.0,0.0,0.0,11.146,11.146,1.0,0.4444444444444444,0.5555555555555556,0.5306122448979592
56ffe79946d05cbc61e214cb5dc32712,3ee1011a.json,evaluation,0,0,0,,,,,,,0.0,,
7be9b6be01cbd287b00b5b1b0093cc25,3ee1011a.json,evaluation,1,1,49,1.0,0.0,0.0,11.146,11.146,0.0,0.4444444444444444,-0.4444444444444444,0.02040816326530612
a04c36c444bcaadd7704fd306699abc3,3ee1011a.json,evaluation,2,0,49,,,,11.146,,,0.4444444444444444,,0.04081632653061224
ad6a5a3e81e09efe941aa436de006d74,3ee1011a.json,evaluation,9,9,49,1.0,0.0,0.0,11.146,11.146,1.0,0.4444444444444444,0.5555555555555556,0.1836734693877551
b307b18350144a13c42b141bf4fc06f2,3ee1011a.json,evaluation,0,0,0,,,,,,,0.0,,
c8e3ea259fc9d5884f572d32c4a6c55b,3ee1011a.json,evaluation,0,0,0,,,,,,,0.0,,
e73c7157dd3925417b8059ee0acfb0cb,3ee1011a.json,evaluation,0,0,0,,,,,,,0.0,,
bd2a9c03930265f3c0e0111145fc8cd2,3ee1011a.json,evaluation,25,24,49,1.0,0.0,0.0,11.146,11.146,0.9583333333333334,0.4444444444444444,0.513888888888889,0.5102040816326531
f8902ebc197cfdf036d9b50ea40e03b4,3ee1011a.json,evaluation,0,0,0,,,,,,,0.0,,
41c0cc594aeffc50a287e810ffcb237d,3f23242b.json,evaluation,0,0,0,,,,,,,0.0,,
584d3aef89ffda3b36192a0990504ffb,3f23242b.json,evaluation,9,9,93,1.0,0.0,0.7777777777777778,1.2065,0.4287222222222221,1.0,0.3333333333333333,0.6666666666666667,0.0967741935483871
a3dc20c67e1b1467bc47995a784ba5b2,3f23242b.json,evaluation,8,8,93,1.0,0.0,0.5,1.2065,0.7064999999999999,1.0,0.3333333333333333,0.6666666666666667,0.08602150537634409
ee4d1eccbc458eb60a8ceb58bdde1aea,3f23242b.json,evaluation,12,12,93,1.0,0.0,0.6666666666666666,1.2065,0.5398333333333333,1.0,0.3333333333333333,0.6666666666666667,0.12903225806451613
33cbb08484f0da7057d877b780bfc2c8,414297c0.json,evaluation,3,2,130,1.0,0.0,0.0,7.973,7.973,1.0,0.7777777777777778,0.2222222222222222,0.023076923076923078
7cee7e6def0ca60e707c6af790e107ff,414297c0.json,evaluation,3,3,130,1.0,0.0,0.0,7.973,7.973,1.0,0.7777777777777778,0.2222222222222222,0.023076923076923078
7d771c47bb98bafff9cb8375252009b0,414297c0.json,evaluation,0,0,0,,,,,,,0.0,,
c514a634a2be9e746d9fe29579796530,414297c0.json,evaluation,1,1,130,1.0,0.0,1.0,7.973,6.973,1.0,0.7777777777777778,0.2222222222222222,0.007692307692307693
d2893af8e9400f9d4e9f67013a7759c7,414297c0.json,evaluation,3,2,130,1.0,0.0,0.0,7.973,7.973,1.0,0.7777777777777778,0.2222222222222222,0.023076923076923078
c45dd49a0edcc95241fbfd05d35c9dac,414297c0.json,evaluation,1,1,130,1.0,0.0,0.0,7.973,7.973,1.0,0.7777777777777778,0.2222222222222222,0.007692307692307693
d21e5568ac340f74febf26db99399512,423a55dc.json,evaluation,4,4,29,0.0,1.0,3.5,1.9025,-1.5975,1.0,0.2222222222222222,0.7777777777777778,0.13793103448275862
ee67360c387825a516bd0dfd39034357,423a55dc.json,evaluation,0,0,0,,,,,,,0.0,,
456e94035d71337edbe1d0a132ef6715,42918530.json,evaluation,3,3,28,1.0,0.0,1.0,5.685,4.685,1.0,0.4444444444444444,0.5555555555555556,0.10714285714285714
8774b97b624a2f8efe72e5e1dbe6e8a3,42918530.json,evaluation,4,4,28,1.0,0.0,5.75,5.685,-0.06500000000000039,0.5,0.4444444444444444,0.05555555555555558,0.14285714285714285
aacf117c81834a690b3134ebb71c3f0c,42918530.json,evaluation,0,0,0,,,,,,,0.0,,
abba78303c7806354b26398ac9d6a11b,42918530.json,evaluation,0,0,0,,,,,,,0.0,,
b0f00a4158dcae3b1ce52bd4a2f1053e,42918530.json,evaluation,46,46,28,1.0,0.0,1.1521739130434783,5.685,4.532826086956521,1.0,0.4444444444444444,0.5555555555555556,1.6428571428571428
e58ad5de171d11eb89acebf5ecd5872f,42918530.json,evaluation,1,1,28,1.0,0.0,1.0,5.685,4.685,1.0,0.4444444444444444,0.5555555555555556,0.03571428571428571
f77f4979d4ea8dab6ae57292c0062034,42918530.json,evaluation,0,0,0,,,,,,,0.0,,
f9acce8e4d6ea537ed509582aace6421,42918530.json,evaluation,0,0,0,,,,,,,0.0,,
d0ee85c0b43db444e48d54349c6398fe,42a15761.json,evaluation,1,0,8,,,,3.581,,,0.2222222222222222,,0.125
dee44429d3c4fc0960895b08e8401f49,42a15761.json,evaluation,12,12,8,1.0,0.0,3.9166666666666665,3.581,-0.33566666666666656,1.0,0.2222222222222222,0.7777777777777778,1.5
f750fd81cb7ef2e061d0d7a92ab29f86,42a15761.json,evaluation,0,0,0,,,,,,,0.0,,
7194aaa036fc80278e111edaf4434e6d,4364c1c4.json,evaluation,0,0,0,,,,,,,0.0,,
a18f3ff130e053f374ad414ce141ec37,4364c1c4.json,evaluation,1,1,20,1.0,0.0,2.0,2.693,0.6930000000000001,1.0,0.4444444444444444,0.5555555555555556,0.05
c8ef0f9ea0027fe9e7fb9dcb5086cb4c,4364c1c4.json,evaluation,5,5,20,1.0,0.0,1.2,2.693,1.493,0.0,0.4444444444444444,-0.4444444444444444,0.25
1a60b90e2a9c90b100e915adfdf7907e,4364c1c4.json,evaluation,0,0,0,,,,,,,0.0,,
3e17c4202c51be7155b477219e81c201,456873bc.json,evaluation,14,14,84,1.0,0.0,0.07142857142857142,2.1635,2.0920714285714284,1.0,0.3333333333333333,0.6666666666666667,0.16666666666666666
b113707832b4427b82e2d5be29714f93,456873bc.json,evaluation,2,2,84,1.0,0.0,1.0,2.1635,1.1635,1.0,0.3333333333333333,0.6666666666666667,0.023809523809523808
eff6fb3710e6159fa50760416db05c49,456873bc.json,evaluation,21,21,84,1.0,0.0,0.6190476190476191,2.1635,1.544452380952381,1.0,0.3333333333333333,0.6666666666666667,0.25
220b6df09c1946d97c745853a58fef5a,45737921.json,evaluation,3,3,18,1.0,0.0,0.0,1.4965,1.4965,1.0,0.4444444444444444,0.5555555555555556,0.16666666666666666
3b14d33521f80ad0e41cafb264b84b2a,45737921.json,evaluation,0,0,0,,,,,,,0.0,,
6e2189e92f7f0ae9a66d68a5f88f843e,45737921.json,evaluation,1,1,18,1.0,0.0,1.0,1.4965,0.49649999999999994,1.0,0.4444444444444444,0.5555555555555556,0.05555555555555555
741961b6973486e602c62c5c9dd6423e,45737921.json,evaluation,3,3,18,1.0,0.0,0.0,1.4965,1.4965,0.0,0.4444444444444444,-0.4444444444444444,0.16666666666666666
ebab84c6669aef5fa8cae0f12cbe7772,45737921.json,evaluation,6,6,18,1.0,0.0,0.3333333333333333,1.4965,1.1631666666666667,0.3333333333333333,0.4444444444444444,-0.1111111111111111,0.3333333333333333
edb03278d652246aa74a5c40cb565499,45737921.json,evaluation,0,0,0,,,,,,,0.0,,
f2779ef16608a0d77f72c514e33615a9,45737921.json,evaluation,2,2,18,1.0,0.0,0.5,1.4965,0.9964999999999999,0.5,0.4444444444444444,0.05555555555555558,0.1111111111111111
f750fd81cb7ef2e061d0d7a92ab29f86,45737921.json,evaluation,0,0,0,,,,,,,0.0,,
349d16f4d495ff341055805d01794d49,45737921.json,evaluation,0,0,0,,,,,,,0.0,,
30506bdc79edf4f02178e8b5b76af6f6,45bbe264.json,evaluation,17,17,78,1.0,0.0,0.47058823529411764,0.8175,0.34691176470588236,0.9411764705882353,0.4444444444444444,0.49673202614379086,0.21794871794871795
6cdf54813a69b67da14207f230a2aab6,45bbe264.json,evaluation,0,0,0,,,,,,,0.0,,
996647c2a8d40c357fecec3ef398ad12,45bbe264.json,evaluation,13,13,78,1.0,0.0,0.07692307692307693,0.8175,0.740576923076923,1.0,0.4444444444444444,0.5555555555555556,0.16666666666666666
9f390b8dad3cf9fc6e0e7ca2a17cb330,45bbe264.json,evaluation,6,6,78,1.0,0.0,0.0,0.8175,0.8175,1.0,0.4444444444444444,0.5555555555555556,0.07692307692307693
a30504425c72f5338fc70bf08c252ffe,45bbe264.json,evaluation,8,8,78,1.0,0.0,0.625,0.8175,0.1925,1.0,0.4444444444444444,0.5555555555555556,0.10256410256410256
a4085434c62979fad818d95c4e4bf236,45bbe264.json,evaluation,9,9,78,1.0,0.0,0.5555555555555556,0.8175,0.2619444444444444,1.0,0.4444444444444444,0.5555555555555556,0.11538461538461539
d0d3e1c084f6aa86ad1e581a5a116383,45bbe264.json,evaluation,0,0,0,,,,,,,0.0,,
f261f25a58a8696d975a166182c27f60,45bbe264.json,evaluation,0,0,0,,,,,,,0.0,,
73ef0bff53b1d9b78085993e94555ff8,45bbe264.json,evaluation,0,0,0,,,,,,,0.0,,
b1c73d948746d5ebf85e18e23fcdfc3c,45bbe264.json,evaluation,0,0,0,,,,,,,0.0,,
5fd2d77447da55099ae2b1f7516381e4,477d2879.json,evaluation,1,1,163,1.0,0.0,1.0,0.034,-0.966,0.0,0.6666666666666666,-0.6666666666666666,0.006134969325153374
6eac2bf647c9865ab25005cdd9515a6e,477d2879.json,evaluation,0,0,0,,,,,,,0.0,,
77944c15c764515d5eabaf7f254702f7,477d2879.json,evaluation,0,0,0,,,,,,,0.0,,
95f395373062c6d5bf2c4eb15b3235f1,477d2879.json,evaluation,0,0,0,,,,,,,0.0,,
e798a88cc39cab3c1a9c27d4927a17bf,477d2879.json,evaluation,0,0,0,,,,,,,0.0,,
4e3ca0764ffcc18f51502e8e6f5e8085,477d2879.json,evaluation,0,0,0,,,,,,,0.0,,
586c7221695ddfe9983486294ca80a9d,477d2879.json,evaluation,0,0,0,,,,,,,0.0,,
b6c5af393c5f0201301445911c2c2766,477d2879.json,evaluation,5,5,163,1.0,0.0,0.0,0.034,0.034,1.0,0.6666666666666666,0.33333333333333337,0.03067484662576687
cb33a8dc274e1544aefb465412fb5e1b,477d2879.json,evaluation,0,0,0,,,,,,,0.0,,
e798a88cc39cab3c1a9c27d4927a17bf,47996f11.json,evaluation,12,12,142,1.0,0.0,0.16666666666666666,4.063,3.896333333333333,1.0,0.8888888888888888,0.11111111111111116,0.08450704225352113
04164d933be281d11a3031df607bbb8d,48131b3c.json,evaluation,1,1,64,1.0,0.0,0.0,0.0,0.0,1.0,0.2222222222222222,0.7777777777777778,0.015625
226d2c2d63e98111e3bdd51f507595fd,48131b3c.json,evaluation,7,7,64,1.0,0.0,0.0,0.0,0.0,1.0,0.2222222222222222,0.7777777777777778,0.109375
be6a78c8207edf9746ce9b0b105743ee,48131b3c.json,evaluation,5,5,64,1.0,0.0,0.0,0.0,0.0,0.0,0.2222222222222222,-0.2222222222222222,0.078125
f8bd63c74cf0dc6f371ab972c0e425a4,48131b3c.json,evaluation,0,0,0,,,,,,,0.0,,
3b2c9607d171e196b1792a419c26567e,48131b3c.json,evaluation,2,2,64,1.0,0.0,0.0,0.0,0.0,1.0,0.2222222222222222,0.7777777777777778,0.03125
fa6841f92f1803eb9ce6045e0eedf4e1,48131b3c.json,evaluation,3,3,64,1.0,0.0,0.0,0.0,0.0,0.3333333333333333,0.2222222222222222,0.1111111111111111,0.046875
39460f7c2eccf4cbdcc48e9ac437a78c,4852f2fa.json,evaluation,0,0,0,,,,,,,0.0,,
9d59909ef96797ce6de5397369f065a2,4852f2fa.json,evaluation,0,0,0,,,,,,,0.0,,
f8e9aaf9483e478e6bd17dde846b79ae,4852f2fa.json,evaluation,0,0,0,,,,,,,0.0,,
7be1eef5e5815c6e5c4938fcf17c5d27,4852f2fa.json,evaluation,0,0,0,,,,,,,0.0,,
630a34dddd818542f2c64ff99d46ef04,48f8583b.json,evaluation,4,4,81,1.0,0.0,0.0,0.0,0.0,1.0,0.3333333333333333,0.6666666666666667,0.04938271604938271
b1a05b5aea1ebd7edd961d77ae8edd68,48f8583b.json,evaluation,0,0,0,,,,,,,0.0,,
c5a2bbe7ee11b48e8c8019f9b0fa9032,48f8583b.json,evaluation,1,1,81,1.0,0.0,0.0,0.0,0.0,1.0,0.3333333333333333,0.6666666666666667,0.012345679012345678
f20663db8af6261da77b77cfd092b64c,48f8583b.json,evaluation,1,1,81,1.0,0.0,0.0,0.0,0.0,1.0,0.3333333333333333,0.6666666666666667,0.012345679012345678
417872c1697437be64b548462d05743d,48f8583b.json,evaluation,5,5,81,1.0,0.0,0.0,0.0,0.0,1.0,0.3333333333333333,0.6666666666666667,0.06172839506172839
456e94035d71337edbe1d0a132ef6715,48f8583b.json,evaluation,0,0,0,,,,,,,0.0,,
1992b5f3fff2b740bec6422404ec0fd1,4aab4007.json,evaluation,0,0,0,,,,,,,0.0,,
b9038fbf53e1925bee0bc00b49663527,4aab4007.json,evaluation,0,0,0,,,,,,,0.0,,
c87a16f4d930198dace3602d82d35174,4aab4007.json,evaluation,5,5,126,1.0,0.0,0.0,5.0055,5.0055,1.0,0.6666666666666666,0.33333333333333337,0.03968253968253968
e2de7b05ed553c5462622523721ef0fc,4aab4007.json,evaluation,0,0,0,,,,,,,0.0,,
10a301cb307b863eb88559a229b1ad30,4acc7107.json,evaluation,0,0,0,,,,,,,0.0,,
30cc3c16ae3d34dcd7fe8e59b4aedf33,4acc7107.json,evaluation,16,16,43,1.0,0.0,0.4375,0.739,0.3015,1.0,0.3333333333333333,0.6666666666666667,0.37209302325581395
4d51a0637f7cbee1dc9d189d2d37fa9b,4acc7107.json,evaluation,0,0,0,,,,,,,0.0,,
a3d80780a7921b5ef3143ba10c348c77,4acc7107.json,evaluation,2,2,43,1.0,0.0,1.0,0.739,-0.261,1.0,0.3333333333333333,0.6666666666666667,0.046511627906976744
ce821ea8d58864dc3a963e482f011ab1,4acc7107.json,evaluation,0,0,0,,,,,,,0.0,,
d231f7557ee47ca095c503834919a5b2,4acc7107.json,evaluation,4,4,43,1.0,0.0,0.25,0.739,0.489,1.0,0.3333333333333333,0.6666666666666667,0.09302325581395349
03bfaef98653a09ed8aa8e08de334120,4b6b68e5.json,evaluation,2,2,150,1.0,0.0,0.5,1.6055,1.1055,1.0,0.4444444444444444,0.5555555555555556,0.013333333333333334
09e70c7c303109bb3ff791b719691196,4b6b68e5.json,evaluation,1,1,150,1.0,0.0,1.0,1.6055,0.6054999999999999,1.0,0.4444444444444444,0.5555555555555556,0.006666666666666667
24fad1450785f194be0dba1ea99b0d58,4b6b68e5.json,evaluation,0,0,0,,,,,,,0.0,,
4e8e8c24ddd302468d2dd8356dfb057f,4b6b68e5.json,evaluation,0,0,0,,,,,,,0.0,,
550461f653c1c4c65cf40815dd77ec86,4b6b68e5.json,evaluation,8,8,150,1.0,0.0,0.0,1.6055,1.6055,1.0,0.4444444444444444,0.5555555555555556,0.05333333333333334
7426449648c92ad3972bf2c82e51c530,4b6b68e5.json,evaluation,26,26,150,1.0,0.0,1.3846153846153846,1.6055,0.22088461538461535,0.7692307692307693,0.4444444444444444,0.32478632478632485,0.17333333333333334
779e6ee0c568da822cafe17ab1a282a1,4b6b68e5.json,evaluation,2,2,150,1.0,0.0,1.5,1.6055,0.10549999999999993,0.0,0.4444444444444444,-0.4444444444444444,0.013333333333333334
903799d209d9b13f9201be9a840268d3,4b6b68e5.json,evaluation,0,0,0,,,,,,,0.0,,
db42f55edd1506194541fdfdecc42022,4b6b68e5.json,evaluation,0,0,0,,,,,,,0.0,,
ddbb5541fe47fbe6167f4209a2a5a9ec,4b6b68e5.json,evaluation,0,0,0,,,,,,,0.0,,
e0869dd63f8f2aa5ee0f3ba740e28e25,4b6b68e5.json,evaluation,0,0,0,,,,,,,0.0,,
f9e09165f1e1ff303e547946790fc10e,4b6b68e5.json,evaluation,0,0,0,,,,,,,0.0,,
6941f78fb5c5781aff81a1df88b778e4,4c177718.json,evaluation,0,0,0,,,,,,,0.0,,
6d064862350fa4c0d214dcb1723ca20b,4c177718.json,evaluation,0,0,0,,,,,,,0.0,,
7194aaa036fc80278e111edaf4434e6d,4c177718.json,evaluation,0,0,0,,,,,,,0.0,,
813ea00524540ecdf3e4dbfae3d15ff9,4c177718.json,evaluation,1,1,39,1.0,0.0,0.0,3.161,3.161,1.0,0.3333333333333333,0.6666666666666667,0.02564102564102564
943d8dbc201e4300a221e78232c4184d,4c177718.json,evaluation,0,0,0,,,,,,,0.0,,
bb1525feb89505067c56998f566ee15f,4c177718.json,evaluation,2,2,39,1.0,0.0,0.5,3.161,2.661,1.0,0.3333333333333333,0.6666666666666667,0.05128205128205128
1a60b90e2a9c90b100e915adfdf7907e,4c177718.json,evaluation,0,0,0,,,,,,,0.0,,
6652110f2b4b2e7355ada3fbc645c36d,4c177718.json,evaluation,0,0,0,,,,,,,0.0,,
220e45a4666b68d110d75c566c392c1d,4cd1b7b2.json,evaluation,0,0,0,,,,,,,0.0,,
243a2345062cd197caa1efb40e2b348d,4cd1b7b2.json,evaluation,0,0,0,,,,,,,0.0,,
4b9ff461bcb8a879552b1f91fafae97c,4cd1b7b2.json,evaluation,0,0,0,,,,,,,0.0,,
4e55aeaef27c28f7e20887088021ee13,4cd1b7b2.json,evaluation,0,0,0,,,,,,,0.0,,
e90eee3ddb4aec5086322a82335e7f6a,4cd1b7b2.json,evaluation,1,1,6,1.0,0.0,1.0,0.671,-0.32899999999999996,1.0,0.4444444444444444,0.5555555555555556,0.16666666666666666
7f97df6135ce00ab31f79a95d15cf975,4cd1b7b2.json,evaluation,0,0,0,,,,,,,0.0,,
151891d80ec95e0a0c0f39c51d2190ee,4e45f183.json,evaluation,4,4,60,1.0,0.0,1.0,1.7795,0.7795000000000001,1.0,0.2222222222222222,0.7777777777777778,0.06666666666666667
22fabcb92d8909e75c71f892ca2a586f,4e45f183.json,evaluation,87,87,60,1.0,0.0,2.2413793103448274,1.7795,-0.4618793103448273,0.9425287356321839,0.2222222222222222,0.7203065134099617,1.45
321e3d81541294c87333ccb756e65f39,4e45f183.json,evaluation,0,0,0,,,,,,,0.0,,
b3db9a298f8104617b83fd723397f2ab,4e45f183.json,evaluation,0,0,0,,,,,,,0.0,,
dbf5aed4e58be81e9bafd9c17fceb3ca,4e45f183.json,evaluation,16,16,60,1.0,0.0,1.625,1.7795,0.15450000000000008,0.875,0.2222222222222222,0.6527777777777778,0.26666666666666666
ce9463c8493edfde34bc479caa2cb518,4e45f183.json,evaluation,9,9,60,1.0,0.0,1.1111111111111112,1.7795,0.6683888888888889,1.0,0.2222222222222222,0.7777777777777778,0.15
d38ecc91a9958a2f70288d914fa28416,4e45f183.json,evaluation,23,23,60,1.0,0.0,1.173913043478261,1.7795,0.6055869565217391,1.0,0.2222222222222222,0.7777777777777778,0.38333333333333336
c926df77eb0e5df2def7da3c45ade105,4e45f183.json,evaluation,0,0,0,,,,,,,0.0,,
0b254893a295ece893cdd8636be52a1d,4e469f39.json,evaluation,12,12,20,1.0,0.0,0.08333333333333333,1.7485,1.6651666666666667,0.08333333333333333,0.1111111111111111,-0.027777777777777776,0.6
36e70b94673e5e6ff398e8bc4f03fd6e,4e469f39.json,evaluation,0,0,0,,,,,,,0.0,,
438869b4b8c8f0807b49d59c14fac9f0,4e469f39.json,evaluation,0,0,0,,,,,,,0.0,,
5ae8e010fa7131d68bf06a6c292de5a4,4e469f39.json,evaluation,0,0,0,,,,,,,0.0,,
6f0ba5f592fb78479d58cec3b9da61fc,4e469f39.json,evaluation,0,0,0,,,,,,,0.0,,
70bede4f0e30b81edc263f0bf579823c,4e469f39.json,evaluation,1,1,20,1.0,0.0,1.0,1.7485,0.7484999999999999,1.0,0.1111111111111111,0.8888888888888888,0.05
78f250b802788bb009a6057c3c99efac,4e469f39.json,evaluation,0,0,0,,,,,,,0.0,,
c5856559bbd16f21173110221a814708,4e469f39.json,evaluation,0,0,0,,,,,,,0.0,,
250546e277f16ce2707da7ed5a9f2218,4e469f39.json,evaluation,0,0,0,,,,,,,0.0,,
aecc2e37e95ebf4759e194e425b3be4a,4e469f39.json,evaluation,0,0,0,,,,,,,0.0,,
d2760dfd26b324ec50340ef21c20c924,4e469f39.json,evaluation,0,0,0,,,,,,,0.0,,
3070dc728d89aeb34d7e5a77db586f99,4f537728.json,evaluation,0,0,0,,,,,,,0.0,,
33105e3c97a30a7c3f3cf637d0c96d82,4f537728.json,evaluation,0,0,0,,,,,,,0.0,,
9e412766c472f62248cc8fa7854e324c,4f537728.json,evaluation,0,0,0,,,,,,,0.0,,
c4237eaed664740f7a1df473e1677a38,4f537728.json,evaluation,1,1,46,1.0,0.0,1.0,3.4805,2.4805,1.0,0.1111111111111111,0.8888888888888888,0.021739130434782608
d5db4210c1605dabeff34375d5110251,4f537728.json,evaluation,0,0,0,,,,,,,0.0,,
e11a1d3b67da2497ef3613c8e4c3f8f3,4f537728.json,evaluation,2,2,46,1.0,0.0,0.0,3.4805,3.4805,0.0,0.1111111111111111,-0.1111111111111111,0.043478260869565216
e6d2382020caac16d5c4ed244c6eff77,4f537728.json,evaluation,0,0,0,,,,,,,0.0,,
df6bfc26960d17d92e844f76241c38fa,4f537728.json,evaluation,0,0,0,,,,,,,0.0,,
7ed201b49e6945af478bad95e991d069,4f537728.json,evaluation,0,0,0,,,,,,,0.0,,
17d6ce7949b7bef3d02e19b0d67d5827,505fff84.json,evaluation,0,0,0,,,,,,,0.0,,
1c3b14b74af8df037eda2ba23cf3dfb6,505fff84.json,evaluation,0,0,0,,,,,,,0.0,,
7ed9ec4ca6d7e3c4e2289d79a830eed3,505fff84.json,evaluation,0,0,0,,,,,,,0.0,,
94429685609eff92151b8874bd15e9f4,505fff84.json,evaluation,0,0,0,,,,,,,0.0,,
2ff05bff38f2b716ce7a977cfa74c3f6,506d28a5.json,evaluation,1,0,14,,,,1.951,,,0.1111111111111111,,0.07142857142857142
3a84dd63123259557525a0f484b1f7e7,506d28a5.json,evaluation,1,1,14,1.0,0.0,1.0,1.951,0.9510000000000001,1.0,0.1111111111111111,0.8888888888888888,0.07142857142857142
ac8584fe7ee7ced9afbca397b7fea858,506d28a5.json,evaluation,18,17,14,1.0,0.0,2.0588235294117645,1.951,-0.10782352941176443,1.0,0.1111111111111111,0.8888888888888888,1.2857142857142858
40436491ac6caed6ca37e8c9517b62f1,50a16a69.json,evaluation,0,0,0,,,,,,,0.0,,
f556f2eec158ab76686500c825abee59,50a16a69.json,evaluation,9,9,36,1.0,0.0,0.0,0.0,0.0,0.0,0.2222222222222222,-0.2222222222222222,0.25
4b05540b3e746892de5fe7c361005aef,50a16a69.json,evaluation,0,0,0,,,,,,,0.0,,
cc47e8a96435b859a8a3d3084ac75b39,50a16a69.json,evaluation,0,0,0,,,,,,,0.0,,
d16cd9b08bf76b69e2f5bad23c072223,50a16a69.json,evaluation,0,0,0,,,,,,,0.0,,
2049195aadec03fb126c94e51a205503,50aad11f.json,evaluation,0,0,0,,,,,,,0.0,,
6f56a4b8b2038318a5bdfe2e306fe5c6,50aad11f.json,evaluation,0,0,0,,,,,,,0.0,,
bf167e6414bc6611aea2f6097b1e076a,50aad11f.json,evaluation,2,2,29,1.0,0.0,1.0,5.3735,4.3735,1.0,0.4444444444444444,0.5555555555555556,0.06896551724137931
dd9faeecf8484584e9cebc4c7a39d0a2,50aad11f.json,evaluation,0,0,0,,,,,,,0.0,,
e779655873b4a8c753d645d581485da2,50aad11f.json,evaluation,0,0,0,,,,,,,0.0,,
79a2fe714f7a69290a38a4a4fd6fb006,50aad11f.json,evaluation,0,0,0,,,,,,,0.0,,
c88e554adf9bf61b60c55255e96e6dd3,50f325b5.json,evaluation,0,0,0,,,,,,,0.0,,
01548da004c6123b7e8050119f45462f,516b51b7.json,evaluation,0,0,0,,,,,,,0.0,,
0733968c0c99f8ac7d72f6e25c721164,516b51b7.json,evaluation,4,4,69,1.0,0.0,0.0,1.691,1.691,1.0,0.2222222222222222,0.7777777777777778,0.057971014492753624
1b696eeb3e06afd4fced5ea50d395fc7,516b51b7.json,evaluation,17,17,69,1.0,0.0,0.0,1.691,1.691,0.9411764705882353,0.2222222222222222,0.7189542483660131,0.2463768115942029
a50081e2168f81433676d6d4a60c1ed2,516b51b7.json,evaluation,4,4,69,1.0,0.0,0.75,1.691,0.9410000000000001,1.0,0.2222222222222222,0.7777777777777778,0.057971014492753624
ddc8bf68f9388a1da88862705605a7e3,516b51b7.json,evaluation,2,2,69,1.0,0.0,0.0,1.691,1.691,1.0,0.2222222222222222,0.7777777777777778,0.028985507246376812
9facabfec5d6f5ee0581a2348b1b7797,516b51b7.json,evaluation,0,0,0,,,,,,,0.0,,
6cae4c0f0038c858272067585d5d6587,516b51b7.json,evaluation,0,0,0,,,,,,,0.0,,
6d59aa4fc7c2e2d43445efbb8ce32e89,5207a7b5.json,evaluation,0,0,0,,,,,,,0.0,,
8774b97b624a2f8efe72e5e1dbe6e8a3,5207a7b5.json,evaluation,0,0,0,,,,,,,0.0,,
f9acce8e4d6ea537ed509582aace6421,5207a7b5.json,evaluation,7,7,42,1.0,0.0,1.0,2.626,1.626,0.0,0.2222222222222222,-0.2222222222222222,0.16666666666666666
b0f00a4158dcae3b1ce52bd4a2f1053e,5207a7b5.json,evaluation,1,1,42,1.0,0.0,1.0,2.626,1.626,1.0,0.2222222222222222,0.7777777777777778,0.023809523809523808
f352a608948d733b8c770751e445eea4,5207a7b5.json,evaluation,0,0,0,,,,,,,0.0,,
02ad8d6da21df831c0abfe9feba1e860,5289ad53.json,evaluation,0,0,0,,,,,,,0.0,,
2571cd5a61bc2d73f859cf55bc3b9ecf,5289ad53.json,evaluation,0,0,0,,,,,,,0.0,,
4f7eb3cf01d06791eadea919fafb8906,5289ad53.json,evaluation,2,1,6,1.0,0.0,0.0,8.9695,8.9695,1.0,0.2222222222222222,0.7777777777777778,0.3333333333333333
3e30380dff8c114cb6883ed54c23cc6b,5289ad53.json,evaluation,1,1,6,1.0,0.0,0.0,8.9695,8.9695,1.0,0.2222222222222222,0.7777777777777778,0.16666666666666666
8d8de5bfd373768165aee20ea7f452d0,5289ad53.json,evaluation,0,0,0,,,,,,,0.0,,
d496275b72ccd376081880a28a6b3937,5289ad53.json,evaluation,0,0,0,,,,,,,0.0,,
6420cc775271a5cf010b961e32c8f7d6,52fd389e.json,evaluation,0,0,0,,,,,,,0.0,,
9bf65852a83655108a4414dfffac6e32,52fd389e.json,evaluation,0,0,0,,,,,,,0.0,,
e9ed471e47fca80cf5fb13c5bc3545ab,52fd389e.json,evaluation,1,0,300,,,,2.1475,,,0.3333333333333333,,0.0033333333333333335
f9923ec6361d62b19157616a4cc102b2,52fd389e.json,evaluation,0,0,0,,,,,,,0.0,,
6d5c3dab01665f0cb13b16964f8d794c,54db823b.json,evaluation,21,21,30,1.0,0.0,9.0,6.127,-2.873,0.0,0.1111111111111111,-0.1111111111111111,0.7
ee67360c387825a516bd0dfd39034357,54db823b.json,evaluation,0,0,0,,,,,,,0.0,,
f2fca764f326126e43d487d609c4a98c,54db823b.json,evaluation,0,0,0,,,,,,,0.0,,
b069bab927600ce6bbbf1a934ce82f28,54db823b.json,evaluation,0,0,0,,,,,,,0.0,,
d15cbcaea4b58192c05900af1049fe87,54db823b.json,evaluation,0,0,0,,,,,,,0.0,,
047a5f031e5d7bfa6c2eb039ceab439b,55059096.json,evaluation,0,0,0,,,,,,,0.0,,
0489e0eb67afbec67923afd52d99197f,55059096.json,evaluation,3,3,8,1.0,0.0,4.333333333333333,4.9275,0.5941666666666672,0.0,0.1111111111111111,-0.1111111111111111,0.375
4e2bc9008fdb3cb29c32b7095c25e1d8,55059096.json,evaluation,1,1,8,1.0,0.0,2.0,4.9275,2.9275,1.0,0.1111111111111111,0.8888888888888888,0.125
872aef59f1f16e0fa42ca7847dfd5b91,55059096.json,evaluation,0,0,0,,,,,,,0.0,,
87ff9e5c3d3c26fb6b0335b3c6310c76,55059096.json,evaluation,0,0,0,,,,,,,0.0,,
b1dd70c300102337b9df2b3086aa8513,55059096.json,evaluation,0,0,0,,,,,,,0.0,,
b7a9cfafe97d8dc68817c0da2b7e84be,55059096.json,evaluation,0,0,0,,,,,,,0.0,,
bc161afc811daae14682622634baf3cc,55059096.json,evaluation,10,10,8,1.0,0.0,2.6,4.9275,2.3275,0.9,0.1111111111111111,0.788888888888889,1.25
c87a16f4d930198dace3602d82d35174,55059096.json,evaluation,0,0,0,,,,,,,0.0,,
d9fa6afaa8136db88c1341008caeed55,55059096.json,evaluation,0,0,0,,,,,,,0.0,,
827fcb126401a726d5ba020f0a96295c,55059096.json,evaluation,0,0,0,,,,,,,0.0,,
047a5f031e5d7bfa6c2eb039ceab439b,551d5bf1.json,evaluation,0,0,0,,,,,,,0.0,,
4e2bc9008fdb3cb29c32b7095c25e1d8,551d5bf1.json,evaluation,0,0,0,,,,,,,0.0,,
827fcb126401a726d5ba020f0a96295c,551d5bf1.json,evaluation,0,0,0,,,,,,,0.0,,
872aef59f1f16e0fa42ca7847dfd5b91,551d5bf1.json,evaluation,0,0,0,,,,,,,0.0,,
87ff9e5c3d3c26fb6b0335b3c6310c76,551d5bf1.json,evaluation,0,0,0,,,,,,,0.0,,
b1dd70c300102337b9df2b3086aa8513,551d5bf1.json,evaluation,0,0,0,,,,,,,0.0,,
b7a9cfafe97d8dc68817c0da2b7e84be,551d5bf1.json,evaluation,0,0,0,,,,,,,0.0,,
bc161afc811daae14682622634baf3cc,551d5bf1.json,evaluation,2,2,170,1.0,0.0,1.0,1.743,0.7430000000000001,1.0,0.1111111111111111,0.8888888888888888,0.011764705882352941
d9fa6afaa8136db88c1341008caeed55,551d5bf1.json,evaluation,0,0,0,,,,,,,0.0,,
0489e0eb67afbec67923afd52d99197f,551d5bf1.json,evaluation,0,0,0,,,,,,,0.0,,
13f30a3329d125fb7ffa752d09d707ec,55783887.json,evaluation,1,1,25,1.0,0.0,1.0,4.449,3.449,1.0,0.2222222222222222,0.7777777777777778,0.04
7ed201b49e6945af478bad95e991d069,575b1a71.json,evaluation,1,1,8,1.0,0.0,0.0,2.532,2.532,1.0,0.4444444444444444,0.5555555555555556,0.125
9e412766c472f62248cc8fa7854e324c,575b1a71.json,evaluation,0,0,0,,,,,,,0.0,,
c4237eaed664740f7a1df473e1677a38,575b1a71.json,evaluation,0,0,0,,,,,,,0.0,,
d5db4210c1605dabeff34375d5110251,575b1a71.json,evaluation,0,0,0,,,,,,,0.0,,
e11a1d3b67da2497ef3613c8e4c3f8f3,575b1a71.json,evaluation,0,0,0,,,,,,,0.0,,
e6d2382020caac16d5c4ed244c6eff77,575b1a71.json,evaluation,0,0,0,,,,,,,0.0,,
047a5f031e5d7bfa6c2eb039ceab439b,5783df64.json,evaluation,0,0,0,,,,,,,0.0,,
0489e0eb67afbec67923afd52d99197f,5783df64.json,evaluation,8,8,9,1.0,0.0,0.0,4.7125,4.7125,0.75,1.0,-0.25,0.8888888888888888
1992b5f3fff2b740bec6422404ec0fd1,5783df64.json,evaluation,0,0,0,,,,,,,0.0,,
827fcb126401a726d5ba020f0a96295c,5783df64.json,evaluation,7,7,9,1.0,0.0,0.0,4.7125,4.7125,1.0,1.0,0.0,0.7777777777777778
872aef59f1f16e0fa42ca7847dfd5b91,5783df64.json,evaluation,1,1,9,1.0,0.0,0.0,4.7125,4.7125,1.0,1.0,0.0,0.1111111111111111
b1dd70c300102337b9df2b3086aa8513,5783df64.json,evaluation,1,1,9,1.0,0.0,0.0,4.7125,4.7125,1.0,1.0,0.0,0.1111111111111111
b7a9cfafe97d8dc68817c0da2b7e84be,5783df64.json,evaluation,1,1,9,1.0,0.0,0.0,4.7125,4.7125,1.0,1.0,0.0,0.1111111111111111
bc161afc811daae14682622634baf3cc,5783df64.json,evaluation,0,0,0,,,,,,,0.0,,
c87a16f4d930198dace3602d82d35174,5783df64.json,evaluation,0,0,0,,,,,,,0.0,,
d9fa6afaa8136db88c1341008caeed55,5783df64.json,evaluation,3,3,9,1.0,0.0,0.0,4.7125,4.7125,1.0,1.0,0.0,0.3333333333333333
87ff9e5c3d3c26fb6b0335b3c6310c76,5783df64.json,evaluation,0,0,0,,,,,,,0.0,,
4e2bc9008fdb3cb29c32b7095c25e1d8,5783df64.json,evaluation,0,0,0,,,,,,,0.0,,
a69d6d1efd1fd7079e465994acffa413,5833af48.json,evaluation,22,22,161,1.0,0.0,0.5454545454545454,2.899,2.3535454545454546,0.0,0.2222222222222222,-0.2222222222222222,0.13664596273291926
4d6d091bda9a77f7dd126a5d45bf75de,58743b76.json,evaluation,2,2,14,1.0,0.0,2.5,2.9245,0.4245000000000001,0.0,0.3333333333333333,-0.3333333333333333,0.14285714285714285
561824733a37b0d0bfccd5cfbdb43485,58743b76.json,evaluation,0,0,0,,,,,,,0.0,,
589c0b79caf0877a38d27b07bf210c47,58743b76.json,evaluation,3,3,14,1.0,0.0,1.0,2.9245,1.9245,1.0,0.3333333333333333,0.6666666666666667,0.21428571428571427
cffb95ab91d444964dc0a0c6d565737f,58743b76.json,evaluation,0,0,0,,,,,,,0.0,,
f5a0ec470968780ed12c3da6cb1ce9a0,58743b76.json,evaluation,1,0,14,,,,2.9245,,,0.3333333333333333,,0.07142857142857142
f81b7762601877a04aebe625b5d5d411,58743b76.json,evaluation,0,0,0,,,,,,,0.0,,
3c77da5dce8dbede95574782508fe334,58e15b12.json,evaluation,4,4,67,1.0,0.0,0.0,2.283,2.283,1.0,0.3333333333333333,0.6666666666666667,0.05970149253731343
c2732bf30d29299b78b11adfad6cb064,58e15b12.json,evaluation,0,0,0,,,,,,,0.0,,
17d6ce7949b7bef3d02e19b0d67d5827,59341089.json,evaluation,4,4,31,1.0,0.0,0.0,0.1635,0.1635,0.75,0.3333333333333333,0.4166666666666667,0.12903225806451613
505088cc9bd01f04a622712d10467f48,59341089.json,evaluation,3,3,31,1.0,0.0,0.0,0.1635,0.1635,1.0,0.3333333333333333,0.6666666666666667,0.0967741935483871
7ed9ec4ca6d7e3c4e2289d79a830eed3,59341089.json,evaluation,11,11,31,1.0,0.0,0.5454545454545454,0.1635,-0.38195454545454544,0.9090909090909091,0.3333333333333333,0.5757575757575757,0.3548387096774194
9950a67df971bd358d0f96566b26770c,59341089.json,evaluation,16,16,31,1.0,0.0,0.0625,0.1635,0.101,1.0,0.3333333333333333,0.6666666666666667,0.5161290322580645
b46586d0f2876a45c17bc91204667b2b,59341089.json,evaluation,6,6,31,1.0,0.0,0.0,0.1635,0.1635,0.5,0.3333333333333333,0.16666666666666669,0.1935483870967742
1c3b14b74af8df037eda2ba23cf3dfb6,59341089.json,evaluation,0,0,0,,,,,,,0.0,,
63470ed6419befb599f4f4973103e2f2,59341089.json,evaluation,0,0,0,,,,,,,0.0,,
13f30a3329d125fb7ffa752d09d707ec,5a5a2103.json,evaluation,0,0,0,,,,,,,0.0,,
2ff05bff38f2b716ce7a977cfa74c3f6,5a5a2103.json,evaluation,0,0,0,,,,,,,0.0,,
ac8584fe7ee7ced9afbca397b7fea858,5a5a2103.json,evaluation,3,3,180,1.0,0.0,0.3333333333333333,1.031,0.6976666666666667,0.3333333333333333,0.5555555555555556,-0.22222222222222227,0.016666666666666666
e7159a71a398e55ebc03d1099f6fa212,5a5a2103.json,evaluation,27,27,180,1.0,0.0,0.9629629629629629,1.031,0.06803703703703701,0.07407407407407407,0.5555555555555556,-0.4814814814814815,0.15
2ad5ac7af5045fd59df074499a41d933,5a5a2103.json,evaluation,0,0,0,,,,,,,0.0,,
22fabcb92d8909e75c71f892ca2a586f,5af49b42.json,evaluation,7,7,18,1.0,0.0,2.857142857142857,2.923,0.06585714285714284,1.0,0.8888888888888888,0.11111111111111116,0.3888888888888889
3c4e051d79b86b0aef6424be49b48378,5af49b42.json,evaluation,2,0,18,,,,2.923,,,0.8888888888888888,,0.1111111111111111
8ae1351037f9d448271754e193b32813,5af49b42.json,evaluation,1,0,18,,,,2.923,,,0.8888888888888888,,0.05555555555555555
b4fa05fa14501d1f8c49e8c5bce6802f,5af49b42.json,evaluation,0,0,0,,,,,,,0.0,,
b5d14cf3aaf97b4f15bb1b15f23a999d,5af49b42.json,evaluation,4,4,18,1.0,0.0,5.5,2.923,-2.577,0.0,0.8888888888888888,-0.8888888888888888,0.2222222222222222
c926df77eb0e5df2def7da3c45ade105,5af49b42.json,evaluation,10,10,18,1.0,0.0,2.8,2.923,0.12300000000000022,0.0,0.8888888888888888,-0.8888888888888888,0.5555555555555556
20c16d671cbfb08b7362ae41850d80a7,5af49b42.json,evaluation,0,0,0,,,,,,,0.0,,
01b14747ad84d6e0dfa8995f26d9c3c8,5b526a93.json,evaluation,0,0,0,,,,,,,0.0,,
0a3df29992c174b104e0fa0d0cd0783d,5b526a93.json,evaluation,31,29,96,1.0,0.0,4.586206896551724,3.1465,-1.4397068965517241,0.5517241379310345,0.1111111111111111,0.44061302681992337,0.3229166666666667
4b9ff461bcb8a879552b1f91fafae97c,5b526a93.json,evaluation,2,2,96,1.0,0.0,1.0,3.1465,2.1465,1.0,0.1111111111111111,0.8888888888888888,0.020833333333333332
4e55aeaef27c28f7e20887088021ee13,5b526a93.json,evaluation,0,0,0,,,,,,,0.0,,
522e02cfc6b655df2e74e123b45b1d63,5b526a93.json,evaluation,2,2,96,1.0,0.0,1.0,3.1465,2.1465,1.0,0.1111111111111111,0.8888888888888888,0.020833333333333332
5e1636022eab58ae0064cd490c308a84,5b526a93.json,evaluation,0,0,0,,,,,,,0.0,,
243a2345062cd197caa1efb40e2b348d,5b526a93.json,evaluation,0,0,0,,,,,,,0.0,,
584d3aef89ffda3b36192a0990504ffb,5b692c0f.json,evaluation,0,0,0,,,,,,,0.0,,
10a301cb307b863eb88559a229b1ad30,5b6cbef5.json,evaluation,0,0,0,,,,,,,0.0,,
4d51a0637f7cbee1dc9d189d2d37fa9b,5b6cbef5.json,evaluation,0,0,0,,,,,,,0.0,,
6f8c402744b26a5f912a2469fed11f5f,5b6cbef5.json,evaluation,5,5,248,1.0,0.0,0.2,0.0325,-0.1675,1.0,0.2222222222222222,0.7777777777777778,0.020161290322580645
ce821ea8d58864dc3a963e482f011ab1,5b6cbef5.json,evaluation,0,0,0,,,,,,,0.0,,
d231f7557ee47ca095c503834919a5b2,5b6cbef5.json,evaluation,1,1,248,1.0,0.0,0.0,0.0325,0.0325,1.0,0.2222222222222222,0.7777777777777778,0.004032258064516129
30cc3c16ae3d34dcd7fe8e59b4aedf33,5b6cbef5.json,evaluation,0,0,0,,,,,,,0.0,,
a3d80780a7921b5ef3143ba10c348c77,5b6cbef5.json,evaluation,0,0,0,,,,,,,0.0,,
ce5166b2bb89c64930ed13aebabcf450,5d2a5c43.json,evaluation,16,16,18,1.0,0.0,0.625,2.0095,1.3845,0.625,0.1111111111111111,0.5138888888888888,0.8888888888888888
9d59909ef96797ce6de5397369f065a2,5d2a5c43.json,evaluation,0,0,0,,,,,,,0.0,,
42901fb64e19a320cb93d7443cfc43d4,5ffb2104.json,evaluation,2,2,41,1.0,0.0,0.5,0.746,0.246,1.0,0.7777777777777778,0.2222222222222222,0.04878048780487805
43da1d967f6537bf26e5aeb65e80e154,5ffb2104.json,evaluation,7,7,41,1.0,0.0,0.5714285714285714,0.746,0.1745714285714286,0.8571428571428571,0.7777777777777778,0.0793650793650793,0.17073170731707318
9a2397cc1d145b1aff7a69a7fb51e3ff,5ffb2104.json,evaluation,0,0,0,,,,,,,0.0,,
a5d9bf4705fddd20d814c3209fb3c95d,5ffb2104.json,evaluation,3,3,41,1.0,0.0,0.0,0.746,0.746,1.0,0.7777777777777778,0.2222222222222222,0.07317073170731707
a8e9ca1094cdf6f9a45d76fde6f8cf30,5ffb2104.json,evaluation,0,0,0,,,,,,,0.0,,
d4fee4528893c8df4c42f0e2ff164c1a,5ffb2104.json,evaluation,1,1,41,1.0,0.0,0.0,0.746,0.746,1.0,0.7777777777777778,0.2222222222222222,0.024390243902439025
da5f676ff7bf11f6cd4781fac5a4e230,5ffb2104.json,evaluation,0,0,0,,,,,,,0.0,,
f81e4e8436314e34b86f0d9183cc0139,5ffb2104.json,evaluation,7,7,41,1.0,0.0,0.0,0.746,0.746,0.8571428571428571,0.7777777777777778,0.0793650793650793,0.17073170731707318
09cc6e2091fc9c89a65e741709bbd091,604001fa.json,evaluation,0,0,0,,,,,,,0.0,,
a83b9e79bf6423e2e86e16d49ae17f43,604001fa.json,evaluation,3,3,40,1.0,0.0,0.0,1.5465,1.5465,1.0,0.5555555555555556,0.4444444444444444,0.075
b29d2ff6288187c652d62b159dd5c707,604001fa.json,evaluation,1,1,40,1.0,0.0,1.0,1.5465,0.5465,1.0,0.5555555555555556,0.4444444444444444,0.025
e35023b755c14aa0551170f7f51573ea,604001fa.json,evaluation,1,1,40,1.0,0.0,1.0,1.5465,0.5465,1.0,0.5555555555555556,0.4444444444444444,0.025
a5d9bf4705fddd20d814c3209fb3c95d,60a26a3e.json,evaluation,0,0,0,,,,,,,0.0,,
3f5a94d40863ca24ce09f7d3476e95de,60a26a3e.json,evaluation,0,0,0,,,,,,,0.0,,
87fb3acd31e05ea0263e582bb742c149,60c09cac.json,evaluation,0,0,0,,,,,,,0.0,,
8f42fd331f95d550ce7f9c1c56c0e6f8,60c09cac.json,evaluation,4,4,89,1.0,0.0,0.0,0.144,0.144,1.0,0.3333333333333333,0.6666666666666667,0.0449438202247191
bb693aa67038eb784621245e67a74558,60c09cac.json,evaluation,0,0,0,,,,,,,0.0,,
d7021078306a318187d9212bc1033dd7,60c09cac.json,evaluation,2,0,89,,,,0.144,,,0.3333333333333333,,0.02247191011235955
290d766a49db4b821f67e8d4d79b10f7,626c0bcc.json,evaluation,2,2,16,1.0,0.0,0.0,1.536,1.536,0.0,0.4444444444444444,-0.4444444444444444,0.125
959b8033692f6ea4dfa0ce3e7f4b78e7,626c0bcc.json,evaluation,0,0,0,,,,,,,0.0,,
9beda61b3fb1cf6794cf500572fa0735,626c0bcc.json,evaluation,0,0,0,,,,,,,0.0,,
14ecf0a18553649a780c0b0e5a0728cb,62ab2642.json,evaluation,0,0,0,,,,,,,0.0,,
196fc741bff204e58a05a2c124df683d,62ab2642.json,evaluation,0,0,0,,,,,,,0.0,,
321b079c2d7b3969f2df7ee96c2a37e1,62ab2642.json,evaluation,0,0,0,,,,,,,0.0,,
4f0df0d61f1c8751cf66ef4fc8c5d98c,62ab2642.json,evaluation,0,0,0,,,,,,,0.0,,
7d15872c41cc983739ab2517858bd6fa,62ab2642.json,evaluation,2,2,12,1.0,0.0,0.0,2.916,2.916,1.0,0.2222222222222222,0.7777777777777778,0.16666666666666666
1d97732be7329da4fa1e650071e14491,62b74c02.json,evaluation,0,0,0,,,,,,,0.0,,
2c63cf685c70f6f4c849f343a3e29273,62b74c02.json,evaluation,3,2,40,1.0,0.0,2.0,0.6795,-1.3205,1.0,0.4444444444444444,0.5555555555555556,0.075
2efbb02f2320d55d30a5633b2f40bdc6,62b74c02.json,evaluation,0,0,0,,,,,,,0.0,,
6a7d55aeb61ccfa0723ed2f3523c2ab4,62b74c02.json,evaluation,2,2,40,1.0,0.0,0.0,0.6795,0.6795,1.0,0.4444444444444444,0.5555555555555556,0.05
b18f26f0d6c59db36f7dc4be8f7d976d,62b74c02.json,evaluation,0,0,0,,,,,,,0.0,,
c89196baea814ed98e8ad8fe4dc4a131,62b74c02.json,evaluation,0,0,0,,,,,,,0.0,,
d9494c9560d93245f2498f735ae92ce2,62b74c02.json,evaluation,0,0,0,,,,,,,0.0,,
d749313c2ccad22b2cd042a4c70f3617,62b74c02.json,evaluation,0,0,0,,,,,,,0.0,,
0d950d9ed094a253ab4d72c033871197,62b74c02.json,evaluation,8,8,40,1.0,0.0,0.0,0.6795,0.6795,1.0,0.4444444444444444,0.5555555555555556,0.2
87ff9e5c3d3c26fb6b0335b3c6310c76,639f5a19.json,evaluation,0,0,0,,,,,,,0.0,,
b7a9cfafe97d8dc68817c0da2b7e84be,639f5a19.json,evaluation,0,0,0,,,,,,,0.0,,
e569802c7fdacc3d9062ce40183bd6eb,639f5a19.json,evaluation,5,5,236,1.0,0.0,0.2,1.186,0.986,1.0,0.5555555555555556,0.4444444444444444,0.0211864406779661
3bc6d89ec6740f74be3e58972296297b,642248e4.json,evaluation,0,0,0,,,,,,,0.0,,
642257002697dc4107e9c743af831722,642248e4.json,evaluation,0,0,0,,,,,,,0.0,,
b9038fbf53e1925bee0bc00b49663527,642248e4.json,evaluation,1,1,12,1.0,0.0,1.0,2.591,1.5910000000000002,1.0,0.2222222222222222,0.7777777777777778,0.08333333333333333
b98d688d56c48105d76892212df9fa93,642248e4.json,evaluation,1,1,12,1.0,0.0,0.0,2.591,2.591,1.0,0.2222222222222222,0.7777777777777778,0.08333333333333333
dce18448933f1329d93fcc2615dbd189,642248e4.json,evaluation,0,0,0,,,,,,,0.0,,
e2de7b05ed553c5462622523721ef0fc,642248e4.json,evaluation,2,2,12,1.0,0.0,1.0,2.591,1.5910000000000002,1.0,0.2222222222222222,0.7777777777777778,0.16666666666666666
f9927e661916935c68f2884dd5accefe,642248e4.json,evaluation,1,1,12,1.0,0.0,1.0,2.591,1.5910000000000002,1.0,0.2222222222222222,0.7777777777777778,0.08333333333333333
384822dc16e28ea38dea53fd992f6f17,642248e4.json,evaluation,0,0,0,,,,,,,0.0,,
bb87a0cea669f7275bf6f67d7729bf9d,642248e4.json,evaluation,2,2,12,1.0,0.0,1.0,2.591,1.5910000000000002,0.5,0.2222222222222222,0.2777777777777778,0.16666666666666666
b113707832b4427b82e2d5be29714f93,642d658d.json,evaluation,0,0,0,,,,,,,0.0,,
ebab84c6669aef5fa8cae0f12cbe7772,642d658d.json,evaluation,0,0,0,,,,,,,0.0,,
eff6fb3710e6159fa50760416db05c49,642d658d.json,evaluation,0,0,0,,,,,,,0.0,,
3b14d33521f80ad0e41cafb264b84b2a,642d658d.json,evaluation,3,3,1,1.0,0.0,0.0,23.9745,23.9745,0.0,0.1111111111111111,-0.1111111111111111,3.0
741961b6973486e602c62c5c9dd6423e,642d658d.json,evaluation,1,0,1,,,,23.9745,,,0.1111111111111111,,1.0
660da56639d6c1adf6d11cb40caa07a2,64a7c07e.json,evaluation,13,13,32,1.0,0.0,1.1538461538461537,1.5055,0.3516538461538463,1.0,0.2222222222222222,0.7777777777777778,0.40625
add6499ca3a0f903351f958350146f0a,64a7c07e.json,evaluation,0,0,0,,,,,,,0.0,,
7557a7467440120050940a007b81038f,64a7c07e.json,evaluation,0,0,0,,,,,,,0.0,,
cb3c2c47c2dd726a28331c6b9dafd336,64a7c07e.json,evaluation,0,0,0,,,,,,,0.0,,
fc979bb4233b14df365938d309d7208d,64a7c07e.json,evaluation,12,12,32,1.0,0.0,1.9166666666666667,1.5055,-0.4111666666666667,1.0,0.2222222222222222,0.7777777777777778,0.375
09cc6e2091fc9c89a65e741709bbd091,66e6c45b.json,evaluation,2,2,8,1.0,0.0,1.0,0.505,-0.495,1.0,0.5555555555555556,0.4444444444444444,0.25
1e7a1218dc842f00fac3c13eb8e14522,66e6c45b.json,evaluation,0,0,0,,,,,,,0.0,,
8485ca311b4ab38f2911a407d70fee6a,66e6c45b.json,evaluation,0,0,0,,,,,,,0.0,,
b29d2ff6288187c652d62b159dd5c707,66e6c45b.json,evaluation,0,0,0,,,,,,,0.0,,
dc4f2cd39bb1cf0629e67c2fefcd2f04,66e6c45b.json,evaluation,0,0,0,,,,,,,0.0,,
e32feee5a511aaec1cda3e525ea927f6,66e6c45b.json,evaluation,1,1,8,1.0,0.0,0.0,0.505,0.505,1.0,0.5555555555555556,0.4444444444444444,0.125
e35023b755c14aa0551170f7f51573ea,66e6c45b.json,evaluation,0,0,0,,,,,,,0.0,,
ec447777820844f233cfad91932b0891,66e6c45b.json,evaluation,0,0,0,,,,,,,0.0,,
725fc1ad447218fd852bca45ef7f43da,66e6c45b.json,evaluation,6,6,8,1.0,0.0,0.16666666666666666,0.505,0.3383333333333334,1.0,0.5555555555555556,0.4444444444444444,0.75
a83b9e79bf6423e2e86e16d49ae17f43,66e6c45b.json,evaluation,0,0,0,,,,,,,0.0,,
2e3f013fcdc798f459ca696868ad9eb1,66f2d22f.json,evaluation,1,1,25,1.0,0.0,0.0,2.268,2.268,1.0,0.2222222222222222,0.7777777777777778,0.04
c5dcbaee2832c1a68e48f3f20d5f7d34,66f2d22f.json,evaluation,0,0,0,,,,,,,0.0,,
3309d6c919af949ae4527ea208e55254,66f2d22f.json,evaluation,0,0,0,,,,,,,0.0,,
3d52efd3f82a94cd9df376c9cbef2b39,66f2d22f.json,evaluation,0,0,0,,,,,,,0.0,,
04164d933be281d11a3031df607bbb8d,67636eac.json,evaluation,3,3,29,1.0,0.0,0.6666666666666666,6.195,5.528333333333333,1.0,0.5555555555555556,0.4444444444444444,0.10344827586206896
1c45a8fbf105bdc045d3211c52dfc366,67636eac.json,evaluation,0,0,0,,,,,,,0.0,,
21ebd3afcbebcc95cd4233a6b672cce7,67636eac.json,evaluation,1,1,29,1.0,0.0,1.0,6.195,5.195,1.0,0.5555555555555556,0.4444444444444444,0.034482758620689655
4362a7cbd0376a8c858d07e8c4457456,67636eac.json,evaluation,2,2,29,1.0,0.0,1.0,6.195,5.195,1.0,0.5555555555555556,0.4444444444444444,0.06896551724137931
9165e3cce394795ff2fba346a28d63f0,67636eac.json,evaluation,0,0,0,,,,,,,0.0,,
99f2f93c1f7aa77d00a155d3d36799fe,67636eac.json,evaluation,0,0,0,,,,,,,0.0,,
aee7abc2b21b32c3b2eaaf78bbb4de99,67636eac.json,evaluation,5,5,29,1.0,0.0,0.4,6.195,5.795,1.0,0.5555555555555556,0.4444444444444444,0.1724137931034483
b299b6d6e44e2a78994686d5fd1986ec,67636eac.json,evaluation,0,0,0,,,,,,,0.0,,
be6a78c8207edf9746ce9b0b105743ee,67636eac.json,evaluation,0,0,0,,,,,,,0.0,,
e2e513d9cc96d6429995ecd72d63061c,67636eac.json,evaluation,2,1,29,1.0,0.0,1.0,6.195,5.195,1.0,0.5555555555555556,0.4444444444444444,0.06896551724137931
fa6841f92f1803eb9ce6045e0eedf4e1,67636eac.json,evaluation,1,0,29,,,,6.195,,,0.5555555555555556,,0.034482758620689655
57734e50c1f5ca6bdd9804c4a1029210,67b4a34d.json,evaluation,3,3,13,1.0,0.0,0.3333333333333333,10.0065,9.673166666666667,1.0,0.5555555555555556,0.4444444444444444,0.23076923076923078
d104d6afb3686f3e943cfb5374ff00e2,67b4a34d.json,evaluation,3,2,13,1.0,0.0,1.0,10.0065,9.0065,1.0,0.5555555555555556,0.4444444444444444,0.23076923076923078
cc587ed902499b13c9af7cd711b2cd62,67b4a34d.json,evaluation,0,0,0,,,,,,,0.0,,
10a301cb307b863eb88559a229b1ad30,67c52801.json,evaluation,1,1,28,1.0,0.0,1.0,0.921,-0.07899999999999996,1.0,0.4444444444444444,0.5555555555555556,0.03571428571428571
2ff05bff38f2b716ce7a977cfa74c3f6,67c52801.json,evaluation,0,0,0,,,,,,,0.0,,
3a84dd63123259557525a0f484b1f7e7,67c52801.json,evaluation,7,7,28,1.0,0.0,0.14285714285714285,0.921,0.7781428571428572,0.42857142857142855,0.4444444444444444,-0.015873015873015872,0.25
4d33ef63425aa13dae7bcd996c471874,67c52801.json,evaluation,2,2,28,1.0,0.0,0.0,0.921,0.921,1.0,0.4444444444444444,0.5555555555555556,0.07142857142857142
4d51a0637f7cbee1dc9d189d2d37fa9b,67c52801.json,evaluation,0,0,0,,,,,,,0.0,,
a3d80780a7921b5ef3143ba10c348c77,67c52801.json,evaluation,0,0,0,,,,,,,0.0,,
ce821ea8d58864dc3a963e482f011ab1,67c52801.json,evaluation,0,0,0,,,,,,,0.0,,
d231f7557ee47ca095c503834919a5b2,67c52801.json,evaluation,0,0,0,,,,,,,0.0,,
d67afe766c3765d2b9f66a639ed2366a,67c52801.json,evaluation,0,0,0,,,,,,,0.0,,
e7159a71a398e55ebc03d1099f6fa212,67c52801.json,evaluation,0,0,0,,,,,,,0.0,,
ac8584fe7ee7ced9afbca397b7fea858,67c52801.json,evaluation,0,0,0,,,,,,,0.0,,
3c77da5dce8dbede95574782508fe334,68b67ca3.json,evaluation,9,9,5,1.0,0.0,2.0,2.33,0.33000000000000007,0.4444444444444444,0.4444444444444444,0.0,1.8
61ba7e8cd7e435a5d0503af4f2dcae17,68b67ca3.json,evaluation,0,0,0,,,,,,,0.0,,
94f95a28cac78caabddbc27cbf734ab5,68b67ca3.json,evaluation,1,1,5,1.0,0.0,1.0,2.33,1.33,1.0,0.4444444444444444,0.5555555555555556,0.2
abbbf404d6f48dcf9f0b5d92d711cf1d,68b67ca3.json,evaluation,0,0,0,,,,,,,0.0,,
c2732bf30d29299b78b11adfad6cb064,68b67ca3.json,evaluation,0,0,0,,,,,,,0.0,,
c70ccc4421ba573438fb4ba6fe0601e6,68b67ca3.json,evaluation,0,0,0,,,,,,,0.0,,
f7cbbfd88558b04419383fcfbd01e94c,68b67ca3.json,evaluation,0,0,0,,,,,,,0.0,,
9871fd1fc5522b70f41c0875f4d4df59,68b67ca3.json,evaluation,0,0,0,,,,,,,0.0,,
94478ace23ec2bc690c90e3c27f0a966,692cd3b6.json,evaluation,0,0,0,,,,,,,0.0,,
946921a424c8933f4299722716f004cc,692cd3b6.json,evaluation,0,0,0,,,,,,,0.0,,
f8e9aaf9483e478e6bd17dde846b79ae,692cd3b6.json,evaluation,3,3,78,1.0,0.0,0.6666666666666666,1.607,0.9403333333333334,0.6666666666666666,0.1111111111111111,0.5555555555555556,0.038461538461538464
39460f7c2eccf4cbdcc48e9ac437a78c,692cd3b6.json,evaluation,0,0,0,,,,,,,0.0,,
40436491ac6caed6ca37e8c9517b62f1,695367ec.json,evaluation,0,0,0,,,,,,,0.0,,
4b05540b3e746892de5fe7c361005aef,695367ec.json,evaluation,0,0,0,,,,,,,0.0,,
8825a829d0317be399b73e9d0983603d,695367ec.json,evaluation,4,4,225,1.0,0.0,0.0,0.0,0.0,0.0,0.2222222222222222,-0.2222222222222222,0.017777777777777778
d16cd9b08bf76b69e2f5bad23c072223,695367ec.json,evaluation,2,2,225,1.0,0.0,0.0,0.0,0.0,1.0,0.2222222222222222,0.7777777777777778,0.008888888888888889
f556f2eec158ab76686500c825abee59,695367ec.json,evaluation,0,0,0,,,,,,,0.0,,
0b9daf136f66aac5d6d5c80e9fedc8a5,696d4842.json,evaluation,0,0,0,,,,,,,0.0,,
220b6df09c1946d97c745853a58fef5a,696d4842.json,evaluation,1,1,14,1.0,0.0,1.0,4.8715,3.8715,1.0,0.4444444444444444,0.5555555555555556,0.07142857142857142
f8e9aaf9483e478e6bd17dde846b79ae,696d4842.json,evaluation,0,0,0,,,,,,,0.0,,
33105e3c97a30a7c3f3cf637d0c96d82,69889d6e.json,evaluation,1,1,14,1.0,0.0,1.0,2.8535,1.8535,1.0,0.1111111111111111,0.8888888888888888,0.07142857142857142
4c9a489ad5c8f4289129c2fa5fe7feb2,69889d6e.json,evaluation,0,0,0,,,,,,,0.0,,
546b36904afdee9b9e772fbf0dd817e4,69889d6e.json,evaluation,1,1,14,1.0,0.0,2.0,2.8535,0.8534999999999999,1.0,0.1111111111111111,0.8888888888888888,0.07142857142857142
5b19fc9f288ef4a1bd22a2cb9db89b97,69889d6e.json,evaluation,0,0,0,,,,,,,0.0,,
df6bfc26960d17d92e844f76241c38fa,69889d6e.json,evaluation,0,0,0,,,,,,,0.0,,
9fdf8e92217169071740b2e6c0de9f24,69889d6e.json,evaluation,0,0,0,,,,,,,0.0,,
408e70d8a03a681fdbd8796a5dde3b25,6a11f6da.json,evaluation,2,2,15,1.0,0.0,1.0,3.971,2.971,1.0,0.2222222222222222,0.7777777777777778,0.13333333333333333
42901fb64e19a320cb93d7443cfc43d4,6a11f6da.json,evaluation,2,2,15,1.0,0.0,1.0,3.971,2.971,0.5,0.2222222222222222,0.2777777777777778,0.13333333333333333
4aec1e1cc96be88b468ef7c7f47786af,6a11f6da.json,evaluation,0,0,0,,,,,,,0.0,,
a8e9ca1094cdf6f9a45d76fde6f8cf30,6a11f6da.json,evaluation,8,8,15,1.0,0.0,0.125,3.971,3.846,1.0,0.2222222222222222,0.7777777777777778,0.5333333333333333
43da1d967f6537bf26e5aeb65e80e154,6a11f6da.json,evaluation,0,0,0,,,,,,,0.0,,
9a2397cc1d145b1aff7a69a7fb51e3ff,6a11f6da.json,evaluation,6,6,15,1.0,0.0,1.0,3.971,2.971,0.0,0.2222222222222222,-0.2222222222222222,0.4
b0b982ac561dc98e1a63662e48e1f5ff,6a11f6da.json,evaluation,45,45,15,1.0,0.0,0.4888888888888889,3.971,3.482111111111111,0.6888888888888889,0.2222222222222222,0.4666666666666667,3.0
a7c1cb7943aef8aad6a9cdf80173a16d,6a11f6da.json,evaluation,0,0,0,,,,,,,0.0,,
57734e50c1f5ca6bdd9804c4a1029210,6ad5bdfd.json,evaluation,5,5,31,1.0,0.0,0.2,0.8835,0.6835,1.0,1.0,0.0,0.16129032258064516
76245f5e1d964880333ffc64f2be1770,6ad5bdfd.json,evaluation,0,0,0,,,,,,,0.0,,
cc587ed902499b13c9af7cd711b2cd62,6ad5bdfd.json,evaluation,14,14,31,1.0,0.0,1.0,0.8835,-0.11650000000000005,1.0,1.0,0.0,0.45161290322580644
408e70d8a03a681fdbd8796a5dde3b25,6ad5bdfd.json,evaluation,0,0,0,,,,,,,0.0,,
078347e8fab7715faf4ee2a225afa306,6df30ad6.json,evaluation,0,0,0,,,,,,,0.0,,
0fb275b2f8094b9341ebe667acac3487,6df30ad6.json,evaluation,0,0,0,,,,,,,0.0,,
29e1dedb43ad72cdf251c740bf2779ad,6df30ad6.json,evaluation,12,12,25,1.0,0.0,0.0,1.0315,1.0315,0.0,0.2222222222222222,-0.2222222222222222,0.48
73c1de82f716bda27c501529aa8b30d8,6df30ad6.json,evaluation,0,0,0,,,,,,,0.0,,
a6dfe1aa95cab81d240b9cf3196ea860,6df30ad6.json,evaluation,0,0,0,,,,,,,0.0,,
e4892f6b64f5142725b213bd7d751331,6df30ad6.json,evaluation,1,1,25,1.0,0.0,1.0,1.0315,0.031500000000000083,1.0,0.2222222222222222,0.7777777777777778,0.04
e76803f27b99617532fa574a24a8eac8,6df30ad6.json,evaluation,0,0,0,,,,,,,0.0,,
ec0e37e76c3719bffce29af17c9f4725,6df30ad6.json,evaluation,0,0,0,,,,,,,0.0,,
34ddf2efe9d7e43853d6c177b966a9c1,6df30ad6.json,evaluation,0,0,0,,,,,,,0.0,,
b7a44004857f73c225c96aa308200d96,6df30ad6.json,evaluation,0,0,0,,,,,,,0.0,,
b92c88147f16e81df65ec8ae0113623c,6df30ad6.json,evaluation,0,0,0,,,,,,,0.0,,
bbc5b0a1356bf702baa340ab4f98cc72,6df30ad6.json,evaluation,0,0,0,,,,,,,0.0,,
1e826418edb6f7bfa3dba4367e5b095c,6ea4a07e.json,evaluation,0,0,0,,,,,,,0.0,,
67a9f17123da3969dea05bd0419231b6,6ea4a07e.json,evaluation,0,0,0,,,,,,,0.0,,
6d5c3dab01665f0cb13b16964f8d794c,6ea4a07e.json,evaluation,0,0,0,,,,,,,0.0,,
b069bab927600ce6bbbf1a934ce82f28,6ea4a07e.json,evaluation,0,0,0,,,,,,,0.0,,
c72eb8222a844e20a265e5f21efba37d,6ea4a07e.json,evaluation,0,0,0,,,,,,,0.0,,
e52833ab792652738202fffdd2113fb0,6ea4a07e.json,evaluation,0,0,0,,,,,,,0.0,,
f2fca764f326126e43d487d609c4a98c,6ea4a07e.json,evaluation,0,0,0,,,,,,,0.0,,
73ef0bff53b1d9b78085993e94555ff8,6f473927.json,evaluation,6,6,72,1.0,0.0,0.0,1.66,1.66,1.0,0.2222222222222222,0.7777777777777778,0.08333333333333333
996647c2a8d40c357fecec3ef398ad12,6f473927.json,evaluation,0,0,0,,,,,,,0.0,,
a4085434c62979fad818d95c4e4bf236,6f473927.json,evaluation,1,1,72,1.0,0.0,0.0,1.66,1.66,1.0,0.2222222222222222,0.7777777777777778,0.013888888888888888
d0d3e1c084f6aa86ad1e581a5a116383,6f473927.json,evaluation,20,20,72,1.0,0.0,0.0,1.66,1.66,1.0,0.2222222222222222,0.7777777777777778,0.2777777777777778
f261f25a58a8696d975a166182c27f60,6f473927.json,evaluation,18,18,72,1.0,0.0,0.0,1.66,1.66,1.0,0.2222222222222222,0.7777777777777778,0.25
9f390b8dad3cf9fc6e0e7ca2a17cb330,6f473927.json,evaluation,0,0,0,,,,,,,0.0,,
6941f78fb5c5781aff81a1df88b778e4,7039b2d7.json,evaluation,1,0,6,,,,10.157,,,0.1111111111111111,,0.16666666666666666
6d064862350fa4c0d214dcb1723ca20b,7039b2d7.json,evaluation,1,0,6,,,,10.157,,,0.1111111111111111,,0.16666666666666666
81e62353775aac84b1dcca7379844456,7039b2d7.json,evaluation,0,0,0,,,,,,,0.0,,
85af0b31496670c13ddf0c63e7ad57ac,7039b2d7.json,evaluation,0,0,0,,,,,,,0.0,,
bb1525feb89505067c56998f566ee15f,7039b2d7.json,evaluation,0,0,0,,,,,,,0.0,,
cb917b7082006ac52ece515a2f30af38,7039b2d7.json,evaluation,0,0,0,,,,,,,0.0,,
6652110f2b4b2e7355ada3fbc645c36d,7039b2d7.json,evaluation,0,0,0,,,,,,,0.0,,
813ea00524540ecdf3e4dbfae3d15ff9,7039b2d7.json,evaluation,0,0,0,,,,,,,0.0,,
2161250b0cb5807e5aae06240034a8f4,705a3229.json,evaluation,22,22,25,0.8181818181818182,0.18181818181818182,2.0,2.0715,0.0714999999999999,0.9545454545454546,0.4444444444444444,0.5101010101010102,0.88
384822dc16e28ea38dea53fd992f6f17,705a3229.json,evaluation,0,0,0,,,,,,,0.0,,
3bc6d89ec6740f74be3e58972296297b,705a3229.json,evaluation,0,0,0,,,,,,,0.0,,
642257002697dc4107e9c743af831722,705a3229.json,evaluation,0,0,0,,,,,,,0.0,,
7cdd9795e41b26aa463e746e59eee005,705a3229.json,evaluation,0,0,0,,,,,,,0.0,,
923b13585ea2af90a31692fd4a239e2d,705a3229.json,evaluation,0,0,0,,,,,,,0.0,,
b689fa4f9ba6650b6772e9c3c283c1f1,705a3229.json,evaluation,0,0,0,,,,,,,0.0,,
b9038fbf53e1925bee0bc00b49663527,705a3229.json,evaluation,0,0,0,,,,,,,0.0,,
b98d688d56c48105d76892212df9fa93,705a3229.json,evaluation,0,0,0,,,,,,,0.0,,
bb87a0cea669f7275bf6f67d7729bf9d,705a3229.json,evaluation,0,0,0,,,,,,,0.0,,
dce18448933f1329d93fcc2615dbd189,705a3229.json,evaluation,0,0,0,,,,,,,0.0,,
feabce0526bf2d1a7f962980812fe472,705a3229.json,evaluation,0,0,0,,,,,,,0.0,,
434a6d6af5c8a7521b8296ee553206be,705a3229.json,evaluation,0,0,0,,,,,,,0.0,,
f9927e661916935c68f2884dd5accefe,705a3229.json,evaluation,0,0,0,,,,,,,0.0,,
0b9daf136f66aac5d6d5c80e9fedc8a5,712bf12e.json,evaluation,0,0,0,,,,,,,0.0,,
2543f914d417e667bd16f48977aca15c,712bf12e.json,evaluation,0,0,0,,,,,,,0.0,,
2f6c9537a0edbb4345c913ed613f862a,712bf12e.json,evaluation,1,1,28,1.0,0.0,0.0,1.9485,1.9485,0.0,0.1111111111111111,-0.1111111111111111,0.03571428571428571
7278b632ac6283cfea4222b7e83e977f,712bf12e.json,evaluation,0,0,0,,,,,,,0.0,,
795214e856f61e9c7a822dee95b5cb05,712bf12e.json,evaluation,1,1,28,1.0,0.0,0.0,1.9485,1.9485,0.0,0.1111111111111111,-0.1111111111111111,0.03571428571428571
a298b60a185605105b223c1b5fe11f6b,712bf12e.json,evaluation,3,3,28,1.0,0.0,1.6666666666666667,1.9485,0.28183333333333316,0.3333333333333333,0.1111111111111111,0.2222222222222222,0.10714285714285714
c85429023ceb308d50ccad3b9dbdc8ee,712bf12e.json,evaluation,10,10,28,1.0,0.0,1.6,1.9485,0.3484999999999998,1.0,0.1111111111111111,0.8888888888888888,0.35714285714285715
cc0e5bdec0fd37ce84c60c626f664f01,712bf12e.json,evaluation,0,0,0,,,,,,,0.0,,
4305072a39e3e4f0a77e1c4738c2c2d1,712bf12e.json,evaluation,0,0,0,,,,,,,0.0,,
a3dc092b574335d47777574994159231,712bf12e.json,evaluation,1,1,28,1.0,0.0,1.0,1.9485,0.9484999999999999,1.0,0.1111111111111111,0.8888888888888888,0.03571428571428571
0659be093a22e43693d49e80ce6804a6,72207abc.json,evaluation,7,7,5,1.0,0.0,0.2857142857142857,2.4025,2.1167857142857143,0.14285714285714285,0.3333333333333333,-0.19047619047619047,1.4
321e3d81541294c87333ccb756e65f39,72207abc.json,evaluation,3,3,5,1.0,0.0,0.3333333333333333,2.4025,2.0691666666666664,1.0,0.3333333333333333,0.6666666666666667,0.6
b3db9a298f8104617b83fd723397f2ab,72207abc.json,evaluation,4,4,5,1.0,0.0,0.75,2.4025,1.6524999999999999,1.0,0.3333333333333333,0.6666666666666667,0.8
c8ef0f9ea0027fe9e7fb9dcb5086cb4c,72207abc.json,evaluation,3,3,5,1.0,0.0,2.3333333333333335,2.4025,0.06916666666666638,1.0,0.3333333333333333,0.6666666666666667,0.6
7194aaa036fc80278e111edaf4434e6d,72207abc.json,evaluation,3,3,5,1.0,0.0,0.3333333333333333,2.4025,2.0691666666666664,0.6666666666666666,0.3333333333333333,0.3333333333333333,0.6
73a18a4362886378f00be50c62542c54,72a961c9.json,evaluation,0,0,0,,,,,,,0.0,,
a4085434c62979fad818d95c4e4bf236,72a961c9.json,evaluation,5,5,14,1.0,0.0,2.2,1.9095,-0.2905000000000002,1.0,0.3333333333333333,0.6666666666666667,0.35714285714285715
d0d3e1c084f6aa86ad1e581a5a116383,72a961c9.json,evaluation,0,0,0,,,,,,,0.0,,
d104d6afb3686f3e943cfb5374ff00e2,72a961c9.json,evaluation,3,3,14,1.0,0.0,2.0,1.9095,-0.09050000000000002,1.0,0.3333333333333333,0.6666666666666667,0.21428571428571427
f261f25a58a8696d975a166182c27f60,72a961c9.json,evaluation,0,0,0,,,,,,,0.0,,
73ef0bff53b1d9b78085993e94555ff8,72a961c9.json,evaluation,1,1,14,1.0,0.0,0.0,1.9095,1.9095,1.0,0.3333333333333333,0.6666666666666667,0.07142857142857142
2161250b0cb5807e5aae06240034a8f4,73182012.json,evaluation,1,1,13,1.0,0.0,0.0,6.177,6.177,1.0,0.7777777777777778,0.2222222222222222,0.07692307692307693
3bc6d89ec6740f74be3e58972296297b,73182012.json,evaluation,0,0,0,,,,,,,0.0,,
434a6d6af5c8a7521b8296ee553206be,73182012.json,evaluation,1,1,13,1.0,0.0,0.0,6.177,6.177,1.0,0.7777777777777778,0.2222222222222222,0.07692307692307693
5ae8e010fa7131d68bf06a6c292de5a4,73182012.json,evaluation,0,0,0,,,,,,,0.0,,
6f0ba5f592fb78479d58cec3b9da61fc,73182012.json,evaluation,0,0,0,,,,,,,0.0,,
70bede4f0e30b81edc263f0bf579823c,73182012.json,evaluation,1,1,13,1.0,0.0,0.0,6.177,6.177,1.0,0.7777777777777778,0.2222222222222222,0.07692307692307693
aecc2e37e95ebf4759e194e425b3be4a,73182012.json,evaluation,0,0,0,,,,,,,0.0,,
b689fa4f9ba6650b6772e9c3c283c1f1,73182012.json,evaluation,0,0,0,,,,,,,0.0,,
b98d688d56c48105d76892212df9fa93,73182012.json,evaluation,1,1,13,1.0,0.0,0.0,6.177,6.177,1.0,0.7777777777777778,0.2222222222222222,0.07692307692307693
bb87a0cea669f7275bf6f67d7729bf9d,73182012.json,evaluation,0,0,0,,,,,,,0.0,,
c5856559bbd16f21173110221a814708,73182012.json,evaluation,0,0,0,,,,,,,0.0,,
f9927e661916935c68f2884dd5accefe,73182012.json,evaluation,0,0,0,,,,,,,0.0,,
642257002697dc4107e9c743af831722,73182012.json,evaluation,0,0,0,,,,,,,0.0,,
923b13585ea2af90a31692fd4a239e2d,73182012.json,evaluation,1,1,13,1.0,0.0,0.0,6.177,6.177,1.0,0.7777777777777778,0.2222222222222222,0.07692307692307693
feabce0526bf2d1a7f962980812fe472,73182012.json,evaluation,0,0,0,,,,,,,0.0,,
78f250b802788bb009a6057c3c99efac,73182012.json,evaluation,0,0,0,,,,,,,0.0,,
6eac2bf647c9865ab25005cdd9515a6e,73c3b0d8.json,evaluation,0,0,0,,,,,,,0.0,,
fa932eed74da126541d7c2de64af254b,73c3b0d8.json,evaluation,0,0,0,,,,,,,0.0,,
7dbf55b43fe003944647dece36d0a978,73ccf9c2.json,evaluation,0,0,0,,,,,,,0.0,,
ac41fe761e12766668e0613e4bf60e6b,73ccf9c2.json,evaluation,0,0,0,,,,,,,0.0,,
f8902ebc197cfdf036d9b50ea40e03b4,73ccf9c2.json,evaluation,8,8,16,1.0,0.0,1.0,14.212,13.212,1.0,0.2222222222222222,0.7777777777777778,0.5
0f8005a82b8e363ee5f7144f2954c781,73ccf9c2.json,evaluation,1,1,16,1.0,0.0,2.0,14.212,12.212,1.0,0.2222222222222222,0.7777777777777778,0.0625
71ba58da91d2f16f8db02ab42fafe8cb,73ccf9c2.json,evaluation,0,0,0,,,,,,,0.0,,
44ffe391e2224bb0463f064bf2f27349,73ccf9c2.json,evaluation,0,0,0,,,,,,,0.0,,
4a0123e5ed19ea211635267bfcc515ab,73ccf9c2.json,evaluation,0,0,0,,,,,,,0.0,,
ad6a5a3e81e09efe941aa436de006d74,73ccf9c2.json,evaluation,0,0,0,,,,,,,0.0,,
f9dd04ab316c08036dd3fe261cd637d8,73ccf9c2.json,evaluation,2,0,16,,,,14.212,,,0.2222222222222222,,0.125
6af8286092e403092e45598fa112ad71,759f3fd3.json,evaluation,0,0,0,,,,,,,0.0,,
7c6350dc0a9658b32fc108ef50ec05ad,759f3fd3.json,evaluation,0,0,0,,,,,,,0.0,,
e10ed4f8ff16934a275c3b058dcafc67,759f3fd3.json,evaluation,2,2,62,1.0,0.0,1.0,0.68,-0.31999999999999995,1.0,0.1111111111111111,0.8888888888888888,0.03225806451612903
e457cc11e5aaabdbb430094dcd66d758,759f3fd3.json,evaluation,0,0,0,,,,,,,0.0,,
f0521fc86aacef95f64cc43da08bccac,759f3fd3.json,evaluation,0,0,0,,,,,,,0.0,,
1fb8babb56ffbe320546eab73ed1967b,759f3fd3.json,evaluation,4,4,62,1.0,0.0,1.0,0.68,-0.31999999999999995,1.0,0.1111111111111111,0.8888888888888888,0.06451612903225806
02ad8d6da21df831c0abfe9feba1e860,762cd429.json,evaluation,0,0,0,,,,,,,0.0,,
186844c513023d14482ee5c6436378a3,762cd429.json,evaluation,0,0,0,,,,,,,0.0,,
2571cd5a61bc2d73f859cf55bc3b9ecf,762cd429.json,evaluation,2,0,336,,,,0.9095,,,0.2222222222222222,,0.005952380952380952
46095cd1d852d9aa1280f93124c80956,762cd429.json,evaluation,3,3,336,1.0,0.0,2.3333333333333335,0.9095,-1.4238333333333335,1.0,0.2222222222222222,0.7777777777777778,0.008928571428571428
8d8de5bfd373768165aee20ea7f452d0,762cd429.json,evaluation,0,0,0,,,,,,,0.0,,
8daddfc90e658f76bd4e5347c912ff6e,762cd429.json,evaluation,3,3,336,1.0,0.0,1.0,0.9095,-0.09050000000000002,1.0,0.2222222222222222,0.7777777777777778,0.008928571428571428
f3d1a35fae91222c18b6430ecf049def,762cd429.json,evaluation,9,9,336,1.0,0.0,0.1111111111111111,0.9095,0.7983888888888888,1.0,0.2222222222222222,0.7777777777777778,0.026785714285714284
1357f41412d61d1e82194f4fa1006844,770cc55f.json,evaluation,0,0,0,,,,,,,0.0,,
9a033274edc71976b6e7696f7683b4ae,770cc55f.json,evaluation,0,0,0,,,,,,,0.0,,
b4326527b5a249d8039e0e4ec3d2eb85,770cc55f.json,evaluation,8,8,8,1.0,0.0,3.5,2.765,-0.7349999999999999,1.0,0.1111111111111111,0.8888888888888888,1.0
6e4ff3923c4827b9699e7ac1c4fc6126,770cc55f.json,evaluation,0,0,0,,,,,,,0.0,,
3e17c4202c51be7155b477219e81c201,782b5218.json,evaluation,0,0,0,,,,,,,0.0,,
b113707832b4427b82e2d5be29714f93,782b5218.json,evaluation,0,0,0,,,,,,,0.0,,
b2d364f15c5c89403a3c998302edd460,782b5218.json,evaluation,1,1,40,1.0,0.0,1.0,0.7835,-0.21650000000000003,1.0,0.2222222222222222,0.7777777777777778,0.025
eff6fb3710e6159fa50760416db05c49,782b5218.json,evaluation,0,0,0,,,,,,,0.0,,
ff6c7efb8d311d639393eaf2805f0dd8,782b5218.json,evaluation,0,0,0,,,,,,,0.0,,
795214e856f61e9c7a822dee95b5cb05,782b5218.json,evaluation,0,0,0,,,,,,,0.0,,
17d6ce7949b7bef3d02e19b0d67d5827,79369cc6.json,evaluation,0,0,0,,,,,,,0.0,,
1c3b14b74af8df037eda2ba23cf3dfb6,79369cc6.json,evaluation,0,0,0,,,,,,,0.0,,
94429685609eff92151b8874bd15e9f4,79369cc6.json,evaluation,0,0,0,,,,,,,0.0,,
b18f26f0d6c59db36f7dc4be8f7d976d,7953d61e.json,evaluation,5,5,48,1.0,0.0,0.0,0.4675,0.4675,1.0,0.4444444444444444,0.5555555555555556,0.10416666666666667
c89196baea814ed98e8ad8fe4dc4a131,7953d61e.json,evaluation,0,0,0,,,,,,,0.0,,
408e70d8a03a681fdbd8796a5dde3b25,7bb29440.json,evaluation,0,0,0,,,,,,,0.0,,
76245f5e1d964880333ffc64f2be1770,7bb29440.json,evaluation,46,43,24,1.0,0.0,4.5813953488372094,15.9035,11.322104651162789,1.0,0.3333333333333333,0.6666666666666667,1.9166666666666667
b0b982ac561dc98e1a63662e48e1f5ff,7bb29440.json,evaluation,2,1,24,1.0,0.0,0.0,15.9035,15.9035,1.0,0.3333333333333333,0.6666666666666667,0.08333333333333333
30a1cd49f79796e1a457b34c70394f97,7bb29440.json,evaluation,1,1,24,1.0,0.0,0.0,15.9035,15.9035,1.0,0.3333333333333333,0.6666666666666667,0.041666666666666664
58a06989137bcae6b261a9d95d064cd3,7c8af763.json,evaluation,0,0,0,,,,,,,0.0,,
996647c2a8d40c357fecec3ef398ad12,7c8af763.json,evaluation,1,1,48,1.0,0.0,1.0,0.579,-0.42100000000000004,1.0,0.2222222222222222,0.7777777777777778,0.020833333333333332
9f390b8dad3cf9fc6e0e7ca2a17cb330,7c8af763.json,evaluation,0,0,0,,,,,,,0.0,,
b1c73d948746d5ebf85e18e23fcdfc3c,7c8af763.json,evaluation,17,17,48,1.0,0.0,1.0,0.579,-0.42100000000000004,0.0,0.2222222222222222,-0.2222222222222222,0.3541666666666667
f261f25a58a8696d975a166182c27f60,7c8af763.json,evaluation,0,0,0,,,,,,,0.0,,
30506bdc79edf4f02178e8b5b76af6f6,7c8af763.json,evaluation,3,3,48,1.0,0.0,1.0,0.579,-0.42100000000000004,1.0,0.2222222222222222,0.7777777777777778,0.0625
a30504425c72f5338fc70bf08c252ffe,7c8af763.json,evaluation,3,3,48,1.0,0.0,0.0,0.579,0.579,1.0,0.2222222222222222,0.7777777777777778,0.0625
d0d3e1c084f6aa86ad1e581a5a116383,7c8af763.json,evaluation,0,0,0,,,,,,,0.0,,
016f72a3b9f6e4bbe24390b715cd0cab,7c9b52a0.json,evaluation,0,0,0,,,,,,,0.0,,
339f64950bfe7f0e28bf7f65a71f66c0,7c9b52a0.json,evaluation,0,0,0,,,,,,,0.0,,
417872c1697437be64b548462d05743d,7c9b52a0.json,evaluation,8,7,13,1.0,0.0,0.2857142857142857,10.6465,10.360785714285713,1.0,0.5555555555555556,0.4444444444444444,0.6153846153846154
630a34dddd818542f2c64ff99d46ef04,7c9b52a0.json,evaluation,0,0,0,,,,,,,0.0,,
aacf117c81834a690b3134ebb71c3f0c,7c9b52a0.json,evaluation,3,2,13,1.0,0.0,0.0,10.6465,10.6465,1.0,0.5555555555555556,0.4444444444444444,0.23076923076923078
abba78303c7806354b26398ac9d6a11b,7c9b52a0.json,evaluation,0,0,0,,,,,,,0.0,,
b1a05b5aea1ebd7edd961d77ae8edd68,7c9b52a0.json,evaluation,2,1,13,1.0,0.0,0.0,10.6465,10.6465,1.0,0.5555555555555556,0.4444444444444444,0.15384615384615385
f0e021b4108bb883ed05d16b5becdbc6,7c9b52a0.json,evaluation,0,0,0,,,,,,,0.0,,
f77f4979d4ea8dab6ae57292c0062034,7c9b52a0.json,evaluation,1,1,13,1.0,0.0,0.0,10.6465,10.6465,1.0,0.5555555555555556,0.4444444444444444,0.07692307692307693
14642b2de98ec31eaadc2d1425973d03,7c9b52a0.json,evaluation,11,11,13,1.0,0.0,1.5454545454545454,10.6465,9.101045454545455,1.0,0.5555555555555556,0.4444444444444444,0.8461538461538461
456e94035d71337edbe1d0a132ef6715,7c9b52a0.json,evaluation,0,0,0,,,,,,,0.0,,
6652110f2b4b2e7355ada3fbc645c36d,7d18a6fb.json,evaluation,2,2,25,1.0,0.0,0.0,6.387,6.387,0.0,0.5555555555555556,-0.5555555555555556,0.08
6941f78fb5c5781aff81a1df88b778e4,7d18a6fb.json,evaluation,10,10,25,1.0,0.0,1.0,6.387,5.387,1.0,0.5555555555555556,0.4444444444444444,0.4
6d064862350fa4c0d214dcb1723ca20b,7d18a6fb.json,evaluation,1,0,25,,,,6.387,,,0.5555555555555556,,0.04
7d72179853f04a28dd274d7b145b5525,7d18a6fb.json,evaluation,26,26,25,1.0,0.0,5.923076923076923,6.387,0.4639230769230762,1.0,0.5555555555555556,0.4444444444444444,1.04
813ea00524540ecdf3e4dbfae3d15ff9,7d18a6fb.json,evaluation,0,0,0,,,,,,,0.0,,
81e62353775aac84b1dcca7379844456,7d18a6fb.json,evaluation,4,4,25,1.0,0.0,0.25,6.387,6.137,1.0,0.5555555555555556,0.4444444444444444,0.16
85af0b31496670c13ddf0c63e7ad57ac,7d18a6fb.json,evaluation,0,0,0,,,,,,,0.0,,
943d8dbc201e4300a221e78232c4184d,7d18a6fb.json,evaluation,3,1,25,1.0,0.0,0.0,6.387,6.387,0.0,0.5555555555555556,-0.5555555555555556,0.12
a18f3ff130e053f374ad414ce141ec37,7d18a6fb.json,evaluation,0,0,0,,,,,,,0.0,,
bb1525feb89505067c56998f566ee15f,7d18a6fb.json,evaluation,1,1,25,1.0,0.0,0.0,6.387,6.387,1.0,0.5555555555555556,0.4444444444444444,0.04
048022a60c2cf8ae0032596f4a1a1623,7d1f7ee8.json,evaluation,31,31,118,1.0,0.0,0.03225806451612903,2.759,2.726741935483871,0.0967741935483871,0.3333333333333333,-0.23655913978494622,0.2627118644067797
6420cc775271a5cf010b961e32c8f7d6,7d1f7ee8.json,evaluation,0,0,0,,,,,,,0.0,,
91dad6decd37e9cecb53c72b2707fb26,7d1f7ee8.json,evaluation,2,2,118,1.0,0.0,1.0,2.759,1.759,1.0,0.3333333333333333,0.6666666666666667,0.01694915254237288
9bf65852a83655108a4414dfffac6e32,7d1f7ee8.json,evaluation,0,0,0,,,,,,,0.0,,
e73c3da01ae6b526d5272fd009acff0d,7d1f7ee8.json,evaluation,0,0,0,,,,,,,0.0,,
f9923ec6361d62b19157616a4cc102b2,7d1f7ee8.json,evaluation,0,0,0,,,,,,,0.0,,
e9ed471e47fca80cf5fb13c5bc3545ab,7d1f7ee8.json,evaluation,0,0,0,,,,,,,0.0,,
7557a7467440120050940a007b81038f,7d419a02.json,evaluation,0,0,0,,,,,,,0.0,,
660da56639d6c1adf6d11cb40caa07a2,7d419a02.json,evaluation,0,0,0,,,,,,,0.0,,
8a52789cf539764b72282a2fb0992286,7e02026e.json,evaluation,0,0,0,,,,,,,0.0,,
b75846fa697bf69c64d8ddb2502e976f,7e02026e.json,evaluation,0,0,0,,,,,,,0.0,,
c8b009cc0f208db74d32e308d018cc52,7e02026e.json,evaluation,0,0,0,,,,,,,0.0,,
6f8c402744b26a5f912a2469fed11f5f,7e02026e.json,evaluation,0,0,0,,,,,,,0.0,,
0b254893a295ece893cdd8636be52a1d,7ee1c6ea.json,evaluation,0,0,0,,,,,,,0.0,,
250546e277f16ce2707da7ed5a9f2218,7ee1c6ea.json,evaluation,1,1,28,1.0,0.0,0.0,1.4695,1.4695,0.0,0.2222222222222222,-0.2222222222222222,0.03571428571428571
438869b4b8c8f0807b49d59c14fac9f0,7ee1c6ea.json,evaluation,1,1,28,1.0,0.0,0.0,1.4695,1.4695,0.0,0.2222222222222222,-0.2222222222222222,0.03571428571428571
4b9028971c4157c66c5cbc1ed323cdd4,7ee1c6ea.json,evaluation,0,0,0,,,,,,,0.0,,
940773f52b167e16c8bc19e18150ccf7,7ee1c6ea.json,evaluation,0,0,0,,,,,,,0.0,,
a31308c93f327e82cbbfc4a8d3ba802b,7ee1c6ea.json,evaluation,0,0,0,,,,,,,0.0,,
b994526314c8564332f090495d624993,7ee1c6ea.json,evaluation,0,0,0,,,,,,,0.0,,
d2760dfd26b324ec50340ef21c20c924,7ee1c6ea.json,evaluation,0,0,0,,,,,,,0.0,,
e3bbc35048e72fff7279147741004602,7ee1c6ea.json,evaluation,1,1,28,1.0,0.0,1.0,1.4695,0.46950000000000003,1.0,0.2222222222222222,0.7777777777777778,0.03571428571428571
2f07d9a1ef1a816d50ac96243e3ee254,7ee1c6ea.json,evaluation,0,0,0,,,,,,,0.0,,
8545ccb9b40cf0726bb481f38ba87e63,7ee1c6ea.json,evaluation,0,0,0,,,,,,,0.0,,
d0ee85c0b43db444e48d54349c6398fe,817e6c09.json,evaluation,0,0,0,,,,,,,0.0,,
01b14747ad84d6e0dfa8995f26d9c3c8,81c0276b.json,evaluation,1,0,11,,,,13.886,,,0.5555555555555556,,0.09090909090909091
0a3df29992c174b104e0fa0d0cd0783d,81c0276b.json,evaluation,0,0,0,,,,,,,0.0,,
2bcb8cb9bd6673f397cbe0857b4b625d,81c0276b.json,evaluation,0,0,0,,,,,,,0.0,,
2e819873fe470fdad3db2cba01ff0890,81c0276b.json,evaluation,1,1,11,1.0,0.0,0.0,13.886,13.886,1.0,0.5555555555555556,0.4444444444444444,0.09090909090909091
46b6fdc5a6de3d2dbf4e73e721417079,81c0276b.json,evaluation,0,0,0,,,,,,,0.0,,
5e1636022eab58ae0064cd490c308a84,81c0276b.json,evaluation,0,0,0,,,,,,,0.0,,
522e02cfc6b655df2e74e123b45b1d63,81c0276b.json,evaluation,0,0,0,,,,,,,0.0,,
17d6ce7949b7bef3d02e19b0d67d5827,833dafe3.json,evaluation,15,15,244,1.0,0.0,0.06666666666666667,0.049,-0.017666666666666664,1.0,0.4444444444444444,0.5555555555555556,0.06147540983606557
1c3b14b74af8df037eda2ba23cf3dfb6,833dafe3.json,evaluation,12,10,244,1.0,0.0,0.0,0.049,0.049,1.0,0.4444444444444444,0.5555555555555556,0.04918032786885246
63470ed6419befb599f4f4973103e2f2,833dafe3.json,evaluation,19,19,244,1.0,0.0,0.15789473684210525,0.049,-0.10889473684210525,1.0,0.4444444444444444,0.5555555555555556,0.0778688524590164
7ed9ec4ca6d7e3c4e2289d79a830eed3,833dafe3.json,evaluation,55,55,244,1.0,0.0,0.05454545454545454,0.049,-0.005545454545454541,1.0,0.4444444444444444,0.5555555555555556,0.22540983606557377
9950a67df971bd358d0f96566b26770c,833dafe3.json,evaluation,0,0,0,,,,,,,0.0,,
b46586d0f2876a45c17bc91204667b2b,833dafe3.json,evaluation,6,6,244,1.0,0.0,0.0,0.049,0.049,1.0,0.4444444444444444,0.5555555555555556,0.02459016393442623
fc495ddcfe52a76a2f9afed55ca2dc99,833dafe3.json,evaluation,15,15,244,1.0,0.0,0.0,0.049,0.049,1.0,0.4444444444444444,0.5555555555555556,0.06147540983606557
94429685609eff92151b8874bd15e9f4,833dafe3.json,evaluation,0,0,0,,,,,,,0.0,,
330bdb79dd6e84939efcaa3e28739e84,845d6e51.json,evaluation,0,0,0,,,,,,,0.0,,
3e6d325b0b8e6dfed8c8d3426d700aa0,845d6e51.json,evaluation,0,0,0,,,,,,,0.0,,
9b9ad9980557f3ac1615205f66d32c0a,845d6e51.json,evaluation,0,0,0,,,,,,,0.0,,
a0308028dfddebf45b70bbbaee971d2e,845d6e51.json,evaluation,0,0,0,,,,,,,0.0,,
f046ca2be533698a2cf42810b5c60865,845d6e51.json,evaluation,1,1,39,1.0,0.0,1.0,2.0535,1.0535,1.0,0.4444444444444444,0.5555555555555556,0.02564102564102564
2f168c5350aa8656a307ab6ff4e89714,845d6e51.json,evaluation,41,41,39,1.0,0.0,0.04878048780487805,2.0535,2.004719512195122,0.04878048780487805,0.4444444444444444,-0.3956639566395664,1.0512820512820513
ffef39dd0d0db4fb0c4b5d1618428c85,845d6e51.json,evaluation,0,0,0,,,,,,,0.0,,
38e93c1a7e94cb53f6f859b361649def,84db8fc4.json,evaluation,1,1,35,1.0,0.0,1.0,0.738,-0.262,0.0,0.2222222222222222,-0.2222222222222222,0.02857142857142857
7d898e556dbd357e5a2d1fabe1636f34,84db8fc4.json,evaluation,0,0,0,,,,,,,0.0,,
1f2746883973fa934db863c194638abd,84f2aca1.json,evaluation,0,0,0,,,,,,,0.0,,
2f9e6693f652735a1a8a67c1237623bf,84f2aca1.json,evaluation,0,0,0,,,,,,,0.0,,
4f6606a80f772bd71d52d1306a4a387e,84f2aca1.json,evaluation,0,0,0,,,,,,,0.0,,
d33fd1151d22aab2dd159b33de481962,84f2aca1.json,evaluation,0,0,0,,,,,,,0.0,,
f237cf8e00a3a5dbd70bf4b77dbda751,84f2aca1.json,evaluation,0,0,0,,,,,,,0.0,,
7d898e556dbd357e5a2d1fabe1636f34,84f2aca1.json,evaluation,1,1,7,1.0,0.0,1.0,2.618,1.6179999999999999,1.0,0.2222222222222222,0.7777777777777778,0.14285714285714285
44ffe391e2224bb0463f064bf2f27349,8597cfd7.json,evaluation,5,0,4,,,,7.2955,,,0.1111111111111111,,1.25
7be9b6be01cbd287b00b5b1b0093cc25,8597cfd7.json,evaluation,0,0,0,,,,,,,0.0,,
bd2a9c03930265f3c0e0111145fc8cd2,8597cfd7.json,evaluation,0,0,0,,,,,,,0.0,,
0f8005a82b8e363ee5f7144f2954c781,8597cfd7.json,evaluation,0,0,0,,,,,,,0.0,,
56ffe79946d05cbc61e214cb5dc32712,8597cfd7.json,evaluation,0,0,0,,,,,,,0.0,,
a04c36c444bcaadd7704fd306699abc3,8597cfd7.json,evaluation,0,0,0,,,,,,,0.0,,
ac41fe761e12766668e0613e4bf60e6b,8597cfd7.json,evaluation,0,0,0,,,,,,,0.0,,
ad6a5a3e81e09efe941aa436de006d74,8597cfd7.json,evaluation,0,0,0,,,,,,,0.0,,
b307b18350144a13c42b141bf4fc06f2,8597cfd7.json,evaluation,0,0,0,,,,,,,0.0,,
e73c7157dd3925417b8059ee0acfb0cb,8597cfd7.json,evaluation,0,0,0,,,,,,,0.0,,
f8902ebc197cfdf036d9b50ea40e03b4,8597cfd7.json,evaluation,0,0,0,,,,,,,0.0,,
047a5f031e5d7bfa6c2eb039ceab439b,85b81ff1.json,evaluation,0,0,0,,,,,,,0.0,,
b7a9cfafe97d8dc68817c0da2b7e84be,85b81ff1.json,evaluation,2,2,20,1.0,0.0,2.0,1.6315,-0.36850000000000005,1.0,0.2222222222222222,0.7777777777777778,0.1
e569802c7fdacc3d9062ce40183bd6eb,85b81ff1.json,evaluation,0,0,0,,,,,,,0.0,,
bc161afc811daae14682622634baf3cc,85b81ff1.json,evaluation,3,3,20,1.0,0.0,2.0,1.6315,-0.36850000000000005,1.0,0.2222222222222222,0.7777777777777778,0.15
3fc7b814b683d94babc304f6a648091e,85fa5666.json,evaluation,0,0,0,,,,,,,0.0,,
ec1f56d6b8cd36a50c4c3c7534d5cb15,85fa5666.json,evaluation,1,1,16,1.0,0.0,0.0,1.1535,1.1535,1.0,0.4444444444444444,0.5555555555555556,0.0625
fd2b5ed655f7d7bd6f5a6d2e3cbbfe87,85fa5666.json,evaluation,0,0,0,,,,,,,0.0,,
0bb5475a79320bc7f2d18bcb533e5a9a,85fa5666.json,evaluation,0,0,0,,,,,,,0.0,,
349d16f4d495ff341055805d01794d49,88207623.json,evaluation,1,1,27,1.0,0.0,0.0,3.148,3.148,0.0,0.4444444444444444,-0.4444444444444444,0.037037037037037035
3b14d33521f80ad0e41cafb264b84b2a,88207623.json,evaluation,33,33,27,1.0,0.0,1.0,3.148,2.148,0.42424242424242425,0.4444444444444444,-0.020202020202020166,1.2222222222222223
73bef82f79646387aa27d8755d7e6436,88207623.json,evaluation,0,0,0,,,,,,,0.0,,
e9497586013cb9a234ba9065a7abe90e,88207623.json,evaluation,2,2,27,1.0,0.0,1.0,3.148,2.148,1.0,0.4444444444444444,0.5555555555555556,0.07407407407407407
f750fd81cb7ef2e061d0d7a92ab29f86,88207623.json,evaluation,2,2,27,1.0,0.0,2.0,3.148,1.1480000000000001,0.5,0.4444444444444444,0.05555555555555558,0.07407407407407407
ff6c7efb8d311d639393eaf2805f0dd8,88207623.json,evaluation,1,1,27,1.0,0.0,1.0,3.148,2.148,1.0,0.4444444444444444,0.5555555555555556,0.037037037037037035
741961b6973486e602c62c5c9dd6423e,88207623.json,evaluation,0,0,0,,,,,,,0.0,,
ebab84c6669aef5fa8cae0f12cbe7772,88207623.json,evaluation,0,0,0,,,,,,,0.0,,
57734e50c1f5ca6bdd9804c4a1029210,891232d6.json,evaluation,0,0,0,,,,,,,0.0,,
151891d80ec95e0a0c0f39c51d2190ee,896d5239.json,evaluation,0,0,0,,,,,,,0.0,,
321e3d81541294c87333ccb756e65f39,896d5239.json,evaluation,0,0,0,,,,,,,0.0,,
b3db9a298f8104617b83fd723397f2ab,896d5239.json,evaluation,0,0,0,,,,,,,0.0,,
c8ef0f9ea0027fe9e7fb9dcb5086cb4c,896d5239.json,evaluation,0,0,0,,,,,,,0.0,,
d38ecc91a9958a2f70288d914fa28416,896d5239.json,evaluation,0,0,0,,,,,,,0.0,,
dbf5aed4e58be81e9bafd9c17fceb3ca,896d5239.json,evaluation,3,3,25,1.0,0.0,1.3333333333333333,3.103,1.769666666666667,1.0,0.1111111111111111,0.8888888888888888,0.12
061f06908316d683089d3a04d5004fbf,8a371977.json,evaluation,2,2,400,1.0,0.0,1.0,0.6385,-0.36150000000000004,1.0,0.2222222222222222,0.7777777777777778,0.005
18558d1feb4746d45b79bc064b3bc09b,8a371977.json,evaluation,1,1,400,1.0,0.0,1.0,0.6385,-0.36150000000000004,1.0,0.2222222222222222,0.7777777777777778,0.0025
a86c1bc6b2145086647aec445b41178d,8a371977.json,evaluation,1,1,400,1.0,0.0,0.0,0.6385,0.6385,0.0,0.2222222222222222,-0.2222222222222222,0.0025
aba28253771a798ffe0b943a41c5f2dd,8a371977.json,evaluation,0,0,0,,,,,,,0.0,,
c8e3ea259fc9d5884f572d32c4a6c55b,8a371977.json,evaluation,1,1,400,1.0,0.0,1.0,0.6385,-0.36150000000000004,1.0,0.2222222222222222,0.7777777777777778,0.0025
d6277987a579f8a889804dada819b4a8,8a371977.json,evaluation,0,0,0,,,,,,,0.0,,
4ffe51f9700541018b71cbbbb0e80a97,8b28cd80.json,evaluation,0,0,0,,,,,,,0.0,,
8774b97b624a2f8efe72e5e1dbe6e8a3,8b28cd80.json,evaluation,0,0,0,,,,,,,0.0,,
6d59aa4fc7c2e2d43445efbb8ce32e89,8b28cd80.json,evaluation,0,0,0,,,,,,,0.0,,
f352a608948d733b8c770751e445eea4,8b28cd80.json,evaluation,1,1,77,1.0,0.0,0.0,0.0555,0.0555,1.0,0.2222222222222222,0.7777777777777778,0.012987012987012988
0b9daf136f66aac5d6d5c80e9fedc8a5,8ba14f53.json,evaluation,0,0,0,,,,,,,0.0,,
13d21927ff62cf618ab8b83499e34777,8ba14f53.json,evaluation,0,0,0,,,,,,,0.0,,
7ad9c7eb365fdf4e90c04aa163181220,8ba14f53.json,evaluation,1,1,2,1.0,0.0,1.0,3.384,2.384,1.0,0.2222222222222222,0.7777777777777778,0.5
a298b60a185605105b223c1b5fe11f6b,8ba14f53.json,evaluation,0,0,0,,,,,,,0.0,,
cb917b7082006ac52ece515a2f30af38,8ba14f53.json,evaluation,0,0,0,,,,,,,0.0,,
d7021078306a318187d9212bc1033dd7,8ba14f53.json,evaluation,0,0,0,,,,,,,0.0,,
330bdb79dd6e84939efcaa3e28739e84,8cb8642d.json,evaluation,1,0,154,,,,1.7405,,,0.4444444444444444,,0.006493506493506494
9b9ad9980557f3ac1615205f66d32c0a,8cb8642d.json,evaluation,36,36,154,1.0,0.0,0.05555555555555555,1.7405,1.6849444444444444,0.5833333333333334,0.4444444444444444,0.13888888888888895,0.23376623376623376
a0308028dfddebf45b70bbbaee971d2e,8cb8642d.json,evaluation,0,0,0,,,,,,,0.0,,
3e6d325b0b8e6dfed8c8d3426d700aa0,8cb8642d.json,evaluation,2,2,154,1.0,0.0,0.0,1.7405,1.7405,1.0,0.4444444444444444,0.5555555555555556,0.012987012987012988
01548da004c6123b7e8050119f45462f,8dae5dfc.json,evaluation,3,3,207,1.0,0.0,1.0,0.701,-0.29900000000000004,1.0,0.6666666666666666,0.33333333333333337,0.014492753623188406
1b696eeb3e06afd4fced5ea50d395fc7,8dae5dfc.json,evaluation,0,0,0,,,,,,,0.0,,
6420cc775271a5cf010b961e32c8f7d6,8dae5dfc.json,evaluation,3,3,207,1.0,0.0,1.0,0.701,-0.29900000000000004,1.0,0.6666666666666666,0.33333333333333337,0.014492753623188406
e73c3da01ae6b526d5272fd009acff0d,8dae5dfc.json,evaluation,0,0,0,,,,,,,0.0,,
0a4471d6e778c98d9faf9bcbf0068ea6,8e2edd66.json,evaluation,5,5,77,1.0,0.0,0.0,0.0525,0.0525,1.0,0.2222222222222222,0.7777777777777778,0.06493506493506493
b1a05b5aea1ebd7edd961d77ae8edd68,8e2edd66.json,evaluation,0,0,0,,,,,,,0.0,,
c91deae33e83c5853cfb1a4b1376ce42,8e2edd66.json,evaluation,0,0,0,,,,,,,0.0,,
f20663db8af6261da77b77cfd092b64c,8e2edd66.json,evaluation,18,18,77,1.0,0.0,0.0,0.0525,0.0525,1.0,0.2222222222222222,0.7777777777777778,0.23376623376623376
11be35a6491b8e9bb0158a3da7e249bf,8ee62060.json,evaluation,0,0,0,,,,,,,0.0,,
5efbc9e8e092a37c76d496f19bb9cc1e,8ee62060.json,evaluation,6,6,48,1.0,0.0,0.5,1.5815,1.0815,1.0,0.3333333333333333,0.6666666666666667,0.125
81cdf1633c4d2b464f12a2ad628ffaeb,8ee62060.json,evaluation,30,30,48,1.0,0.0,0.3333333333333333,1.5815,1.2481666666666666,1.0,0.3333333333333333,0.6666666666666667,0.625
d7e6e02803b25deca977a8b04417701b,8ee62060.json,evaluation,6,6,48,1.0,0.0,1.3333333333333333,1.5815,0.24816666666666665,1.0,0.3333333333333333,0.6666666666666667,0.125
e4bae42f79445ed57408a511f96764a6,8ee62060.json,evaluation,11,11,48,1.0,0.0,0.0,1.5815,1.5815,1.0,0.3333333333333333,0.6666666666666667,0.22916666666666666
311d1b3b84fc1f3e3b4c425b83a4b32a,8ee62060.json,evaluation,4,4,48,1.0,0.0,0.0,1.5815,1.5815,1.0,0.3333333333333333,0.6666666666666667,0.08333333333333333
3153c72d7fb5e86d9e60a9809df58492,8ee62060.json,evaluation,2,2,48,1.0,0.0,1.0,1.5815,0.5814999999999999,1.0,0.3333333333333333,0.6666666666666667,0.041666666666666664
a6903b942aeb8e3c53310c2745c22a99,8ee62060.json,evaluation,2,2,48,1.0,0.0,0.5,1.5815,1.0815,1.0,0.3333333333333333,0.6666666666666667,0.041666666666666664
51d66e51250c7b88248233ea68554716,8fbca751.json,evaluation,0,0,0,,,,,,,0.0,,
9978d541fbaeb7256c00c2f1b05eb59a,8fbca751.json,evaluation,2,2,25,1.0,0.0,0.0,1.579,1.579,0.0,0.1111111111111111,-0.1111111111111111,0.08
ca5d82dcdc45c6e0134479980aa99bd7,8fbca751.json,evaluation,0,0,0,,,,,,,0.0,,
d49a0e573efabb13e6c578aa4a25e775,8fbca751.json,evaluation,0,0,0,,,,,,,0.0,,
2f79765d9cf43d6b1b18abc0e8521f50,8fbca751.json,evaluation,0,0,0,,,,,,,0.0,,
c27eefa832c63c90188b5feb8b450674,8fbca751.json,evaluation,0,0,0,,,,,,,0.0,,
af5d118361eaa994659eee203cd9e5ec,8fbca751.json,evaluation,0,0,0,,,,,,,0.0,,
e627eeafe3e2f13d3009a49385e4975b,8fbca751.json,evaluation,0,0,0,,,,,,,0.0,,
a298b60a185605105b223c1b5fe11f6b,90347967.json,evaluation,0,0,0,,,,,,,0.0,,
0f8005a82b8e363ee5f7144f2954c781,903d1b4a.json,evaluation,0,0,0,,,,,,,0.0,,
44ffe391e2224bb0463f064bf2f27349,903d1b4a.json,evaluation,0,0,0,,,,,,,0.0,,
4a0123e5ed19ea211635267bfcc515ab,903d1b4a.json,evaluation,1,1,20,1.0,0.0,0.0,6.2375,6.2375,1.0,0.5555555555555556,0.4444444444444444,0.05
71ba58da91d2f16f8db02ab42fafe8cb,903d1b4a.json,evaluation,1,1,20,1.0,0.0,0.0,6.2375,6.2375,1.0,0.5555555555555556,0.4444444444444444,0.05
ac41fe761e12766668e0613e4bf60e6b,903d1b4a.json,evaluation,0,0,0,,,,,,,0.0,,
ad6a5a3e81e09efe941aa436de006d74,903d1b4a.json,evaluation,1,1,20,1.0,0.0,0.0,6.2375,6.2375,1.0,0.5555555555555556,0.4444444444444444,0.05
b307b18350144a13c42b141bf4fc06f2,903d1b4a.json,evaluation,9,9,20,1.0,0.0,9.666666666666666,6.2375,-3.4291666666666663,0.3333333333333333,0.5555555555555556,-0.22222222222222227,0.45
f511c316a739a56f82ae31aea9d0036e,903d1b4a.json,evaluation,0,0,0,,,,,,,0.0,,
f8902ebc197cfdf036d9b50ea40e03b4,903d1b4a.json,evaluation,0,0,0,,,,,,,0.0,,
f9dd04ab316c08036dd3fe261cd637d8,903d1b4a.json,evaluation,11,11,20,1.0,0.0,7.181818181818182,6.2375,-0.9443181818181818,0.0,0.5555555555555556,-0.5555555555555556,0.55
74f061a40690a0308e1ce08e88ace6ab,903d1b4a.json,evaluation,0,0,0,,,,,,,0.0,,
7be9b6be01cbd287b00b5b1b0093cc25,903d1b4a.json,evaluation,2,2,20,1.0,0.0,10.5,6.2375,-4.2625,0.5,0.5555555555555556,-0.05555555555555558,0.1
bd2a9c03930265f3c0e0111145fc8cd2,903d1b4a.json,evaluation,0,0,0,,,,,,,0.0,,
6096233e1319d75099fc2e233fcf26c6,903d1b4a.json,evaluation,0,0,0,,,,,,,0.0,,
c72883ee7de3d68bdd68c64a52b99ec7,9110e3c5.json,evaluation,2,2,4,1.0,0.0,0.0,3.643,3.643,1.0,0.2222222222222222,0.7777777777777778,0.5
e7869904af7ac4b5e98af81311b4dd63,9110e3c5.json,evaluation,0,0,0,,,,,,,0.0,,
f046ca2be533698a2cf42810b5c60865,9110e3c5.json,evaluation,0,0,0,,,,,,,0.0,,
ffef39dd0d0db4fb0c4b5d1618428c85,9110e3c5.json,evaluation,0,0,0,,,,,,,0.0,,
2f168c5350aa8656a307ab6ff4e89714,9110e3c5.json,evaluation,0,0,0,,,,,,,0.0,,
ab597aa645c1ea90403ffa54df2b8cb6,9110e3c5.json,evaluation,0,0,0,,,,,,,0.0,,
18558d1feb4746d45b79bc064b3bc09b,917bccba.json,evaluation,0,0,0,,,,,,,0.0,,
7be9b6be01cbd287b00b5b1b0093cc25,917bccba.json,evaluation,0,0,0,,,,,,,0.0,,
a04c36c444bcaadd7704fd306699abc3,917bccba.json,evaluation,0,0,0,,,,,,,0.0,,
a86c1bc6b2145086647aec445b41178d,917bccba.json,evaluation,0,0,0,,,,,,,0.0,,
aba28253771a798ffe0b943a41c5f2dd,917bccba.json,evaluation,41,41,27,1.0,0.0,1.6341463414634145,1.53,-0.1041463414634145,0.975609756097561,0.2222222222222222,0.7533875338753387,1.5185185185185186
c8e3ea259fc9d5884f572d32c4a6c55b,917bccba.json,evaluation,0,0,0,,,,,,,0.0,,
e73c7157dd3925417b8059ee0acfb0cb,917bccba.json,evaluation,15,15,27,1.0,0.0,1.8,1.53,-0.27,1.0,0.2222222222222222,0.7777777777777778,0.5555555555555556
2d6e35476d3488e6fd93145f9ebdebd7,917bccba.json,evaluation,0,0,0,,,,,,,0.0,,
56ffe79946d05cbc61e214cb5dc32712,917bccba.json,evaluation,13,13,27,1.0,0.0,2.230769230769231,1.53,-0.7007692307692308,1.0,0.2222222222222222,0.7777777777777778,0.48148148148148145
95f395373062c6d5bf2c4eb15b3235f1,929ab4e9.json,evaluation,190,190,33,1.0,0.0,5.521052631578947,6.3395,0.8184473684210527,0.49473684210526314,0.5555555555555556,-0.06081871345029244,5.757575757575758
cb33a8dc274e1544aefb465412fb5e1b,929ab4e9.json,evaluation,8,8,33,1.0,0.0,0.125,6.3395,6.2145,0.375,0.5555555555555556,-0.18055555555555558,0.24242424242424243
46b6fdc5a6de3d2dbf4e73e721417079,92e50de0.json,evaluation,0,0,0,,,,,,,0.0,,
522e02cfc6b655df2e74e123b45b1d63,92e50de0.json,evaluation,0,0,0,,,,,,,0.0,,
0a3df29992c174b104e0fa0d0cd0783d,92e50de0.json,evaluation,0,0,0,,,,,,,0.0,,
2f6c9537a0edbb4345c913ed613f862a,92e50de0.json,evaluation,0,0,0,,,,,,,0.0,,
5e1636022eab58ae0064cd490c308a84,92e50de0.json,evaluation,0,0,0,,,,,,,0.0,,
01b14747ad84d6e0dfa8995f26d9c3c8,92e50de0.json,evaluation,0,0,0,,,,,,,0.0,,
4b05540b3e746892de5fe7c361005aef,9356391f.json,evaluation,0,0,0,,,,,,,0.0,,
4c8208b272216a3be78d7708e8211f0a,9356391f.json,evaluation,1,1,64,1.0,0.0,11.0,2.7615,-8.2385,0.0,0.3333333333333333,-0.3333333333333333,0.015625
8825a829d0317be399b73e9d0983603d,9356391f.json,evaluation,0,0,0,,,,,,,0.0,,
d16cd9b08bf76b69e2f5bad23c072223,9356391f.json,evaluation,3,3,64,1.0,0.0,1.0,2.7615,1.7614999999999998,1.0,0.3333333333333333,0.6666666666666667,0.046875
e35023b755c14aa0551170f7f51573ea,9356391f.json,evaluation,1,1,64,1.0,0.0,0.0,2.7615,2.7615,1.0,0.3333333333333333,0.6666666666666667,0.015625
0091198689f23fa8719bcf996801e8c7,93b4f4b3.json,evaluation,8,8,26,1.0,0.0,0.625,2.697,2.072,0.0,0.4444444444444444,-0.4444444444444444,0.3076923076923077
380bd021569d18cafd3f17596d9075a4,93b4f4b3.json,evaluation,0,0,0,,,,,,,0.0,,
aedcbd53ab247055bd4056f427b20f8e,93b4f4b3.json,evaluation,0,0,0,,,,,,,0.0,,
c88e554adf9bf61b60c55255e96e6dd3,93b4f4b3.json,evaluation,0,0,0,,,,,,,0.0,,
23d102b56921182b4221066a6b64684a,93c31fbe.json,evaluation,13,13,36,1.0,0.0,2.8461538461538463,4.1825,1.3363461538461539,0.38461538461538464,0.2222222222222222,0.16239316239316243,0.3611111111111111
2fd0edcd27d76416402561531ed5dcfe,93c31fbe.json,evaluation,3,3,36,1.0,0.0,1.0,4.1825,3.1825,1.0,0.2222222222222222,0.7777777777777778,0.08333333333333333
4ffe51f9700541018b71cbbbb0e80a97,93c31fbe.json,evaluation,1,1,36,1.0,0.0,2.0,4.1825,2.1825,1.0,0.2222222222222222,0.7777777777777778,0.027777777777777776
8b1dffdd0231b56ddfd9d737bdf41e19,93c31fbe.json,evaluation,3,3,36,1.0,0.0,1.0,4.1825,3.1825,1.0,0.2222222222222222,0.7777777777777778,0.08333333333333333
e4074176823324829af0a000ac5cfa63,93c31fbe.json,evaluation,0,0,0,,,,,,,0.0,,
e4aecc3f8a939a57b9b7697ce4875edf,93c31fbe.json,evaluation,0,0,0,,,,,,,0.0,,
8e2df76970d28a1639967507988110bc,94133066.json,evaluation,2,1,130,1.0,0.0,0.0,7.5245,7.5245,1.0,0.5555555555555556,0.4444444444444444,0.015384615384615385
fc979bb4233b14df365938d309d7208d,94133066.json,evaluation,3,1,130,1.0,0.0,0.0,7.5245,7.5245,1.0,0.5555555555555556,0.4444444444444444,0.023076923076923078
0091198689f23fa8719bcf996801e8c7,94414823.json,evaluation,0,0,0,,,,,,,0.0,,
28dfd3dab1bd5825869467245a1af7a8,94414823.json,evaluation,0,0,0,,,,,,,0.0,,
2d8afa44409bc04fe4c9403f5664c151,94414823.json,evaluation,1,1,16,1.0,0.0,1.0,2.369,1.3690000000000002,1.0,0.2222222222222222,0.7777777777777778,0.0625
380bd021569d18cafd3f17596d9075a4,94414823.json,evaluation,0,0,0,,,,,,,0.0,,
3ad0a325f5430748c1bfbf2b551b9aa2,94414823.json,evaluation,1,1,16,1.0,0.0,3.0,2.369,-0.6309999999999998,0.0,0.2222222222222222,-0.2222222222222222,0.0625
5992352091a73ed1609c1384013e40ef,94414823.json,evaluation,0,0,0,,,,,,,0.0,,
8c1161ef6212f9dc2a88db9e6672c256,94414823.json,evaluation,1,1,16,1.0,0.0,3.0,2.369,-0.6309999999999998,0.0,0.2222222222222222,-0.2222222222222222,0.0625
b2950e829680cf0fef53daa28bed98bf,94414823.json,evaluation,0,0,0,,,,,,,0.0,,
bdaa4d89bdb5d351528229f9905146dc,94414823.json,evaluation,0,0,0,,,,,,,0.0,,
c069ed6e828dd77713eacec70e5725b6,94414823.json,evaluation,0,0,0,,,,,,,0.0,,
ff5bd65771ed44a5e913545e38c5defc,94414823.json,evaluation,0,0,0,,,,,,,0.0,,
57734e50c1f5ca6bdd9804c4a1029210,94be5b80.json,evaluation,2,2,54,1.0,0.0,0.5,2.3795,1.8795000000000002,1.0,0.5555555555555556,0.4444444444444444,0.037037037037037035
73a18a4362886378f00be50c62542c54,94be5b80.json,evaluation,14,14,54,1.0,0.0,0.21428571428571427,2.3795,2.1652142857142858,1.0,0.5555555555555556,0.4444444444444444,0.25925925925925924
d104d6afb3686f3e943cfb5374ff00e2,94be5b80.json,evaluation,4,3,54,1.0,0.0,1.0,2.3795,1.3795000000000002,1.0,0.5555555555555556,0.4444444444444444,0.07407407407407407
fc83301236387ffeef2e3fad89bb10de,94be5b80.json,evaluation,1,1,54,1.0,0.0,0.0,2.3795,2.3795,1.0,0.5555555555555556,0.4444444444444444,0.018518518518518517
9675826cfa15bc2c003155b2e5d420dd,94be5b80.json,evaluation,2,2,54,1.0,0.0,0.5,2.3795,1.8795000000000002,1.0,0.5555555555555556,0.4444444444444444,0.037037037037037035
048022a60c2cf8ae0032596f4a1a1623,95a58926.json,evaluation,39,39,62,1.0,0.0,0.41025641025641024,1.829,1.4187435897435896,0.6923076923076923,0.3333333333333333,0.358974358974359,0.6290322580645161
1b696eeb3e06afd4fced5ea50d395fc7,95a58926.json,evaluation,0,0,0,,,,,,,0.0,,
6420cc775271a5cf010b961e32c8f7d6,95a58926.json,evaluation,4,4,62,1.0,0.0,1.5,1.829,0.32899999999999996,1.0,0.3333333333333333,0.6666666666666667,0.06451612903225806
9bf65852a83655108a4414dfffac6e32,95a58926.json,evaluation,0,0,0,,,,,,,0.0,,
e73c3da01ae6b526d5272fd009acff0d,95a58926.json,evaluation,1,1,62,1.0,0.0,3.0,1.829,-1.171,1.0,0.3333333333333333,0.6666666666666667,0.016129032258064516
e9ed471e47fca80cf5fb13c5bc3545ab,95a58926.json,evaluation,3,3,62,1.0,0.0,1.0,1.829,0.829,1.0,0.3333333333333333,0.6666666666666667,0.04838709677419355
f9923ec6361d62b19157616a4cc102b2,95a58926.json,evaluation,4,4,62,1.0,0.0,1.5,1.829,0.32899999999999996,1.0,0.3333333333333333,0.6666666666666667,0.06451612903225806
6af8286092e403092e45598fa112ad71,963f59bc.json,evaluation,1,1,12,1.0,0.0,1.0,4.361,3.3609999999999998,1.0,0.2222222222222222,0.7777777777777778,0.08333333333333333
70b04a8383a4189b7135fc1d98a0dda0,963f59bc.json,evaluation,1,1,12,1.0,0.0,0.0,4.361,4.361,1.0,0.2222222222222222,0.7777777777777778,0.08333333333333333
9978d541fbaeb7256c00c2f1b05eb59a,963f59bc.json,evaluation,0,0,0,,,,,,,0.0,,
ca5d82dcdc45c6e0134479980aa99bd7,963f59bc.json,evaluation,0,0,0,,,,,,,0.0,,
e10ed4f8ff16934a275c3b058dcafc67,963f59bc.json,evaluation,1,1,12,1.0,0.0,1.0,4.361,3.3609999999999998,1.0,0.2222222222222222,0.7777777777777778,0.08333333333333333
e457cc11e5aaabdbb430094dcd66d758,963f59bc.json,evaluation,0,0,0,,,,,,,0.0,,
4c0adbffd3b98cc32507fca7be6d0d22,963f59bc.json,evaluation,1,1,12,1.0,0.0,3.0,4.361,1.3609999999999998,1.0,0.2222222222222222,0.7777777777777778,0.08333333333333333
f0521fc86aacef95f64cc43da08bccac,963f59bc.json,evaluation,7,7,12,1.0,0.0,3.142857142857143,4.361,1.218142857142857,1.0,0.2222222222222222,0.7777777777777778,0.5833333333333334
f9eb47fca19ae78a88df6da565d18061,963f59bc.json,evaluation,5,5,12,1.0,0.0,1.4,4.361,2.961,0.6,0.2222222222222222,0.37777777777777777,0.4166666666666667
2c63cf685c70f6f4c849f343a3e29273,96a8c0cd.json,evaluation,0,0,0,,,,,,,0.0,,
546b36904afdee9b9e772fbf0dd817e4,96a8c0cd.json,evaluation,3,3,41,1.0,0.0,1.3333333333333333,3.0625,1.7291666666666667,1.0,0.1111111111111111,0.8888888888888888,0.07317073170731707
9fdf8e92217169071740b2e6c0de9f24,96a8c0cd.json,evaluation,0,0,0,,,,,,,0.0,,
b18f26f0d6c59db36f7dc4be8f7d976d,96a8c0cd.json,evaluation,0,0,0,,,,,,,0.0,,
c89196baea814ed98e8ad8fe4dc4a131,96a8c0cd.json,evaluation,0,0,0,,,,,,,0.0,,
33105e3c97a30a7c3f3cf637d0c96d82,97239e3d.json,evaluation,0,0,0,,,,,,,0.0,,
7ed201b49e6945af478bad95e991d069,97239e3d.json,evaluation,1,1,56,1.0,0.0,1.0,1.7695,0.7695000000000001,0.0,0.2222222222222222,-0.2222222222222222,0.017857142857142856
df6bfc26960d17d92e844f76241c38fa,97239e3d.json,evaluation,0,0,0,,,,,,,0.0,,
e11a1d3b67da2497ef3613c8e4c3f8f3,97239e3d.json,evaluation,0,0,0,,,,,,,0.0,,
e4cfb93941ed9092b62eb0c69774c175,97239e3d.json,evaluation,18,18,56,1.0,0.0,1.7222222222222223,1.7695,0.04727777777777775,0.1111111111111111,0.2222222222222222,-0.1111111111111111,0.32142857142857145
e6d2382020caac16d5c4ed244c6eff77,97239e3d.json,evaluation,2,2,56,1.0,0.0,1.5,1.7695,0.2695000000000001,1.0,0.2222222222222222,0.7777777777777778,0.03571428571428571
4c9a489ad5c8f4289129c2fa5fe7feb2,97239e3d.json,evaluation,0,0,0,,,,,,,0.0,,
c4237eaed664740f7a1df473e1677a38,97239e3d.json,evaluation,6,6,56,1.0,0.0,1.0,1.7695,0.7695000000000001,1.0,0.2222222222222222,0.7777777777777778,0.10714285714285714
2286a7f8bb4fecb0b65a7dfa146ba6ae,9772c176.json,evaluation,5,5,28,1.0,0.0,1.0,3.5465,2.5465,0.8,0.1111111111111111,0.6888888888888889,0.17857142857142858
660da56639d6c1adf6d11cb40caa07a2,9772c176.json,evaluation,0,0,0,,,,,,,0.0,,
add6499ca3a0f903351f958350146f0a,9772c176.json,evaluation,0,0,0,,,,,,,0.0,,
cf63a4589ebcb9b288db01bd88e251ba,9772c176.json,evaluation,0,0,0,,,,,,,0.0,,
09cc6e2091fc9c89a65e741709bbd091,981571dc.json,evaluation,2,2,30,1.0,0.0,4.5,10.0475,5.547499999999999,1.0,0.7777777777777778,0.2222222222222222,0.06666666666666667
a83b9e79bf6423e2e86e16d49ae17f43,981571dc.json,evaluation,2,2,30,1.0,0.0,0.0,10.0475,10.0475,1.0,0.7777777777777778,0.2222222222222222,0.06666666666666667
d16cd9b08bf76b69e2f5bad23c072223,981571dc.json,evaluation,6,6,30,1.0,0.0,0.0,10.0475,10.0475,1.0,0.7777777777777778,0.2222222222222222,0.2
e35023b755c14aa0551170f7f51573ea,981571dc.json,evaluation,28,28,30,1.0,0.0,0.03571428571428571,10.0475,10.011785714285713,0.9285714285714286,0.7777777777777778,0.1507936507936508,0.9333333333333333
8825a829d0317be399b73e9d0983603d,981571dc.json,evaluation,0,0,0,,,,,,,0.0,,
03bfaef98653a09ed8aa8e08de334120,992798f6.json,evaluation,0,0,0,,,,,,,0.0,,
41c0cc594aeffc50a287e810ffcb237d,992798f6.json,evaluation,0,0,0,,,,,,,0.0,,
584d3aef89ffda3b36192a0990504ffb,992798f6.json,evaluation,0,0,0,,,,,,,0.0,,
a3dc20c67e1b1467bc47995a784ba5b2,992798f6.json,evaluation,1,1,11,1.0,0.0,1.0,5.005,4.005,1.0,0.1111111111111111,0.8888888888888888,0.09090909090909091
ddbb5541fe47fbe6167f4209a2a5a9ec,992798f6.json,evaluation,6,6,11,1.0,0.0,1.0,5.005,4.005,1.0,0.1111111111111111,0.8888888888888888,0.5454545454545454
ee4d1eccbc458eb60a8ceb58bdde1aea,992798f6.json,evaluation,4,4,11,1.0,0.0,1.0,5.005,4.005,1.0,0.1111111111111111,0.8888888888888888,0.36363636363636365
078347e8fab7715faf4ee2a225afa306,99306f82.json,evaluation,4,4,132,1.0,0.0,0.0,2.4895,2.4895,0.0,0.5555555555555556,-0.5555555555555556,0.030303030303030304
0fb275b2f8094b9341ebe667acac3487,99306f82.json,evaluation,8,8,132,1.0,0.0,1.25,2.4895,1.2395,0.875,0.5555555555555556,0.3194444444444444,0.06060606060606061
34ddf2efe9d7e43853d6c177b966a9c1,99306f82.json,evaluation,1,1,132,1.0,0.0,1.0,2.4895,1.4895,0.0,0.5555555555555556,-0.5555555555555556,0.007575757575757576
73c1de82f716bda27c501529aa8b30d8,99306f82.json,evaluation,10,10,132,1.0,0.0,1.0,2.4895,1.4895,0.8,0.5555555555555556,0.24444444444444446,0.07575757575757576
b92c88147f16e81df65ec8ae0113623c,99306f82.json,evaluation,0,0,0,,,,,,,0.0,,
e76803f27b99617532fa574a24a8eac8,99306f82.json,evaluation,0,0,0,,,,,,,0.0,,
ec0e37e76c3719bffce29af17c9f4725,99306f82.json,evaluation,13,13,132,1.0,0.0,0.0,2.4895,2.4895,0.6153846153846154,0.5555555555555556,0.05982905982905984,0.09848484848484848
3309d6c919af949ae4527ea208e55254,9a4bb226.json,evaluation,2,2,9,1.0,0.0,0.0,10.442,10.442,1.0,0.3333333333333333,0.6666666666666667,0.2222222222222222
3d52efd3f82a94cd9df376c9cbef2b39,9a4bb226.json,evaluation,0,0,0,,,,,,,0.0,,
5d2818aab8291cd8023209e5cc4e0f46,9a4bb226.json,evaluation,1,1,9,1.0,0.0,0.0,10.442,10.442,0.0,0.3333333333333333,-0.3333333333333333,0.1111111111111111
60046161699987d207f40e92575d8738,9a4bb226.json,evaluation,0,0,0,,,,,,,0.0,,
a69d6d1efd1fd7079e465994acffa413,9a4bb226.json,evaluation,0,0,0,,,,,,,0.0,,
0821c326ad789ffabce6eb45ecd22aa4,9a4bb226.json,evaluation,0,0,0,,,,,,,0.0,,
50fc600408475ca38b1724cb68e1be9e,9a4bb226.json,evaluation,1,1,9,1.0,0.0,0.0,10.442,10.442,1.0,0.3333333333333333,0.6666666666666667,0.1111111111111111
5efbc9e8e092a37c76d496f19bb9cc1e,9b2a60aa.json,evaluation,1,1,24,1.0,0.0,1.0,3.959,2.959,1.0,0.3333333333333333,0.6666666666666667,0.041666666666666664
70d316bb35f6e5004d606747a4accc32,9b2a60aa.json,evaluation,0,0,0,,,,,,,0.0,,
a6903b942aeb8e3c53310c2745c22a99,9b2a60aa.json,evaluation,2,2,24,1.0,0.0,4.0,3.959,-0.040999999999999925,0.5,0.3333333333333333,0.16666666666666669,0.08333333333333333
d7e6e02803b25deca977a8b04417701b,9b2a60aa.json,evaluation,0,0,0,,,,,,,0.0,,
c1c76db97c34eaf63899a1586719effd,9b2a60aa.json,evaluation,1,1,24,1.0,0.0,1.0,3.959,2.959,1.0,0.3333333333333333,0.6666666666666667,0.041666666666666664
f7583a3c0953faffcb973eb1fcd7b066,9b2a60aa.json,evaluation,0,0,0,,,,,,,0.0,,
e4bae42f79445ed57408a511f96764a6,9b2a60aa.json,evaluation,4,4,24,1.0,0.0,0.5,3.959,3.459,1.0,0.3333333333333333,0.6666666666666667,0.16666666666666666
3e17c4202c51be7155b477219e81c201,9b365c51.json,evaluation,0,0,0,,,,,,,0.0,,
8f42fd331f95d550ce7f9c1c56c0e6f8,9b365c51.json,evaluation,21,20,94,1.0,0.0,0.0,0.6505,0.6505,1.0,0.7777777777777778,0.2222222222222222,0.22340425531914893
b113707832b4427b82e2d5be29714f93,9b365c51.json,evaluation,0,0,0,,,,,,,0.0,,
b2d364f15c5c89403a3c998302edd460,9b365c51.json,evaluation,0,0,0,,,,,,,0.0,,
4d3abff8640f887167e48b2002ebc833,9b4c17c4.json,evaluation,0,0,0,,,,,,,0.0,,
6c1b19a0e9be7c39b53b8a31447f669f,9b4c17c4.json,evaluation,0,0,0,,,,,,,0.0,,
2e819873fe470fdad3db2cba01ff0890,9bebae7a.json,evaluation,0,0,0,,,,,,,0.0,,
a83b9e79bf6423e2e86e16d49ae17f43,9bebae7a.json,evaluation,5,5,15,1.0,0.0,1.6,3.678,2.078,0.8,0.2222222222222222,0.5777777777777778,0.3333333333333333
e32feee5a511aaec1cda3e525ea927f6,9bebae7a.json,evaluation,0,0,0,,,,,,,0.0,,
ec447777820844f233cfad91932b0891,9bebae7a.json,evaluation,1,1,15,1.0,0.0,1.0,3.678,2.678,1.0,0.2222222222222222,0.7777777777777778,0.06666666666666667
2bcb8cb9bd6673f397cbe0857b4b625d,9bebae7a.json,evaluation,1,1,15,1.0,0.0,1.0,3.678,2.678,1.0,0.2222222222222222,0.7777777777777778,0.06666666666666667
8485ca311b4ab38f2911a407d70fee6a,9bebae7a.json,evaluation,6,6,15,1.0,0.0,1.3333333333333333,3.678,2.344666666666667,1.0,0.2222222222222222,0.7777777777777778,0.4
b29d2ff6288187c652d62b159dd5c707,9bebae7a.json,evaluation,0,0,0,,,,,,,0.0,,
42901fb64e19a320cb93d7443cfc43d4,9c1e755f.json,evaluation,0,0,0,,,,,,,0.0,,
43da1d967f6537bf26e5aeb65e80e154,9c1e755f.json,evaluation,1,1,38,1.0,0.0,0.0,1.069,1.069,0.0,0.6666666666666666,-0.6666666666666666,0.02631578947368421
4aec1e1cc96be88b468ef7c7f47786af,9c1e755f.json,evaluation,0,0,0,,,,,,,0.0,,
7372c9fb3779ad27feda213a99b4184c,9c1e755f.json,evaluation,0,0,0,,,,,,,0.0,,
9a2397cc1d145b1aff7a69a7fb51e3ff,9c1e755f.json,evaluation,5,5,38,1.0,0.0,0.0,1.069,1.069,1.0,0.6666666666666666,0.33333333333333337,0.13157894736842105
a7c1cb7943aef8aad6a9cdf80173a16d,9c1e755f.json,evaluation,1,1,38,1.0,0.0,1.0,1.069,0.06899999999999995,1.0,0.6666666666666666,0.33333333333333337,0.02631578947368421
a8e9ca1094cdf6f9a45d76fde6f8cf30,9c1e755f.json,evaluation,0,0,0,,,,,,,0.0,,
b0b982ac561dc98e1a63662e48e1f5ff,9c1e755f.json,evaluation,0,0,0,,,,,,,0.0,,
30a1cd49f79796e1a457b34c70394f97,9c1e755f.json,evaluation,2,2,38,1.0,0.0,1.0,1.069,0.06899999999999995,0.5,0.6666666666666666,-0.16666666666666663,0.05263157894736842
3ed0d976ac32be20fb16a25f5a87bf5e,9c1e755f.json,evaluation,0,0,0,,,,,,,0.0,,
243a2345062cd197caa1efb40e2b348d,9c56f360.json,evaluation,0,0,0,,,,,,,0.0,,
4e55aeaef27c28f7e20887088021ee13,9c56f360.json,evaluation,0,0,0,,,,,,,0.0,,
7f97df6135ce00ab31f79a95d15cf975,9c56f360.json,evaluation,4,4,14,1.0,0.0,2.75,1.782,-0.968,0.25,0.2222222222222222,0.02777777777777779,0.2857142857142857
e90eee3ddb4aec5086322a82335e7f6a,9c56f360.json,evaluation,0,0,0,,,,,,,0.0,,
220e45a4666b68d110d75c566c392c1d,9c56f360.json,evaluation,1,1,14,1.0,0.0,1.0,1.782,0.782,1.0,0.2222222222222222,0.7777777777777778,0.07142857142857142
4b9ff461bcb8a879552b1f91fafae97c,9c56f360.json,evaluation,0,0,0,,,,,,,0.0,,
aba28253771a798ffe0b943a41c5f2dd,9caba7c3.json,evaluation,0,0,0,,,,,,,0.0,,
d6277987a579f8a889804dada819b4a8,9caba7c3.json,evaluation,3,3,26,1.0,0.0,0.6666666666666666,3.6275,2.9608333333333334,1.0,0.2222222222222222,0.7777777777777778,0.11538461538461539
2c9115bb589184a6174bd6fd07d62ee4,9ddd00f0.json,evaluation,15,15,135,1.0,0.0,1.5333333333333334,1.4055,-0.12783333333333347,1.0,0.1111111111111111,0.8888888888888888,0.1111111111111111
2f07d9a1ef1a816d50ac96243e3ee254,9ddd00f0.json,evaluation,44,44,135,1.0,0.0,1.5454545454545454,1.4055,-0.13995454545454544,0.13636363636363635,0.1111111111111111,0.02525252525252525,0.32592592592592595
4b9028971c4157c66c5cbc1ed323cdd4,9ddd00f0.json,evaluation,0,0,0,,,,,,,0.0,,
92653c793e8f14b5deae23d8b8aec922,9ddd00f0.json,evaluation,2,2,135,1.0,0.0,1.0,1.4055,0.40549999999999997,1.0,0.1111111111111111,0.8888888888888888,0.014814814814814815
af0bc990572ad7f671cd7519d7f2ff93,9ddd00f0.json,evaluation,0,0,0,,,,,,,0.0,,
b994526314c8564332f090495d624993,9ddd00f0.json,evaluation,8,8,135,1.0,0.0,2.5,1.4055,-1.0945,0.125,0.1111111111111111,0.013888888888888895,0.05925925925925926
d479e862ecd0945ceec3ff90138b2dbf,9ddd00f0.json,evaluation,6,6,135,1.0,0.0,3.1666666666666665,1.4055,-1.7611666666666665,0.16666666666666666,0.1111111111111111,0.05555555555555555,0.044444444444444446
e3bbc35048e72fff7279147741004602,9ddd00f0.json,evaluation,9,7,135,1.0,0.0,1.0,1.4055,0.40549999999999997,1.0,0.1111111111111111,0.8888888888888888,0.06666666666666667
6c1b19a0e9be7c39b53b8a31447f669f,9def23fe.json,evaluation,0,0,0,,,,,,,0.0,,
e3eff66f403e2169f371b3a9fd9fb7c6,9def23fe.json,evaluation,3,3,114,1.0,0.0,1.0,1.916,0.9159999999999999,1.0,0.1111111111111111,0.8888888888888888,0.02631578947368421
fe5e4f95627d44926e8e949237291afd,9def23fe.json,evaluation,1,1,114,1.0,0.0,1.0,1.916,0.9159999999999999,0.0,0.1111111111111111,-0.1111111111111111,0.008771929824561403
56ffe79946d05cbc61e214cb5dc32712,9f27f097.json,evaluation,0,0,0,,,,,,,0.0,,
aba28253771a798ffe0b943a41c5f2dd,9f27f097.json,evaluation,10,10,12,1.0,0.0,3.3,5.635,2.335,1.0,0.2222222222222222,0.7777777777777778,0.8333333333333334
c8e3ea259fc9d5884f572d32c4a6c55b,9f27f097.json,evaluation,0,0,0,,,,,,,0.0,,
a04c36c444bcaadd7704fd306699abc3,9f27f097.json,evaluation,0,0,0,,,,,,,0.0,,
2d6e35476d3488e6fd93145f9ebdebd7,9f27f097.json,evaluation,0,0,0,,,,,,,0.0,,
220b6df09c1946d97c745853a58fef5a,a04b2602.json,evaluation,25,25,106,1.0,0.0,1.48,1.8835,0.40349999999999997,0.04,0.1111111111111111,-0.0711111111111111,0.2358490566037736
6d064862350fa4c0d214dcb1723ca20b,a04b2602.json,evaluation,5,5,106,1.0,0.0,1.2,1.8835,0.6835,0.0,0.1111111111111111,-0.1111111111111111,0.04716981132075472
7ad9c7eb365fdf4e90c04aa163181220,a04b2602.json,evaluation,0,0,0,,,,,,,0.0,,
81e62353775aac84b1dcca7379844456,a04b2602.json,evaluation,2,2,106,1.0,0.0,1.0,1.8835,0.8835,1.0,0.1111111111111111,0.8888888888888888,0.018867924528301886
85af0b31496670c13ddf0c63e7ad57ac,a04b2602.json,evaluation,0,0,0,,,,,,,0.0,,
bb1525feb89505067c56998f566ee15f,a04b2602.json,evaluation,0,0,0,,,,,,,0.0,,
c85429023ceb308d50ccad3b9dbdc8ee,a04b2602.json,evaluation,0,0,0,,,,,,,0.0,,
cb917b7082006ac52ece515a2f30af38,a04b2602.json,evaluation,4,4,106,1.0,0.0,1.0,1.8835,0.8835,1.0,0.1111111111111111,0.8888888888888888,0.03773584905660377
795214e856f61e9c7a822dee95b5cb05,a04b2602.json,evaluation,0,0,0,,,,,,,0.0,,
7ed201b49e6945af478bad95e991d069,a096bf4d.json,evaluation,7,7,11,1.0,0.0,0.2857142857142857,5.57,5.284285714285715,0.7142857142857143,0.4444444444444444,0.2698412698412699,0.6363636363636364
c4237eaed664740f7a1df473e1677a38,a096bf4d.json,evaluation,0,0,0,,,,,,,0.0,,
e6d2382020caac16d5c4ed244c6eff77,a096bf4d.json,evaluation,0,0,0,,,,,,,0.0,,
9e412766c472f62248cc8fa7854e324c,a096bf4d.json,evaluation,0,0,0,,,,,,,0.0,,
df6bfc26960d17d92e844f76241c38fa,a096bf4d.json,evaluation,5,5,11,1.0,0.0,3.8,5.57,1.7700000000000005,1.0,0.4444444444444444,0.5555555555555556,0.45454545454545453
e11a1d3b67da2497ef3613c8e4c3f8f3,a096bf4d.json,evaluation,0,0,0,,,,,,,0.0,,
196fc741bff204e58a05a2c124df683d,a3f84088.json,evaluation,1,1,409,1.0,0.0,0.0,1.263,1.263,1.0,0.2222222222222222,0.7777777777777778,0.0024449877750611247
cc47e8a96435b859a8a3d3084ac75b39,a3f84088.json,evaluation,1,1,409,1.0,0.0,0.0,1.263,1.263,1.0,0.2222222222222222,0.7777777777777778,0.0024449877750611247
f556f2eec158ab76686500c825abee59,a3f84088.json,evaluation,0,0,0,,,,,,,0.0,,
151891d80ec95e0a0c0f39c51d2190ee,a406ac07.json,evaluation,6,6,17,1.0,0.0,1.0,2.4415,1.4415,0.6666666666666666,0.5555555555555556,0.11111111111111105,0.35294117647058826
807647a1ecac142a079794e7ecba780f,a406ac07.json,evaluation,0,0,0,,,,,,,0.0,,
8ae1351037f9d448271754e193b32813,a406ac07.json,evaluation,0,0,0,,,,,,,0.0,,
97998c4b433d7b10d97e4fe20168e995,a406ac07.json,evaluation,17,17,17,1.0,0.0,1.3529411764705883,2.4415,1.0885588235294117,0.8823529411764706,0.5555555555555556,0.326797385620915,1.0
b4fa05fa14501d1f8c49e8c5bce6802f,a406ac07.json,evaluation,1,1,17,1.0,0.0,1.0,2.4415,1.4415,1.0,0.5555555555555556,0.4444444444444444,0.058823529411764705
b5d14cf3aaf97b4f15bb1b15f23a999d,a406ac07.json,evaluation,0,0,0,,,,,,,0.0,,
20c16d671cbfb08b7362ae41850d80a7,a406ac07.json,evaluation,0,0,0,,,,,,,0.0,,
22fabcb92d8909e75c71f892ca2a586f,a406ac07.json,evaluation,0,0,0,,,,,,,0.0,,
c926df77eb0e5df2def7da3c45ade105,a406ac07.json,evaluation,0,0,0,,,,,,,0.0,,
58a06989137bcae6b261a9d95d064cd3,a57f2f04.json,evaluation,0,0,0,,,,,,,0.0,,
9bf65852a83655108a4414dfffac6e32,a57f2f04.json,evaluation,2,2,82,1.0,0.0,0.0,3.6135,3.6135,1.0,0.3333333333333333,0.6666666666666667,0.024390243902439025
f9923ec6361d62b19157616a4cc102b2,a57f2f04.json,evaluation,1,1,82,1.0,0.0,1.0,3.6135,2.6135,1.0,0.3333333333333333,0.6666666666666667,0.012195121951219513
b04640fdc8f11340e6bd6be7633e56e9,a59b95c0.json,evaluation,4,4,135,1.0,0.0,0.0,0.0955,0.0955,0.5,0.4444444444444444,0.05555555555555558,0.02962962962962963
e4aecc3f8a939a57b9b7697ce4875edf,a59b95c0.json,evaluation,0,0,0,,,,,,,0.0,,
f352a608948d733b8c770751e445eea4,a59b95c0.json,evaluation,0,0,0,,,,,,,0.0,,
4ffe51f9700541018b71cbbbb0e80a97,a59b95c0.json,evaluation,0,0,0,,,,,,,0.0,,
2fd0edcd27d76416402561531ed5dcfe,a59b95c0.json,evaluation,0,0,0,,,,,,,0.0,,
8b1dffdd0231b56ddfd9d737bdf41e19,a59b95c0.json,evaluation,6,6,135,1.0,0.0,1.3333333333333333,0.0955,-1.2378333333333333,0.3333333333333333,0.4444444444444444,-0.1111111111111111,0.044444444444444446
e4074176823324829af0a000ac5cfa63,a59b95c0.json,evaluation,1,1,135,1.0,0.0,0.0,0.0955,0.0955,1.0,0.4444444444444444,0.5555555555555556,0.007407407407407408
00136a0f6142ddb48fd80ea8ff22f12d,a680ac02.json,evaluation,42,40,33,1.0,0.0,4.375,10.198,5.823,0.925,0.3333333333333333,0.5916666666666668,1.2727272727272727
30cc3c16ae3d34dcd7fe8e59b4aedf33,a680ac02.json,evaluation,0,0,0,,,,,,,0.0,,
6f8c402744b26a5f912a2469fed11f5f,a680ac02.json,evaluation,0,0,0,,,,,,,0.0,,
8a52789cf539764b72282a2fb0992286,a680ac02.json,evaluation,1,0,33,,,,10.198,,,0.3333333333333333,,0.030303030303030304
9c42c9d1a98ae2b661286f6ce1e9dcf1,a680ac02.json,evaluation,30,26,33,1.0,0.0,5.038461538461538,10.198,5.159538461538462,1.0,0.3333333333333333,0.6666666666666667,0.9090909090909091
b75846fa697bf69c64d8ddb2502e976f,a680ac02.json,evaluation,0,0,0,,,,,,,0.0,,
c8b009cc0f208db74d32e308d018cc52,a680ac02.json,evaluation,0,0,0,,,,,,,0.0,,
d3a34f72017d512b6a5d89256cf87bc3,a680ac02.json,evaluation,0,0,0,,,,,,,0.0,,
16f817b1e0b97200ed10461f6e62693e,a934301b.json,evaluation,1,1,48,1.0,0.0,5.0,1.7505,-3.2495000000000003,0.0,0.1111111111111111,-0.1111111111111111,0.020833333333333332
33105e3c97a30a7c3f3cf637d0c96d82,a934301b.json,evaluation,0,0,0,,,,,,,0.0,,
4c9a489ad5c8f4289129c2fa5fe7feb2,a934301b.json,evaluation,1,1,48,1.0,0.0,5.0,1.7505,-3.2495000000000003,0.0,0.1111111111111111,-0.1111111111111111,0.020833333333333332
546b36904afdee9b9e772fbf0dd817e4,a934301b.json,evaluation,0,0,0,,,,,,,0.0,,
5b19fc9f288ef4a1bd22a2cb9db89b97,a934301b.json,evaluation,0,0,0,,,,,,,0.0,,
9e412766c472f62248cc8fa7854e324c,a934301b.json,evaluation,0,0,0,,,,,,,0.0,,
9fdf8e92217169071740b2e6c0de9f24,a934301b.json,evaluation,4,4,48,1.0,0.0,3.75,1.7505,-1.9995,1.0,0.1111111111111111,0.8888888888888888,0.08333333333333333
c4237eaed664740f7a1df473e1677a38,a934301b.json,evaluation,0,0,0,,,,,,,0.0,,
df6bfc26960d17d92e844f76241c38fa,a934301b.json,evaluation,1,0,48,,,,1.7505,,,0.1111111111111111,,0.020833333333333332
e11a1d3b67da2497ef3613c8e4c3f8f3,a934301b.json,evaluation,0,0,0,,,,,,,0.0,,
3070dc728d89aeb34d7e5a77db586f99,a934301b.json,evaluation,15,15,48,1.0,0.0,3.2,1.7505,-1.4495000000000002,0.6666666666666666,0.1111111111111111,0.5555555555555556,0.3125
11940e50c397b98ae4a0e182019e8c05,aa18de87.json,evaluation,1,1,13,1.0,0.0,0.0,1.1,1.1,0.0,0.1111111111111111,-0.1111111111111111,0.07692307692307693
7d771c47bb98bafff9cb8375252009b0,aa18de87.json,evaluation,0,0,0,,,,,,,0.0,,
92653c793e8f14b5deae23d8b8aec922,aa18de87.json,evaluation,0,0,0,,,,,,,0.0,,
af0bc990572ad7f671cd7519d7f2ff93,aa18de87.json,evaluation,0,0,0,,,,,,,0.0,,
d479e862ecd0945ceec3ff90138b2dbf,aa18de87.json,evaluation,0,0,0,,,,,,,0.0,,
2c9115bb589184a6174bd6fd07d62ee4,aa18de87.json,evaluation,2,2,13,1.0,0.0,2.5,1.1,-1.4,1.0,0.1111111111111111,0.8888888888888888,0.15384615384615385
03bfaef98653a09ed8aa8e08de334120,aa300dc3.json,evaluation,0,0,0,,,,,,,0.0,,
2172f3d3b786559f0539e954ee2c1968,aa300dc3.json,evaluation,0,0,0,,,,,,,0.0,,
24fad1450785f194be0dba1ea99b0d58,aa300dc3.json,evaluation,0,0,0,,,,,,,0.0,,
41c0cc594aeffc50a287e810ffcb237d,aa300dc3.json,evaluation,0,0,0,,,,,,,0.0,,
550461f653c1c4c65cf40815dd77ec86,aa300dc3.json,evaluation,0,0,0,,,,,,,0.0,,
68b7c676b543075b33204ff40ae76985,aa300dc3.json,evaluation,12,12,7,1.0,0.0,2.6666666666666665,3.5015,0.8348333333333335,0.0,0.1111111111111111,-0.1111111111111111,1.7142857142857142
7426449648c92ad3972bf2c82e51c530,aa300dc3.json,evaluation,1,1,7,1.0,0.0,0.0,3.5015,3.5015,0.0,0.1111111111111111,-0.1111111111111111,0.14285714285714285
ddbb5541fe47fbe6167f4209a2a5a9ec,aa300dc3.json,evaluation,2,2,7,1.0,0.0,0.5,3.5015,3.0015,0.0,0.1111111111111111,-0.1111111111111111,0.2857142857142857
e0869dd63f8f2aa5ee0f3ba740e28e25,aa300dc3.json,evaluation,0,0,0,,,,,,,0.0,,
ee4d1eccbc458eb60a8ceb58bdde1aea,aa300dc3.json,evaluation,1,1,7,1.0,0.0,1.0,3.5015,2.5015,1.0,0.1111111111111111,0.8888888888888888,0.14285714285714285
07a533a48f36b4553b23b2bf7ba1ff5b,aa4ec2a5.json,evaluation,1,1,242,1.0,0.0,1.0,1.725,0.7250000000000001,1.0,0.3333333333333333,0.6666666666666667,0.004132231404958678
3914f6c13e5d791ae74d9c3e12b20ef3,aa4ec2a5.json,evaluation,19,19,242,1.0,0.0,0.7894736842105263,1.725,0.9355263157894738,0.7368421052631579,0.3333333333333333,0.40350877192982454,0.07851239669421488
8765162c735e07e77519ee2957ae0130,aa4ec2a5.json,evaluation,15,15,242,1.0,0.0,1.2,1.725,0.5250000000000001,0.0,0.3333333333333333,-0.3333333333333333,0.06198347107438017
db42f55edd1506194541fdfdecc42022,aa4ec2a5.json,evaluation,11,11,242,1.0,0.0,0.36363636363636365,1.725,1.3613636363636363,0.45454545454545453,0.3333333333333333,0.12121212121212122,0.045454545454545456
fceab3c5c488920b73c056c607039100,aa4ec2a5.json,evaluation,12,12,242,1.0,0.0,0.9166666666666666,1.725,0.8083333333333335,0.9166666666666666,0.3333333333333333,0.5833333333333333,0.049586776859504134
4e8e8c24ddd302468d2dd8356dfb057f,aa4ec2a5.json,evaluation,0,0,0,,,,,,,0.0,,
9e85e4a20e90ff45227199b96cacc99a,aa4ec2a5.json,evaluation,0,0,0,,,,,,,0.0,,
c0a5a89f632fd1c06faae2868d4987b9,aa4ec2a5.json,evaluation,0,0,0,,,,,,,0.0,,
f9e09165f1e1ff303e547946790fc10e,aa4ec2a5.json,evaluation,18,18,242,1.0,0.0,0.8333333333333334,1.725,0.8916666666666667,1.0,0.3333333333333333,0.6666666666666667,0.0743801652892562
cd4cafb583a55ba4934a60088dcafbb8,aa4ec2a5.json,evaluation,1,1,242,1.0,0.0,0.0,1.725,1.725,1.0,0.3333333333333333,0.6666666666666667,0.004132231404958678
94429685609eff92151b8874bd15e9f4,aab50785.json,evaluation,1,0,27,,,,7.4035,,,0.8888888888888888,,0.037037037037037035
f1b6415dea8e19f81e3fd16bde798aa9,aab50785.json,evaluation,4,2,27,1.0,0.0,0.0,7.4035,7.4035,0.5,0.8888888888888888,-0.38888888888888884,0.14814814814814814
fd2b5ed655f7d7bd6f5a6d2e3cbbfe87,aab50785.json,evaluation,0,0,0,,,,,,,0.0,,
5762abd9c9b98a505e01b1677e1412d6,ac0c5833.json,evaluation,0,0,0,,,,,,,0.0,,
b75846fa697bf69c64d8ddb2502e976f,ac0c5833.json,evaluation,11,11,49,1.0,0.0,1.0,4.5675,3.5675,1.0,0.1111111111111111,0.8888888888888888,0.22448979591836735
c8b009cc0f208db74d32e308d018cc52,ac0c5833.json,evaluation,12,12,49,1.0,0.0,1.5833333333333333,4.5675,2.984166666666667,0.9166666666666666,0.1111111111111111,0.8055555555555556,0.24489795918367346
f43897c74dfcb9395d7a1b4a33afd293,ac0c5833.json,evaluation,2,2,49,1.0,0.0,1.0,4.5675,3.5675,1.0,0.1111111111111111,0.8888888888888888,0.04081632653061224
ff1070a18395ae11bf95c9aff9290279,ac0c5833.json,evaluation,9,9,49,1.0,0.0,1.0,4.5675,3.5675,1.0,0.1111111111111111,0.8888888888888888,0.1836734693877551
8a52789cf539764b72282a2fb0992286,ac0c5833.json,evaluation,0,0,0,,,,,,,0.0,,
4c941893b4d29b78532bba9e472fe3f7,ac0c5833.json,evaluation,1,1,49,1.0,0.0,1.0,4.5675,3.5675,1.0,0.1111111111111111,0.8888888888888888,0.02040816326530612
4b05540b3e746892de5fe7c361005aef,ac2e8ecf.json,evaluation,0,0,0,,,,,,,0.0,,
f556f2eec158ab76686500c825abee59,ac2e8ecf.json,evaluation,0,0,0,,,,,,,0.0,,
40436491ac6caed6ca37e8c9517b62f1,ac2e8ecf.json,evaluation,25,20,92,0.7,0.3,1.0,1.01,0.010000000000000009,1.0,0.5555555555555556,0.4444444444444444,0.2717391304347826
09662d8592626fbd195e5476d4fdfec4,ac3e2b04.json,evaluation,0,0,0,,,,,,,0.0,,
290d766a49db4b821f67e8d4d79b10f7,ac3e2b04.json,evaluation,0,0,0,,,,,,,0.0,,
660b445e45743db8a2098a4f8462f4a6,ac3e2b04.json,evaluation,0,0,0,,,,,,,0.0,,
959b8033692f6ea4dfa0ce3e7f4b78e7,ac3e2b04.json,evaluation,1,1,60,1.0,0.0,1.0,1.946,0.946,1.0,0.1111111111111111,0.8888888888888888,0.016666666666666666
ebad54cc60122331cb4f6e6c5e7f228b,ac3e2b04.json,evaluation,2,2,60,1.0,0.0,1.0,1.946,0.946,1.0,0.1111111111111111,0.8888888888888888,0.03333333333333333
ef3ae2d9b3cce05442698962a0a96f2b,ac3e2b04.json,evaluation,5,2,60,1.0,0.0,1.0,1.946,0.946,1.0,0.1111111111111111,0.8888888888888888,0.08333333333333333
9beda61b3fb1cf6794cf500572fa0735,ac3e2b04.json,evaluation,0,0,0,,,,,,,0.0,,
e35a9e29478d77f9a5ba48e89d0c851a,ac3e2b04.json,evaluation,1,1,60,1.0,0.0,1.0,1.946,0.946,1.0,0.1111111111111111,0.8888888888888888,0.016666666666666666
7bcc142ba14d34fab1052bc2d3660c47,ac3e2b04.json,evaluation,0,0,0,,,,,,,0.0,,
b0b31410b5e33f7ec27deba986c6fc73,ac3e2b04.json,evaluation,1,1,60,1.0,0.0,1.0,1.946,0.946,1.0,0.1111111111111111,0.8888888888888888,0.016666666666666666
6f8c402744b26a5f912a2469fed11f5f,ac605cbb.json,evaluation,1,1,19,1.0,0.0,0.0,1.9005,1.9005,1.0,0.6666666666666666,0.33333333333333337,0.05263157894736842
b75846fa697bf69c64d8ddb2502e976f,ac605cbb.json,evaluation,2,2,19,1.0,0.0,0.0,1.9005,1.9005,1.0,0.6666666666666666,0.33333333333333337,0.10526315789473684
ce821ea8d58864dc3a963e482f011ab1,ac605cbb.json,evaluation,1,1,19,1.0,0.0,0.0,1.9005,1.9005,1.0,0.6666666666666666,0.33333333333333337,0.05263157894736842
d67afe766c3765d2b9f66a639ed2366a,ac605cbb.json,evaluation,10,10,19,1.0,0.0,2.3,1.9005,-0.39949999999999974,0.9,0.6666666666666666,0.2333333333333334,0.5263157894736842
d3a34f72017d512b6a5d89256cf87bc3,ac605cbb.json,evaluation,0,0,0,,,,,,,0.0,,
642257002697dc4107e9c743af831722,ad7e01d0.json,evaluation,30,30,615,1.0,0.0,0.0,0.0145,0.0145,1.0,0.4444444444444444,0.5555555555555556,0.04878048780487805
7cdd9795e41b26aa463e746e59eee005,ad7e01d0.json,evaluation,31,30,615,1.0,0.0,0.0,0.0145,0.0145,1.0,0.4444444444444444,0.5555555555555556,0.05040650406504065
feabce0526bf2d1a7f962980812fe472,ad7e01d0.json,evaluation,0,0,0,,,,,,,0.0,,
b98d688d56c48105d76892212df9fa93,ad7e01d0.json,evaluation,0,0,0,,,,,,,0.0,,
586c7221695ddfe9983486294ca80a9d,ae58858e.json,evaluation,0,0,0,,,,,,,0.0,,
5fd2d77447da55099ae2b1f7516381e4,ae58858e.json,evaluation,0,0,0,,,,,,,0.0,,
95f395373062c6d5bf2c4eb15b3235f1,ae58858e.json,evaluation,0,0,0,,,,,,,0.0,,
dc0016539e9f8cd7a2c30469201902d6,ae58858e.json,evaluation,0,0,0,,,,,,,0.0,,
cb33a8dc274e1544aefb465412fb5e1b,ae58858e.json,evaluation,0,0,0,,,,,,,0.0,,
2f79765d9cf43d6b1b18abc0e8521f50,aee291af.json,evaluation,0,0,0,,,,,,,0.0,,
4c0adbffd3b98cc32507fca7be6d0d22,aee291af.json,evaluation,1,1,19,1.0,0.0,0.0,10.9675,10.9675,1.0,0.2222222222222222,0.7777777777777778,0.05263157894736842
70b04a8383a4189b7135fc1d98a0dda0,aee291af.json,evaluation,2,2,19,1.0,0.0,0.0,10.9675,10.9675,1.0,0.2222222222222222,0.7777777777777778,0.10526315789473684
9978d541fbaeb7256c00c2f1b05eb59a,aee291af.json,evaluation,0,0,0,,,,,,,0.0,,
6af8286092e403092e45598fa112ad71,aee291af.json,evaluation,0,0,0,,,,,,,0.0,,
c27eefa832c63c90188b5feb8b450674,aee291af.json,evaluation,0,0,0,,,,,,,0.0,,
f0521fc86aacef95f64cc43da08bccac,aee291af.json,evaluation,1,1,19,1.0,0.0,0.0,10.9675,10.9675,1.0,0.2222222222222222,0.7777777777777778,0.05263157894736842
f9eb47fca19ae78a88df6da565d18061,aee291af.json,evaluation,1,1,19,1.0,0.0,0.0,10.9675,10.9675,1.0,0.2222222222222222,0.7777777777777778,0.05263157894736842
94429685609eff92151b8874bd15e9f4,af22c60d.json,evaluation,3,3,56,1.0,0.0,0.3333333333333333,11.7705,11.437166666666666,0.6666666666666666,0.6666666666666666,0.0,0.05357142857142857
fc495ddcfe52a76a2f9afed55ca2dc99,af22c60d.json,evaluation,11,11,56,1.0,0.0,0.09090909090909091,11.7705,11.679590909090908,1.0,0.6666666666666666,0.33333333333333337,0.19642857142857142
11940e50c397b98ae4a0e182019e8c05,af24b4cc.json,evaluation,2,2,10,1.0,0.0,3.5,3.4835,-0.01650000000000018,1.0,0.5555555555555556,0.4444444444444444,0.2
2c9115bb589184a6174bd6fd07d62ee4,af24b4cc.json,evaluation,0,0,0,,,,,,,0.0,,
33cbb08484f0da7057d877b780bfc2c8,af24b4cc.json,evaluation,1,0,10,,,,3.4835,,,0.5555555555555556,,0.1
7cee7e6def0ca60e707c6af790e107ff,af24b4cc.json,evaluation,0,0,0,,,,,,,0.0,,
c45dd49a0edcc95241fbfd05d35c9dac,af24b4cc.json,evaluation,0,0,0,,,,,,,0.0,,
c514a634a2be9e746d9fe29579796530,af24b4cc.json,evaluation,0,0,0,,,,,,,0.0,,
d2893af8e9400f9d4e9f67013a7759c7,af24b4cc.json,evaluation,0,0,0,,,,,,,0.0,,
7d771c47bb98bafff9cb8375252009b0,af24b4cc.json,evaluation,0,0,0,,,,,,,0.0,,
d479e862ecd0945ceec3ff90138b2dbf,af24b4cc.json,evaluation,0,0,0,,,,,,,0.0,,
ec1f56d6b8cd36a50c4c3c7534d5cb15,b0722778.json,evaluation,2,2,12,1.0,0.0,0.0,3.3175,3.3175,1.0,0.4444444444444444,0.5555555555555556,0.16666666666666666
0bb5475a79320bc7f2d18bcb533e5a9a,b0722778.json,evaluation,0,0,0,,,,,,,0.0,,
fd2b5ed655f7d7bd6f5a6d2e3cbbfe87,b0722778.json,evaluation,0,0,0,,,,,,,0.0,,
61ba7e8cd7e435a5d0503af4f2dcae17,b0f4d537.json,evaluation,2,2,44,1.0,0.0,0.0,3.117,3.117,1.0,0.3333333333333333,0.6666666666666667,0.045454545454545456
7cb59d15000bddbae2eb1f359fd26640,b0f4d537.json,evaluation,30,30,44,1.0,0.0,2.2333333333333334,3.117,0.8836666666666666,0.16666666666666666,0.3333333333333333,-0.16666666666666666,0.6818181818181818
7f97df6135ce00ab31f79a95d15cf975,b0f4d537.json,evaluation,1,1,44,1.0,0.0,0.0,3.117,3.117,1.0,0.3333333333333333,0.6666666666666667,0.022727272727272728
81864705dbb475e3e228470f91499ae8,b0f4d537.json,evaluation,0,0,0,,,,,,,0.0,,
9871fd1fc5522b70f41c0875f4d4df59,b0f4d537.json,evaluation,0,0,0,,,,,,,0.0,,
abbbf404d6f48dcf9f0b5d92d711cf1d,b0f4d537.json,evaluation,0,0,0,,,,,,,0.0,,
f7cbbfd88558b04419383fcfbd01e94c,b0f4d537.json,evaluation,0,0,0,,,,,,,0.0,,
c2732bf30d29299b78b11adfad6cb064,b0f4d537.json,evaluation,0,0,0,,,,,,,0.0,,
24fad1450785f194be0dba1ea99b0d58,b15fca0b.json,evaluation,1,1,26,1.0,0.0,2.0,1.755,-0.2450000000000001,1.0,0.1111111111111111,0.8888888888888888,0.038461538461538464
4e8e8c24ddd302468d2dd8356dfb057f,b15fca0b.json,evaluation,0,0,0,,,,,,,0.0,,
550461f653c1c4c65cf40815dd77ec86,b15fca0b.json,evaluation,5,5,26,1.0,0.0,0.2,1.755,1.555,0.2,0.1111111111111111,0.0888888888888889,0.19230769230769232
68b7c676b543075b33204ff40ae76985,b15fca0b.json,evaluation,0,0,0,,,,,,,0.0,,
7426449648c92ad3972bf2c82e51c530,b15fca0b.json,evaluation,7,7,26,1.0,0.0,2.0,1.755,-0.2450000000000001,0.7142857142857143,0.1111111111111111,0.6031746031746033,0.2692307692307692
779e6ee0c568da822cafe17ab1a282a1,b15fca0b.json,evaluation,0,0,0,,,,,,,0.0,,
903799d209d9b13f9201be9a840268d3,b15fca0b.json,evaluation,2,2,26,1.0,0.0,1.0,1.755,0.7549999999999999,1.0,0.1111111111111111,0.8888888888888888,0.07692307692307693
db42f55edd1506194541fdfdecc42022,b15fca0b.json,evaluation,0,0,0,,,,,,,0.0,,
e0869dd63f8f2aa5ee0f3ba740e28e25,b15fca0b.json,evaluation,0,0,0,,,,,,,0.0,,
f9e09165f1e1ff303e547946790fc10e,b15fca0b.json,evaluation,14,14,26,1.0,0.0,2.5714285714285716,1.755,-0.8164285714285717,1.0,0.1111111111111111,0.8888888888888888,0.5384615384615384
09e70c7c303109bb3ff791b719691196,b15fca0b.json,evaluation,0,0,0,,,,,,,0.0,,
0bb5475a79320bc7f2d18bcb533e5a9a,b1fc8b8e.json,evaluation,7,7,16,1.0,0.0,1.2857142857142858,0.644,-0.6417142857142858,1.0,0.2222222222222222,0.7777777777777778,0.4375
3735a2cd53c9027c23668e0327e84da3,b1fc8b8e.json,evaluation,0,0,0,,,,,,,0.0,,
3fc7b814b683d94babc304f6a648091e,b1fc8b8e.json,evaluation,7,7,16,1.0,0.0,1.2857142857142858,0.644,-0.6417142857142858,1.0,0.2222222222222222,0.7777777777777778,0.4375
8bc07abf3980f0eed727ede8a11ecaf1,b1fc8b8e.json,evaluation,5,5,16,1.0,0.0,1.4,0.644,-0.7559999999999999,1.0,0.2222222222222222,0.7777777777777778,0.3125
ec1f56d6b8cd36a50c4c3c7534d5cb15,b1fc8b8e.json,evaluation,0,0,0,,,,,,,0.0,,
3153c72d7fb5e86d9e60a9809df58492,b20f7c8b.json,evaluation,30,30,100,1.0,0.0,6.1,3.2125,-2.8874999999999997,0.2,0.5555555555555556,-0.35555555555555557,0.3
54f19912e09f367b26fe9463385f18f6,b20f7c8b.json,evaluation,30,30,100,1.0,0.0,3.8333333333333335,3.2125,-0.6208333333333336,1.0,0.5555555555555556,0.4444444444444444,0.3
81cdf1633c4d2b464f12a2ad628ffaeb,b20f7c8b.json,evaluation,7,7,100,1.0,0.0,0.0,3.2125,3.2125,0.7142857142857143,0.5555555555555556,0.15873015873015872,0.07
a6903b942aeb8e3c53310c2745c22a99,b20f7c8b.json,evaluation,0,0,0,,,,,,,0.0,,
d7e6e02803b25deca977a8b04417701b,b20f7c8b.json,evaluation,1,1,100,1.0,0.0,0.0,3.2125,3.2125,1.0,0.5555555555555556,0.4444444444444444,0.01
11be35a6491b8e9bb0158a3da7e249bf,b20f7c8b.json,evaluation,1,1,100,1.0,0.0,0.0,3.2125,3.2125,1.0,0.5555555555555556,0.4444444444444444,0.01
2286a7f8bb4fecb0b65a7dfa146ba6ae,b457fec5.json,evaluation,20,20,228,1.0,0.0,0.25,2.692,2.442,1.0,0.4444444444444444,0.5555555555555556,0.08771929824561403
606123e49e757daa3f30ec7eb9d9c42b,b457fec5.json,evaluation,5,5,228,1.0,0.0,0.0,2.692,2.692,1.0,0.4444444444444444,0.5555555555555556,0.021929824561403508
09662d8592626fbd195e5476d4fdfec4,b7999b51.json,evaluation,0,0,0,,,,,,,0.0,,
959b8033692f6ea4dfa0ce3e7f4b78e7,b7999b51.json,evaluation,0,0,0,,,,,,,0.0,,
ef3ae2d9b3cce05442698962a0a96f2b,b7999b51.json,evaluation,0,0,0,,,,,,,0.0,,
290d766a49db4b821f67e8d4d79b10f7,b7999b51.json,evaluation,0,0,0,,,,,,,0.0,,
606123e49e757daa3f30ec7eb9d9c42b,b7999b51.json,evaluation,0,0,0,,,,,,,0.0,,
b0b31410b5e33f7ec27deba986c6fc73,b7999b51.json,evaluation,0,0,0,,,,,,,0.0,,
e35a9e29478d77f9a5ba48e89d0c851a,b7999b51.json,evaluation,0,0,0,,,,,,,0.0,,
ebad54cc60122331cb4f6e6c5e7f228b,b7999b51.json,evaluation,0,0,0,,,,,,,0.0,,
7bcc142ba14d34fab1052bc2d3660c47,b7999b51.json,evaluation,1,0,25,,,,7.1155,,,0.6666666666666666,,0.04
db972a4819054a3681a16c93eed4278c,b7999b51.json,evaluation,1,1,25,1.0,0.0,1.0,7.1155,6.1155,1.0,0.6666666666666666,0.33333333333333337,0.04
0d950d9ed094a253ab4d72c033871197,b7cb93ac.json,evaluation,3,2,12,1.0,0.0,0.0,4.924,4.924,0.0,0.3333333333333333,-0.3333333333333333,0.25
1d97732be7329da4fa1e650071e14491,b7cb93ac.json,evaluation,0,0,0,,,,,,,0.0,,
20c16d671cbfb08b7362ae41850d80a7,b7cb93ac.json,evaluation,0,0,0,,,,,,,0.0,,
2184ab698209e9f20e99a8a7fbaec9df,b7cb93ac.json,evaluation,3,3,12,1.0,0.0,0.0,4.924,4.924,1.0,0.3333333333333333,0.6666666666666667,0.25
3c4e051d79b86b0aef6424be49b48378,b7cb93ac.json,evaluation,3,3,12,1.0,0.0,0.0,4.924,4.924,1.0,0.3333333333333333,0.6666666666666667,0.25
3dcb8a9399b8fb512155e818c00d62e8,b7cb93ac.json,evaluation,2,0,12,,,,4.924,,,0.3333333333333333,,0.16666666666666666
b5d14cf3aaf97b4f15bb1b15f23a999d,b7cb93ac.json,evaluation,0,0,0,,,,,,,0.0,,
d749313c2ccad22b2cd042a4c70f3617,b7cb93ac.json,evaluation,0,0,0,,,,,,,0.0,,
d9494c9560d93245f2498f735ae92ce2,b7cb93ac.json,evaluation,0,0,0,,,,,,,0.0,,
2efbb02f2320d55d30a5633b2f40bdc6,b7cb93ac.json,evaluation,0,0,0,,,,,,,0.0,,
abf542d708d8925861724d3da94551a7,b7cb93ac.json,evaluation,5,4,12,1.0,0.0,0.0,4.924,4.924,1.0,0.3333333333333333,0.6666666666666667,0.4166666666666667
ac80cfe4cceee3849d5f9d2b8939f322,b7f8a4d8.json,evaluation,7,7,96,1.0,0.0,4.857142857142857,3.7925,-1.0646428571428568,1.0,0.2222222222222222,0.7777777777777778,0.07291666666666667
d49a0e573efabb13e6c578aa4a25e775,b7f8a4d8.json,evaluation,0,0,0,,,,,,,0.0,,
b876f90bbee6149f2c0e60680871ae55,b7f8a4d8.json,evaluation,2,2,96,1.0,0.0,1.0,3.7925,2.7925,1.0,0.2222222222222222,0.7777777777777778,0.020833333333333332
14dc4a39305577979a1f8da6d1ea5d82,b7fb29bc.json,evaluation,0,0,0,,,,,,,0.0,,
226d2c2d63e98111e3bdd51f507595fd,b7fb29bc.json,evaluation,0,0,0,,,,,,,0.0,,
3b2c9607d171e196b1792a419c26567e,b7fb29bc.json,evaluation,7,7,48,1.0,0.0,1.8571428571428572,2.6615,0.804357142857143,0.2857142857142857,0.2222222222222222,0.06349206349206349,0.14583333333333334
87708810d586bab5bd100e59acea26b3,b7fb29bc.json,evaluation,9,9,48,1.0,0.0,2.7777777777777777,2.6615,-0.11627777777777748,0.4444444444444444,0.2222222222222222,0.2222222222222222,0.1875
be6a78c8207edf9746ce9b0b105743ee,b7fb29bc.json,evaluation,0,0,0,,,,,,,0.0,,
f8bd63c74cf0dc6f371ab972c0e425a4,b7fb29bc.json,evaluation,0,0,0,,,,,,,0.0,,
fa6841f92f1803eb9ce6045e0eedf4e1,b7fb29bc.json,evaluation,0,0,0,,,,,,,0.0,,
20c16d671cbfb08b7362ae41850d80a7,b942fd60.json,evaluation,0,0,0,,,,,,,0.0,,
3c4e051d79b86b0aef6424be49b48378,b942fd60.json,evaluation,0,0,0,,,,,,,0.0,,
c926df77eb0e5df2def7da3c45ade105,b942fd60.json,evaluation,0,0,0,,,,,,,0.0,,
d749313c2ccad22b2cd042a4c70f3617,b942fd60.json,evaluation,3,3,43,1.0,0.0,1.0,0.8635,-0.13649999999999995,0.6666666666666666,0.1111111111111111,0.5555555555555556,0.06976744186046512
3e17c4202c51be7155b477219e81c201,b9630600.json,evaluation,0,0,0,,,,,,,0.0,,
87fb3acd31e05ea0263e582bb742c149,b9630600.json,evaluation,0,0,0,,,,,,,0.0,,
b113707832b4427b82e2d5be29714f93,b9630600.json,evaluation,0,0,0,,,,,,,0.0,,
b2d364f15c5c89403a3c998302edd460,b9630600.json,evaluation,6,6,61,1.0,0.0,1.0,5.1865,4.1865,1.0,0.2222222222222222,0.7777777777777778,0.09836065573770492
bb693aa67038eb784621245e67a74558,b9630600.json,evaluation,1,1,61,1.0,0.0,1.0,5.1865,4.1865,1.0,0.2222222222222222,0.7777777777777778,0.01639344262295082
8f42fd331f95d550ce7f9c1c56c0e6f8,b9630600.json,evaluation,0,0,0,,,,,,,0.0,,
330bdb79dd6e84939efcaa3e28739e84,ba9d41b8.json,evaluation,1,1,69,1.0,0.0,1.0,1.667,0.667,1.0,0.1111111111111111,0.8888888888888888,0.014492753623188406
a0308028dfddebf45b70bbbaee971d2e,ba9d41b8.json,evaluation,7,6,69,1.0,0.0,1.1666666666666667,1.667,0.5003333333333333,1.0,0.1111111111111111,0.8888888888888888,0.10144927536231885
c9f723f03c5cfa4f6c670dddf5f464c8,ba9d41b8.json,evaluation,1,1,69,1.0,0.0,1.0,1.667,0.667,1.0,0.1111111111111111,0.8888888888888888,0.014492753623188406
d0ee85c0b43db444e48d54349c6398fe,ba9d41b8.json,evaluation,1,1,69,1.0,0.0,1.0,1.667,0.667,1.0,0.1111111111111111,0.8888888888888888,0.014492753623188406
0091198689f23fa8719bcf996801e8c7,baf41dbf.json,evaluation,10,10,50,1.0,0.0,1.2,1.845,0.645,1.0,0.2222222222222222,0.7777777777777778,0.2
380bd021569d18cafd3f17596d9075a4,baf41dbf.json,evaluation,0,0,0,,,,,,,0.0,,
aedcbd53ab247055bd4056f427b20f8e,baf41dbf.json,evaluation,0,0,0,,,,,,,0.0,,
b2950e829680cf0fef53daa28bed98bf,baf41dbf.json,evaluation,6,6,50,1.0,0.0,1.0,1.845,0.845,1.0,0.2222222222222222,0.7777777777777778,0.12
c069ed6e828dd77713eacec70e5725b6,baf41dbf.json,evaluation,7,3,50,1.0,0.0,1.0,1.845,0.845,0.6666666666666666,0.2222222222222222,0.4444444444444444,0.14
c88e554adf9bf61b60c55255e96e6dd3,baf41dbf.json,evaluation,0,0,0,,,,,,,0.0,,
2bcb8cb9bd6673f397cbe0857b4b625d,bb52a14b.json,evaluation,0,0,0,,,,,,,0.0,,
2e819873fe470fdad3db2cba01ff0890,bb52a14b.json,evaluation,0,0,0,,,,,,,0.0,,
b29d2ff6288187c652d62b159dd5c707,bb52a14b.json,evaluation,0,0,0,,,,,,,0.0,,
ec447777820844f233cfad91932b0891,bb52a14b.json,evaluation,0,0,0,,,,,,,0.0,,
11be35a6491b8e9bb0158a3da7e249bf,bbb1b8b6.json,evaluation,0,0,0,,,,,,,0.0,,
311d1b3b84fc1f3e3b4c425b83a4b32a,bbb1b8b6.json,evaluation,1,1,8,1.0,0.0,0.0,2.4975,2.4975,0.0,0.1111111111111111,-0.1111111111111111,0.125
5efbc9e8e092a37c76d496f19bb9cc1e,bbb1b8b6.json,evaluation,0,0,0,,,,,,,0.0,,
81cdf1633c4d2b464f12a2ad628ffaeb,bbb1b8b6.json,evaluation,0,0,0,,,,,,,0.0,,
a6903b942aeb8e3c53310c2745c22a99,bbb1b8b6.json,evaluation,0,0,0,,,,,,,0.0,,
c1c76db97c34eaf63899a1586719effd,bbb1b8b6.json,evaluation,0,0,0,,,,,,,0.0,,
d7e6e02803b25deca977a8b04417701b,bbb1b8b6.json,evaluation,0,0,0,,,,,,,0.0,,
e4bae42f79445ed57408a511f96764a6,bbb1b8b6.json,evaluation,0,0,0,,,,,,,0.0,,
1357f41412d61d1e82194f4fa1006844,bc4146bd.json,evaluation,0,0,0,,,,,,,0.0,,
9a033274edc71976b6e7696f7683b4ae,bc4146bd.json,evaluation,1,1,64,1.0,0.0,0.0,0.4655,0.4655,1.0,0.3333333333333333,0.6666666666666667,0.015625
b4326527b5a249d8039e0e4ec3d2eb85,bc4146bd.json,evaluation,0,0,0,,,,,,,0.0,,
26a52f29a37e45c5b1fe02560b66c3ad,bc4146bd.json,evaluation,2,2,64,1.0,0.0,0.0,0.4655,0.4655,1.0,0.3333333333333333,0.6666666666666667,0.03125
10184aec96d75dd148859d40a0e5b551,bcb3040b.json,evaluation,0,0,0,,,,,,,0.0,,
ac86d7cf749c9e3506a936c458ca3f53,bcb3040b.json,evaluation,0,0,0,,,,,,,0.0,,
cffb95ab91d444964dc0a0c6d565737f,bcb3040b.json,evaluation,7,7,16,1.0,0.0,0.0,6.0645,6.0645,1.0,0.2222222222222222,0.7777777777777778,0.4375
f81b7762601877a04aebe625b5d5d411,bcb3040b.json,evaluation,0,0,0,,,,,,,0.0,,
1827b64de5d9e74fa3a04861d9096c5b,bcb3040b.json,evaluation,1,1,16,1.0,0.0,0.0,6.0645,6.0645,0.0,0.2222222222222222,-0.2222222222222222,0.0625
349d16f4d495ff341055805d01794d49,bd14c3bf.json,evaluation,0,0,0,,,,,,,0.0,,
570cba532735f71795a0aadd37e0dd7e,bd14c3bf.json,evaluation,3,3,48,1.0,0.0,0.6666666666666666,4.0225,3.3558333333333334,0.6666666666666666,0.1111111111111111,0.5555555555555556,0.0625
6f955499db4b3c13c8a2f98cc7073853,bd14c3bf.json,evaluation,7,7,48,1.0,0.0,7.571428571428571,4.0225,-3.548928571428571,0.42857142857142855,0.1111111111111111,0.31746031746031744,0.14583333333333334
edb03278d652246aa74a5c40cb565499,bd14c3bf.json,evaluation,0,0,0,,,,,,,0.0,,
fe5e4f95627d44926e8e949237291afd,bd14c3bf.json,evaluation,0,0,0,,,,,,,0.0,,
dee44429d3c4fc0960895b08e8401f49,bd14c3bf.json,evaluation,0,0,0,,,,,,,0.0,,
38e93c1a7e94cb53f6f859b361649def,be03b35f.json,evaluation,0,0,0,,,,,,,0.0,,
ac80cfe4cceee3849d5f9d2b8939f322,be03b35f.json,evaluation,0,0,0,,,,,,,0.0,,
b876f90bbee6149f2c0e60680871ae55,be03b35f.json,evaluation,0,0,0,,,,,,,0.0,,
d49a0e573efabb13e6c578aa4a25e775,be03b35f.json,evaluation,0,0,0,,,,,,,0.0,,
d7974c237593aa05a1ef4e4959984d0a,be03b35f.json,evaluation,0,0,0,,,,,,,0.0,,
51d66e51250c7b88248233ea68554716,be03b35f.json,evaluation,0,0,0,,,,,,,0.0,,
e627eeafe3e2f13d3009a49385e4975b,be03b35f.json,evaluation,0,0,0,,,,,,,0.0,,
6d59aa4fc7c2e2d43445efbb8ce32e89,bf32578f.json,evaluation,0,0,0,,,,,,,0.0,,
8774b97b624a2f8efe72e5e1dbe6e8a3,bf32578f.json,evaluation,9,9,24,1.0,0.0,1.1111111111111112,1.1885,0.07738888888888873,1.0,0.2222222222222222,0.7777777777777778,0.375
f352a608948d733b8c770751e445eea4,bf32578f.json,evaluation,0,0,0,,,,,,,0.0,,
f9acce8e4d6ea537ed509582aace6421,bf32578f.json,evaluation,0,0,0,,,,,,,0.0,,
7c6350dc0a9658b32fc108ef50ec05ad,bf699163.json,evaluation,1,1,8,1.0,0.0,1.0,9.086,8.086,1.0,0.1111111111111111,0.8888888888888888,0.125
e457cc11e5aaabdbb430094dcd66d758,bf699163.json,evaluation,0,0,0,,,,,,,0.0,,
f0521fc86aacef95f64cc43da08bccac,bf699163.json,evaluation,0,0,0,,,,,,,0.0,,
f9eb47fca19ae78a88df6da565d18061,bf699163.json,evaluation,0,0,0,,,,,,,0.0,,
015b23e7c0b0381a225562f2dc52bef0,bf699163.json,evaluation,0,0,0,,,,,,,0.0,,
4c0adbffd3b98cc32507fca7be6d0d22,bf699163.json,evaluation,0,0,0,,,,,,,0.0,,
6af8286092e403092e45598fa112ad71,bf699163.json,evaluation,0,0,0,,,,,,,0.0,,
70b04a8383a4189b7135fc1d98a0dda0,bf699163.json,evaluation,1,1,8,1.0,0.0,1.0,9.086,8.086,1.0,0.1111111111111111,0.8888888888888888,0.125
e10ed4f8ff16934a275c3b058dcafc67,bf699163.json,evaluation,0,0,0,,,,,,,0.0,,
23d102b56921182b4221066a6b64684a,bf89d739.json,evaluation,0,0,0,,,,,,,0.0,,
2fd0edcd27d76416402561531ed5dcfe,bf89d739.json,evaluation,0,0,0,,,,,,,0.0,,
6f955499db4b3c13c8a2f98cc7073853,bf89d739.json,evaluation,3,0,19,,,,4.121,,,0.1111111111111111,,0.15789473684210525
8b1dffdd0231b56ddfd9d737bdf41e19,bf89d739.json,evaluation,0,0,0,,,,,,,0.0,,
e4aecc3f8a939a57b9b7697ce4875edf,bf89d739.json,evaluation,0,0,0,,,,,,,0.0,,
6d59aa4fc7c2e2d43445efbb8ce32e89,c074846d.json,evaluation,0,0,0,,,,,,,0.0,,
8774b97b624a2f8efe72e5e1dbe6e8a3,c074846d.json,evaluation,0,0,0,,,,,,,0.0,,
aacf117c81834a690b3134ebb71c3f0c,c074846d.json,evaluation,3,3,6,1.0,0.0,0.0,3.89,3.89,1.0,0.2222222222222222,0.7777777777777778,0.5
abba78303c7806354b26398ac9d6a11b,c074846d.json,evaluation,0,0,0,,,,,,,0.0,,
f77f4979d4ea8dab6ae57292c0062034,c074846d.json,evaluation,0,0,0,,,,,,,0.0,,
f9acce8e4d6ea537ed509582aace6421,c074846d.json,evaluation,4,4,6,1.0,0.0,0.25,3.89,3.64,0.0,0.2222222222222222,-0.2222222222222222,0.6666666666666666
b0f00a4158dcae3b1ce52bd4a2f1053e,c074846d.json,evaluation,0,0,0,,,,,,,0.0,,
10184aec96d75dd148859d40a0e5b551,c1990cce.json,evaluation,15,15,272,1.0,0.0,0.13333333333333333,0.0525,-0.08083333333333334,1.0,0.3333333333333333,0.6666666666666667,0.05514705882352941
1827b64de5d9e74fa3a04861d9096c5b,c1990cce.json,evaluation,0,0,0,,,,,,,0.0,,
4f7eb3cf01d06791eadea919fafb8906,c1990cce.json,evaluation,0,0,0,,,,,,,0.0,,
ac86d7cf749c9e3506a936c458ca3f53,c1990cce.json,evaluation,0,0,0,,,,,,,0.0,,
0b9daf136f66aac5d6d5c80e9fedc8a5,c3202e5a.json,evaluation,0,0,0,,,,,,,0.0,,
2543f914d417e667bd16f48977aca15c,c3202e5a.json,evaluation,0,0,0,,,,,,,0.0,,
3b14d33521f80ad0e41cafb264b84b2a,c3202e5a.json,evaluation,0,0,0,,,,,,,0.0,,
741961b6973486e602c62c5c9dd6423e,c3202e5a.json,evaluation,0,0,0,,,,,,,0.0,,
ebab84c6669aef5fa8cae0f12cbe7772,c3202e5a.json,evaluation,1,0,9,,,,21.159,,,0.2222222222222222,,0.1111111111111111
eff6fb3710e6159fa50760416db05c49,c3202e5a.json,evaluation,0,0,0,,,,,,,0.0,,
f2779ef16608a0d77f72c514e33615a9,c3202e5a.json,evaluation,0,0,0,,,,,,,0.0,,
fe5e4f95627d44926e8e949237291afd,c3202e5a.json,evaluation,0,0,0,,,,,,,0.0,,
bb693aa67038eb784621245e67a74558,c35c1b4c.json,evaluation,2,2,12,1.0,0.0,1.5,2.8575,1.3575,1.0,0.1111111111111111,0.8888888888888888,0.16666666666666666
d7021078306a318187d9212bc1033dd7,c35c1b4c.json,evaluation,4,4,12,1.0,0.0,0.5,2.8575,2.3575,0.25,0.1111111111111111,0.1388888888888889,0.3333333333333333
b2d364f15c5c89403a3c998302edd460,c35c1b4c.json,evaluation,0,0,0,,,,,,,0.0,,
d53bf52561e5d0c5e04beec6768e5bad,c35c1b4c.json,evaluation,0,0,0,,,,,,,0.0,,
4305072a39e3e4f0a77e1c4738c2c2d1,c48954c1.json,evaluation,3,3,72,1.0,0.0,0.0,0.172,0.172,0.0,0.3333333333333333,-0.3333333333333333,0.041666666666666664
a50081e2168f81433676d6d4a60c1ed2,c48954c1.json,evaluation,37,37,72,1.0,0.0,0.5945945945945946,0.172,-0.42259459459459464,0.43243243243243246,0.3333333333333333,0.09909909909909914,0.5138888888888888
ddc8bf68f9388a1da88862705605a7e3,c48954c1.json,evaluation,2,2,72,1.0,0.0,1.5,0.172,-1.328,0.5,0.3333333333333333,0.16666666666666669,0.027777777777777776
310549a148748e2038280d74494b065b,c62e2108.json,evaluation,0,0,0,,,,,,,0.0,,
ff6c7efb8d311d639393eaf2805f0dd8,c62e2108.json,evaluation,0,0,0,,,,,,,0.0,,
c85429023ceb308d50ccad3b9dbdc8ee,c62e2108.json,evaluation,0,0,0,,,,,,,0.0,,
70bede4f0e30b81edc263f0bf579823c,c64f1187.json,evaluation,2,2,56,1.0,0.0,0.5,4.1635,3.6635,1.0,0.5555555555555556,0.4444444444444444,0.03571428571428571
aecc2e37e95ebf4759e194e425b3be4a,c64f1187.json,evaluation,20,19,56,1.0,0.0,0.8421052631578947,4.1635,3.3213947368421053,1.0,0.5555555555555556,0.4444444444444444,0.35714285714285715
b689fa4f9ba6650b6772e9c3c283c1f1,c64f1187.json,evaluation,0,0,0,,,,,,,0.0,,
c5856559bbd16f21173110221a814708,c64f1187.json,evaluation,0,0,0,,,,,,,0.0,,
d2760dfd26b324ec50340ef21c20c924,c64f1187.json,evaluation,3,3,56,1.0,0.0,0.3333333333333333,4.1635,3.8301666666666665,1.0,0.5555555555555556,0.4444444444444444,0.05357142857142857
feabce0526bf2d1a7f962980812fe472,c64f1187.json,evaluation,1,1,56,1.0,0.0,1.0,4.1635,3.1635,1.0,0.5555555555555556,0.4444444444444444,0.017857142857142856
438869b4b8c8f0807b49d59c14fac9f0,c64f1187.json,evaluation,0,0,0,,,,,,,0.0,,
78f250b802788bb009a6057c3c99efac,c64f1187.json,evaluation,3,3,56,1.0,0.0,0.0,4.1635,4.1635,1.0,0.5555555555555556,0.4444444444444444,0.05357142857142857
923b13585ea2af90a31692fd4a239e2d,c64f1187.json,evaluation,0,0,0,,,,,,,0.0,,
6e696d512ffe14d3ab2abd69bcafff22,c64f1187.json,evaluation,0,0,0,,,,,,,0.0,,
6f0ba5f592fb78479d58cec3b9da61fc,c64f1187.json,evaluation,0,0,0,,,,,,,0.0,,
77944c15c764515d5eabaf7f254702f7,c658a4bd.json,evaluation,0,0,0,,,,,,,0.0,,
95f395373062c6d5bf2c4eb15b3235f1,c658a4bd.json,evaluation,59,57,95,1.0,0.0,2.5964912280701755,4.8565,2.260008771929824,0.8421052631578947,0.5555555555555556,0.2865497076023391,0.6210526315789474
cb33a8dc274e1544aefb465412fb5e1b,c658a4bd.json,evaluation,0,0,0,,,,,,,0.0,,
e798a88cc39cab3c1a9c27d4927a17bf,c658a4bd.json,evaluation,0,0,0,,,,,,,0.0,,
586c7221695ddfe9983486294ca80a9d,c658a4bd.json,evaluation,2,2,95,1.0,0.0,0.0,4.8565,4.8565,1.0,0.5555555555555556,0.4444444444444444,0.021052631578947368
5fd2d77447da55099ae2b1f7516381e4,c658a4bd.json,evaluation,0,0,0,,,,,,,0.0,,
b18f26f0d6c59db36f7dc4be8f7d976d,c663677b.json,evaluation,21,21,81,1.0,0.0,2.380952380952381,4.69,2.3090476190476195,0.9047619047619048,1.0,-0.09523809523809523,0.25925925925925924
c89196baea814ed98e8ad8fe4dc4a131,c663677b.json,evaluation,0,0,0,,,,,,,0.0,,
01548da004c6123b7e8050119f45462f,c6e1b8da.json,evaluation,0,0,0,,,,,,,0.0,,
0733968c0c99f8ac7d72f6e25c721164,c6e1b8da.json,evaluation,6,6,69,1.0,0.0,1.0,2.4625,1.4625,0.16666666666666666,0.4444444444444444,-0.2777777777777778,0.08695652173913043
1b696eeb3e06afd4fced5ea50d395fc7,c6e1b8da.json,evaluation,1,1,69,1.0,0.0,1.0,2.4625,1.4625,1.0,0.4444444444444444,0.5555555555555556,0.014492753623188406
6cae4c0f0038c858272067585d5d6587,c6e1b8da.json,evaluation,16,16,69,1.0,0.0,1.375,2.4625,1.0875,0.1875,0.4444444444444444,-0.2569444444444444,0.2318840579710145
a50081e2168f81433676d6d4a60c1ed2,c6e1b8da.json,evaluation,3,3,69,1.0,0.0,0.0,2.4625,2.4625,1.0,0.4444444444444444,0.5555555555555556,0.043478260869565216
ddc8bf68f9388a1da88862705605a7e3,c6e1b8da.json,evaluation,0,0,0,,,,,,,0.0,,
e73c3da01ae6b526d5272fd009acff0d,c6e1b8da.json,evaluation,22,22,69,1.0,0.0,1.5909090909090908,2.4625,0.8715909090909091,0.7727272727272727,0.4444444444444444,0.3282828282828283,0.3188405797101449
3e17c4202c51be7155b477219e81c201,c7d4e6ad.json,evaluation,0,0,0,,,,,,,0.0,,
87fb3acd31e05ea0263e582bb742c149,c7d4e6ad.json,evaluation,0,0,0,,,,,,,0.0,,
8f42fd331f95d550ce7f9c1c56c0e6f8,c7d4e6ad.json,evaluation,0,0,0,,,,,,,0.0,,
b2d364f15c5c89403a3c998302edd460,c7d4e6ad.json,evaluation,0,0,0,,,,,,,0.0,,
bb693aa67038eb784621245e67a74558,c7d4e6ad.json,evaluation,1,1,20,1.0,0.0,1.0,1.863,0.863,1.0,0.4444444444444444,0.5555555555555556,0.05
d53bf52561e5d0c5e04beec6768e5bad,c7d4e6ad.json,evaluation,1,1,20,1.0,0.0,1.0,1.863,0.863,1.0,0.4444444444444444,0.5555555555555556,0.05
505088cc9bd01f04a622712d10467f48,c87289bb.json,evaluation,0,0,0,,,,,,,0.0,,
73842201127a7e034e028ca2c7d8b965,c87289bb.json,evaluation,0,0,0,,,,,,,0.0,,
9950a67df971bd358d0f96566b26770c,c87289bb.json,evaluation,0,0,0,,,,,,,0.0,,
b46586d0f2876a45c17bc91204667b2b,c87289bb.json,evaluation,0,0,0,,,,,,,0.0,,
570cba532735f71795a0aadd37e0dd7e,c87289bb.json,evaluation,8,8,33,1.0,0.0,1.25,1.548,0.29800000000000004,1.0,0.1111111111111111,0.8888888888888888,0.24242424242424243
6f955499db4b3c13c8a2f98cc7073853,c87289bb.json,evaluation,0,0,0,,,,,,,0.0,,
379d8ae6174d01ae3bfe5749ff55dfa1,c8b7cc0f.json,evaluation,1,1,7,1.0,0.0,0.0,4.82,4.82,1.0,0.2222222222222222,0.7777777777777778,0.14285714285714285
4f0df0d61f1c8751cf66ef4fc8c5d98c,c8b7cc0f.json,evaluation,1,1,7,1.0,0.0,0.0,4.82,4.82,0.0,0.2222222222222222,-0.2222222222222222,0.14285714285714285
7d15872c41cc983739ab2517858bd6fa,c8b7cc0f.json,evaluation,0,0,0,,,,,,,0.0,,
9d59909ef96797ce6de5397369f065a2,c8b7cc0f.json,evaluation,2,0,7,,,,4.82,,,0.2222222222222222,,0.2857142857142857
caaa4b7fae06c7f6563d0d5b476726fb,c8b7cc0f.json,evaluation,5,5,7,1.0,0.0,3.4,4.82,1.4200000000000004,1.0,0.2222222222222222,0.7777777777777778,0.7142857142857143
ce5166b2bb89c64930ed13aebabcf450,c8b7cc0f.json,evaluation,0,0,0,,,,,,,0.0,,
eb023e0d3aa7bd2a158de877a4cf6140,c8b7cc0f.json,evaluation,0,0,0,,,,,,,0.0,,
be194891189c992c9d5bb13935783a32,c8b7cc0f.json,evaluation,0,0,0,,,,,,,0.0,,
7be1eef5e5815c6e5c4938fcf17c5d27,c8b7cc0f.json,evaluation,0,0,0,,,,,,,0.0,,
09662d8592626fbd195e5476d4fdfec4,c92b942c.json,evaluation,2,2,76,1.0,0.0,0.0,0.0585,0.0585,1.0,0.4444444444444444,0.5555555555555556,0.02631578947368421
606123e49e757daa3f30ec7eb9d9c42b,c92b942c.json,evaluation,0,0,0,,,,,,,0.0,,
b0b31410b5e33f7ec27deba986c6fc73,c92b942c.json,evaluation,13,13,76,1.0,0.0,0.0,0.0585,0.0585,0.9230769230769231,0.4444444444444444,0.4786324786324787,0.17105263157894737
0659be093a22e43693d49e80ce6804a6,c97c0139.json,evaluation,2,2,70,1.0,0.0,1.0,3.301,2.301,1.0,0.1111111111111111,0.8888888888888888,0.02857142857142857
7194aaa036fc80278e111edaf4434e6d,c97c0139.json,evaluation,0,0,0,,,,,,,0.0,,
7d72179853f04a28dd274d7b145b5525,c97c0139.json,evaluation,2,2,70,1.0,0.0,1.0,3.301,2.301,1.0,0.1111111111111111,0.8888888888888888,0.02857142857142857
943d8dbc201e4300a221e78232c4184d,c97c0139.json,evaluation,1,1,70,1.0,0.0,1.0,3.301,2.301,1.0,0.1111111111111111,0.8888888888888888,0.014285714285714285
62db361ed1b77043f7f404f048dcca82,c97c0139.json,evaluation,0,0,0,,,,,,,0.0,,
6941f78fb5c5781aff81a1df88b778e4,c97c0139.json,evaluation,0,0,0,,,,,,,0.0,,
042f1185ab57071b50dd5c0c9737ddb0,ca8de6ea.json,evaluation,0,0,0,,,,,,,0.0,,
04e0e9d3adc62ea419b8b9870f0af683,ca8de6ea.json,evaluation,1,1,8,1.0,0.0,0.0,1.246,1.246,1.0,0.5555555555555556,0.4444444444444444,0.125
9f5a27eb96ff7f0c8069d94f6159d218,ca8de6ea.json,evaluation,0,0,0,,,,,,,0.0,,
dcf2e65ad9756309c042440cccad5b8e,ca8de6ea.json,evaluation,0,0,0,,,,,,,0.0,,
de83e970874255a0c9bef2b767dbb753,ca8de6ea.json,evaluation,0,0,0,,,,,,,0.0,,
e918701b946fb9722fd382a800fdc18f,ca8de6ea.json,evaluation,2,0,8,,,,1.246,,,0.5555555555555556,,0.25
fb4217aad87b61bb555c382e4ab7af81,ca8de6ea.json,evaluation,1,1,8,1.0,0.0,1.0,1.246,0.246,1.0,0.5555555555555556,0.4444444444444444,0.125
1357f41412d61d1e82194f4fa1006844,ca8f78db.json,evaluation,7,7,73,1.0,0.0,6.0,6.078,0.07800000000000029,0.0,0.8888888888888888,-0.8888888888888888,0.0958904109589041
6e4ff3923c4827b9699e7ac1c4fc6126,ca8f78db.json,evaluation,0,0,0,,,,,,,0.0,,
9a033274edc71976b6e7696f7683b4ae,ca8f78db.json,evaluation,0,0,0,,,,,,,0.0,,
b4326527b5a249d8039e0e4ec3d2eb85,ca8f78db.json,evaluation,0,0,0,,,,,,,0.0,,
c9bd7a5a4e4e91b4a6cea76feea1853d,ca8f78db.json,evaluation,0,0,0,,,,,,,0.0,,
e569802c7fdacc3d9062ce40183bd6eb,ca8f78db.json,evaluation,3,3,73,1.0,0.0,0.0,6.078,6.078,1.0,0.8888888888888888,0.11111111111111116,0.0410958904109589
26a52f29a37e45c5b1fe02560b66c3ad,ca8f78db.json,evaluation,0,0,0,,,,,,,0.0,,
0db4ea1316febb74b9f2778b5d444961,cad67732.json,evaluation,0,0,0,,,,,,,0.0,,
561824733a37b0d0bfccd5cfbdb43485,cad67732.json,evaluation,48,47,329,1.0,0.0,0.0,0.3965,0.3965,1.0,0.4444444444444444,0.5555555555555556,0.1458966565349544
589c0b79caf0877a38d27b07bf210c47,cad67732.json,evaluation,1,1,329,1.0,0.0,0.0,0.3965,0.3965,1.0,0.4444444444444444,0.5555555555555556,0.00303951367781155
62380334d494efe82f5413866876a339,cad67732.json,evaluation,11,11,329,1.0,0.0,0.0,0.3965,0.3965,1.0,0.4444444444444444,0.5555555555555556,0.03343465045592705
65c4b60819b8e9749f903196cdfbb3bf,cad67732.json,evaluation,1,1,329,1.0,0.0,0.0,0.3965,0.3965,1.0,0.4444444444444444,0.5555555555555556,0.00303951367781155
bc246d049fa464eafe254f0c66114abe,cad67732.json,evaluation,2,2,329,1.0,0.0,0.0,0.3965,0.3965,1.0,0.4444444444444444,0.5555555555555556,0.0060790273556231
04e0e9d3adc62ea419b8b9870f0af683,cb227835.json,evaluation,1,1,20,1.0,0.0,1.0,3.5675,2.5675,1.0,0.1111111111111111,0.8888888888888888,0.05
7278b632ac6283cfea4222b7e83e977f,cb227835.json,evaluation,0,0,0,,,,,,,0.0,,
a3dc092b574335d47777574994159231,cb227835.json,evaluation,21,21,20,1.0,0.0,1.5238095238095237,3.5675,2.043690476190476,1.0,0.1111111111111111,0.8888888888888888,1.05
de83e970874255a0c9bef2b767dbb753,cb227835.json,evaluation,1,1,20,1.0,0.0,1.0,3.5675,2.5675,1.0,0.1111111111111111,0.8888888888888888,0.05
b994526314c8564332f090495d624993,ccd554ac.json,evaluation,0,0,0,,,,,,,0.0,,
d2760dfd26b324ec50340ef21c20c924,ccd554ac.json,evaluation,0,0,0,,,,,,,0.0,,
438869b4b8c8f0807b49d59c14fac9f0,ccd554ac.json,evaluation,0,0,0,,,,,,,0.0,,
a31308c93f327e82cbbfc4a8d3ba802b,ccd554ac.json,evaluation,0,0,0,,,,,,,0.0,,
042f1185ab57071b50dd5c0c9737ddb0,cd3c21df.json,evaluation,0,0,0,,,,,,,0.0,,
4305072a39e3e4f0a77e1c4738c2c2d1,cd3c21df.json,evaluation,0,0,0,,,,,,,0.0,,
7278b632ac6283cfea4222b7e83e977f,cd3c21df.json,evaluation,1,0,6,,,,9.484,,,0.2222222222222222,,0.16666666666666666
9f5a27eb96ff7f0c8069d94f6159d218,cd3c21df.json,evaluation,0,0,0,,,,,,,0.0,,
c9383f73f5a64deb5aa79580b891647f,cd3c21df.json,evaluation,1,1,6,1.0,0.0,0.0,9.484,9.484,1.0,0.2222222222222222,0.7777777777777778,0.16666666666666666
dcf2e65ad9756309c042440cccad5b8e,cd3c21df.json,evaluation,0,0,0,,,,,,,0.0,,
04e0e9d3adc62ea419b8b9870f0af683,cd3c21df.json,evaluation,1,0,6,,,,9.484,,,0.2222222222222222,,0.16666666666666666
de13500e205123e2cd532eb9b831a011,cd3c21df.json,evaluation,0,0,0,,,,,,,0.0,,
de83e970874255a0c9bef2b767dbb753,cd3c21df.json,evaluation,1,1,6,1.0,0.0,1.0,9.484,8.484,0.0,0.2222222222222222,-0.2222222222222222,0.16666666666666666
e918701b946fb9722fd382a800fdc18f,cd3c21df.json,evaluation,1,0,6,,,,9.484,,,0.2222222222222222,,0.16666666666666666
a3dc092b574335d47777574994159231,cd3c21df.json,evaluation,1,1,6,1.0,0.0,0.0,9.484,9.484,1.0,0.2222222222222222,0.7777777777777778,0.16666666666666666
2ff05bff38f2b716ce7a977cfa74c3f6,ce039d91.json,evaluation,1,1,20,1.0,0.0,1.0,1.6095,0.6094999999999999,1.0,0.1111111111111111,0.8888888888888888,0.05
4d51a0637f7cbee1dc9d189d2d37fa9b,ce039d91.json,evaluation,1,1,20,1.0,0.0,3.0,1.6095,-1.3905,1.0,0.1111111111111111,0.8888888888888888,0.05
ac8584fe7ee7ced9afbca397b7fea858,ce039d91.json,evaluation,1,1,20,1.0,0.0,1.0,1.6095,0.6094999999999999,1.0,0.1111111111111111,0.8888888888888888,0.05
a4085434c62979fad818d95c4e4bf236,ce8d95cc.json,evaluation,11,11,51,1.0,0.0,0.09090909090909091,2.236,2.1450909090909094,1.0,0.8888888888888888,0.11111111111111116,0.21568627450980393
d104d6afb3686f3e943cfb5374ff00e2,ce8d95cc.json,evaluation,0,0,0,,,,,,,0.0,,
2f79765d9cf43d6b1b18abc0e8521f50,cf133acc.json,evaluation,0,0,0,,,,,,,0.0,,
4c0adbffd3b98cc32507fca7be6d0d22,cf133acc.json,evaluation,0,0,0,,,,,,,0.0,,
70b04a8383a4189b7135fc1d98a0dda0,cf133acc.json,evaluation,1,1,27,1.0,0.0,0.0,2.2805,2.2805,1.0,0.7777777777777778,0.2222222222222222,0.037037037037037035
9978d541fbaeb7256c00c2f1b05eb59a,cf133acc.json,evaluation,0,0,0,,,,,,,0.0,,
ca5d82dcdc45c6e0134479980aa99bd7,cf133acc.json,evaluation,0,0,0,,,,,,,0.0,,
c27eefa832c63c90188b5feb8b450674,cf133acc.json,evaluation,3,3,27,1.0,0.0,0.0,2.2805,2.2805,1.0,0.7777777777777778,0.2222222222222222,0.1111111111111111
f9eb47fca19ae78a88df6da565d18061,cf133acc.json,evaluation,0,0,0,,,,,,,0.0,,
1d97732be7329da4fa1e650071e14491,cfb2ce5a.json,evaluation,3,3,37,1.0,0.0,0.6666666666666666,1.195,0.5283333333333334,1.0,0.5555555555555556,0.4444444444444444,0.08108108108108109
2efbb02f2320d55d30a5633b2f40bdc6,cfb2ce5a.json,evaluation,4,4,37,1.0,0.0,0.5,1.195,0.6950000000000001,1.0,0.5555555555555556,0.4444444444444444,0.10810810810810811
3c4e051d79b86b0aef6424be49b48378,cfb2ce5a.json,evaluation,6,6,37,1.0,0.0,0.16666666666666666,1.195,1.0283333333333333,1.0,0.5555555555555556,0.4444444444444444,0.16216216216216217
b18f26f0d6c59db36f7dc4be8f7d976d,cfb2ce5a.json,evaluation,1,1,37,1.0,0.0,0.0,1.195,1.195,1.0,0.5555555555555556,0.4444444444444444,0.02702702702702703
c89196baea814ed98e8ad8fe4dc4a131,cfb2ce5a.json,evaluation,1,1,37,1.0,0.0,0.0,1.195,1.195,1.0,0.5555555555555556,0.4444444444444444,0.02702702702702703
d749313c2ccad22b2cd042a4c70f3617,cfb2ce5a.json,evaluation,0,0,0,,,,,,,0.0,,
589c0b79caf0877a38d27b07bf210c47,d017b73f.json,evaluation,2,0,12,,,,1.103,,,0.4444444444444444,,0.16666666666666666
62380334d494efe82f5413866876a339,d017b73f.json,evaluation,0,0,0,,,,,,,0.0,,
65c4b60819b8e9749f903196cdfbb3bf,d017b73f.json,evaluation,0,0,0,,,,,,,0.0,,
561824733a37b0d0bfccd5cfbdb43485,d017b73f.json,evaluation,0,0,0,,,,,,,0.0,,
bc246d049fa464eafe254f0c66114abe,d017b73f.json,evaluation,0,0,0,,,,,,,0.0,,
bb693aa67038eb784621245e67a74558,d19f7514.json,evaluation,0,0,0,,,,,,,0.0,,
f750fd81cb7ef2e061d0d7a92ab29f86,d19f7514.json,evaluation,0,0,0,,,,,,,0.0,,
c85429023ceb308d50ccad3b9dbdc8ee,d19f7514.json,evaluation,0,0,0,,,,,,,0.0,,
7c6350dc0a9658b32fc108ef50ec05ad,d282b262.json,evaluation,4,4,91,1.0,0.0,0.25,0.9535,0.7035,1.0,1.0,0.0,0.04395604395604396
e10ed4f8ff16934a275c3b058dcafc67,d282b262.json,evaluation,0,0,0,,,,,,,0.0,,
18f35521908dc1b26cc91dec55f516b8,d282b262.json,evaluation,21,21,91,1.0,0.0,0.19047619047619047,0.9535,0.7630238095238095,1.0,1.0,0.0,0.23076923076923078
1fb8babb56ffbe320546eab73ed1967b,d282b262.json,evaluation,0,0,0,,,,,,,0.0,,
f3d1a35fae91222c18b6430ecf049def,d2acf2cb.json,evaluation,0,0,0,,,,,,,0.0,,
08d7a7367594b77dd5bf5cad5f180cb3,d2acf2cb.json,evaluation,0,0,0,,,,,,,0.0,,
8ceced71adf14631d9601d4b748aa793,d2acf2cb.json,evaluation,1,1,24,1.0,0.0,2.0,0.9515,-1.0485,1.0,0.2222222222222222,0.7777777777777778,0.041666666666666664
ab597aa645c1ea90403ffa54df2b8cb6,d2acf2cb.json,evaluation,0,0,0,,,,,,,0.0,,
186844c513023d14482ee5c6436378a3,d2acf2cb.json,evaluation,0,0,0,,,,,,,0.0,,
4d3abff8640f887167e48b2002ebc833,d304284e.json,evaluation,66,66,57,1.0,0.0,3.3636363636363638,3.7615,0.3978636363636361,1.0,0.2222222222222222,0.7777777777777778,1.1578947368421053
6c1b19a0e9be7c39b53b8a31447f669f,d304284e.json,evaluation,20,20,57,1.0,0.0,1.15,3.7615,2.6115,1.0,0.2222222222222222,0.7777777777777778,0.3508771929824561
70d316bb35f6e5004d606747a4accc32,d304284e.json,evaluation,1,1,57,1.0,0.0,1.0,3.7615,2.7615,1.0,0.2222222222222222,0.7777777777777778,0.017543859649122806
d69ed3f6914a5745612bea81d5b673c8,d304284e.json,evaluation,0,0,0,,,,,,,0.0,,
fb2d701f4b8fca584820f03c934cf8e4,d304284e.json,evaluation,1,1,57,1.0,0.0,4.0,3.7615,-0.23850000000000016,0.0,0.2222222222222222,-0.2222222222222222,0.017543859649122806
bc33d9b92d4254fa7da932c945fe49fd,d304284e.json,evaluation,9,9,57,1.0,0.0,0.8888888888888888,3.7615,2.872611111111111,1.0,0.2222222222222222,0.7777777777777778,0.15789473684210525
f7583a3c0953faffcb973eb1fcd7b066,d304284e.json,evaluation,0,0,0,,,,,,,0.0,,
fef7327ca553c16daff2e69c9c5451a4,d304284e.json,evaluation,0,0,0,,,,,,,0.0,,
2bcb8cb9bd6673f397cbe0857b4b625d,d37a1ef5.json,evaluation,4,4,33,1.0,0.0,1.0,1.859,0.859,0.0,0.1111111111111111,-0.1111111111111111,0.12121212121212122
2e819873fe470fdad3db2cba01ff0890,d37a1ef5.json,evaluation,0,0,0,,,,,,,0.0,,
46b6fdc5a6de3d2dbf4e73e721417079,d37a1ef5.json,evaluation,0,0,0,,,,,,,0.0,,
b29d2ff6288187c652d62b159dd5c707,d37a1ef5.json,evaluation,0,0,0,,,,,,,0.0,,
e32feee5a511aaec1cda3e525ea927f6,d37a1ef5.json,evaluation,0,0,0,,,,,,,0.0,,
ec447777820844f233cfad91932b0891,d37a1ef5.json,evaluation,0,0,0,,,,,,,0.0,,
1e7a1218dc842f00fac3c13eb8e14522,d37a1ef5.json,evaluation,0,0,0,,,,,,,0.0,,
310549a148748e2038280d74494b065b,d47aa2ff.json,evaluation,2,2,4,1.0,0.0,6.0,7.394,1.3940000000000001,0.0,0.2222222222222222,-0.2222222222222222,0.5
dee44429d3c4fc0960895b08e8401f49,d47aa2ff.json,evaluation,0,0,0,,,,,,,0.0,,
edb03278d652246aa74a5c40cb565499,d47aa2ff.json,evaluation,0,0,0,,,,,,,0.0,,
946921a424c8933f4299722716f004cc,d47aa2ff.json,evaluation,0,0,0,,,,,,,0.0,,
1f704e337187235fa4f4eef56634a0a1,d492a647.json,evaluation,2,2,44,1.0,0.0,0.5,1.327,0.827,0.5,0.1111111111111111,0.3888888888888889,0.045454545454545456
2c07702a74620ce37eb408cadc12f167,d492a647.json,evaluation,2,2,44,1.0,0.0,2.0,1.327,-0.673,1.0,0.1111111111111111,0.8888888888888888,0.045454545454545456
4362a7cbd0376a8c858d07e8c4457456,d492a647.json,evaluation,1,1,44,1.0,0.0,1.0,1.327,0.32699999999999996,1.0,0.1111111111111111,0.8888888888888888,0.022727272727272728
8a466b27b24602481fcfdaccf443f561,d492a647.json,evaluation,1,1,44,1.0,0.0,1.0,1.327,0.32699999999999996,1.0,0.1111111111111111,0.8888888888888888,0.022727272727272728
b337b83dfbdae11b21a2dd92c0dbd7e6,d492a647.json,evaluation,2,2,44,1.0,0.0,2.0,1.327,-0.673,1.0,0.1111111111111111,0.8888888888888888,0.045454545454545456
3d52efd3f82a94cd9df376c9cbef2b39,d4b1c2b1.json,evaluation,0,0,0,,,,,,,0.0,,
5992352091a73ed1609c1384013e40ef,d4b1c2b1.json,evaluation,0,0,0,,,,,,,0.0,,
bdaa4d89bdb5d351528229f9905146dc,d4b1c2b1.json,evaluation,0,0,0,,,,,,,0.0,,
c5dcbaee2832c1a68e48f3f20d5f7d34,d4b1c2b1.json,evaluation,0,0,0,,,,,,,0.0,,
5d2818aab8291cd8023209e5cc4e0f46,d4b1c2b1.json,evaluation,0,0,0,,,,,,,0.0,,
38e93c1a7e94cb53f6f859b361649def,d4c90558.json,evaluation,0,0,0,,,,,,,0.0,,
ac80cfe4cceee3849d5f9d2b8939f322,d4c90558.json,evaluation,1,1,15,1.0,0.0,1.0,12.6945,11.6945,1.0,0.3333333333333333,0.6666666666666667,0.06666666666666667
b084f5764068bf9ef32ffe4025b0ddcb,d4c90558.json,evaluation,0,0,0,,,,,,,0.0,,
b876f90bbee6149f2c0e60680871ae55,d4c90558.json,evaluation,0,0,0,,,,,,,0.0,,
d49a0e573efabb13e6c578aa4a25e775,d4c90558.json,evaluation,4,4,15,1.0,0.0,0.0,12.6945,12.6945,1.0,0.3333333333333333,0.6666666666666667,0.26666666666666666
e627eeafe3e2f13d3009a49385e4975b,d4c90558.json,evaluation,0,0,0,,,,,,,0.0,,
4f6606a80f772bd71d52d1306a4a387e,d4c90558.json,evaluation,0,0,0,,,,,,,0.0,,
51d66e51250c7b88248233ea68554716,d4c90558.json,evaluation,0,0,0,,,,,,,0.0,,
d7974c237593aa05a1ef4e4959984d0a,d4c90558.json,evaluation,0,0,0,,,,,,,0.0,,
8bc07abf3980f0eed727ede8a11ecaf1,d56f2372.json,evaluation,0,0,0,,,,,,,0.0,,
3153c72d7fb5e86d9e60a9809df58492,d56f2372.json,evaluation,1,1,27,1.0,0.0,1.0,10.9345,9.9345,1.0,0.2222222222222222,0.7777777777777778,0.037037037037037035
3735a2cd53c9027c23668e0327e84da3,d56f2372.json,evaluation,4,4,27,1.0,0.0,0.75,10.9345,10.1845,1.0,0.2222222222222222,0.7777777777777778,0.14814814814814814
54f19912e09f367b26fe9463385f18f6,d56f2372.json,evaluation,0,0,0,,,,,,,0.0,,
31aa1a93aed505554ada42469cb369cf,d5c634a2.json,evaluation,0,0,0,,,,,,,0.0,,
c1c76db97c34eaf63899a1586719effd,d5c634a2.json,evaluation,2,0,10,,,,3.6665,,,0.3333333333333333,,0.2
d69ed3f6914a5745612bea81d5b673c8,d5c634a2.json,evaluation,0,0,0,,,,,,,0.0,,
f7583a3c0953faffcb973eb1fcd7b066,d5c634a2.json,evaluation,3,3,10,1.0,0.0,0.3333333333333333,3.6665,3.3331666666666666,1.0,0.3333333333333333,0.6666666666666667,0.3
fb2d701f4b8fca584820f03c934cf8e4,d5c634a2.json,evaluation,2,1,10,1.0,0.0,1.0,3.6665,2.6665,1.0,0.3333333333333333,0.6666666666666667,0.2
3c77da5dce8dbede95574782508fe334,d931c21c.json,evaluation,16,16,130,1.0,0.0,1.5625,4.822,3.2595,1.0,0.2222222222222222,0.7777777777777778,0.12307692307692308
3ca04e43aa86e5b396ddf834922d23ba,d931c21c.json,evaluation,9,9,130,1.0,0.0,0.7777777777777778,4.822,4.044222222222222,0.7777777777777778,0.2222222222222222,0.5555555555555556,0.06923076923076923
5be2de33fa4e266f2da9f24ddaa717c3,d931c21c.json,evaluation,0,0,0,,,,,,,0.0,,
70d343789ca526b9c3a5cdfa731999cf,d931c21c.json,evaluation,67,67,130,1.0,0.0,2.074626865671642,4.822,2.7473731343283583,1.0,0.2222222222222222,0.7777777777777778,0.5153846153846153
9f04e30d4edf02532fc444d49e301ad6,d931c21c.json,evaluation,0,0,0,,,,,,,0.0,,
c70ccc4421ba573438fb4ba6fe0601e6,d931c21c.json,evaluation,4,4,130,1.0,0.0,1.0,4.822,3.822,1.0,0.2222222222222222,0.7777777777777778,0.03076923076923077
1f704e337187235fa4f4eef56634a0a1,d94c3b52.json,evaluation,0,0,0,,,,,,,0.0,,
2c07702a74620ce37eb408cadc12f167,d94c3b52.json,evaluation,1,1,68,1.0,0.0,2.0,2.064,0.06400000000000006,1.0,0.2222222222222222,0.7777777777777778,0.014705882352941176
8a466b27b24602481fcfdaccf443f561,d94c3b52.json,evaluation,3,3,68,1.0,0.0,1.0,2.064,1.064,1.0,0.2222222222222222,0.7777777777777778,0.04411764705882353
b337b83dfbdae11b21a2dd92c0dbd7e6,d94c3b52.json,evaluation,1,1,68,1.0,0.0,1.0,2.064,1.064,1.0,0.2222222222222222,0.7777777777777778,0.014705882352941176
02ad8d6da21df831c0abfe9feba1e860,da2b0fe3.json,evaluation,0,0,0,,,,,,,0.0,,
2571cd5a61bc2d73f859cf55bc3b9ecf,da2b0fe3.json,evaluation,0,0,0,,,,,,,0.0,,
46095cd1d852d9aa1280f93124c80956,da2b0fe3.json,evaluation,0,0,0,,,,,,,0.0,,
799c483f990d48a46528dba7d94e6825,da2b0fe3.json,evaluation,0,0,0,,,,,,,0.0,,
8daddfc90e658f76bd4e5347c912ff6e,da2b0fe3.json,evaluation,0,0,0,,,,,,,0.0,,
d496275b72ccd376081880a28a6b3937,da2b0fe3.json,evaluation,0,0,0,,,,,,,0.0,,
8d8de5bfd373768165aee20ea7f452d0,da2b0fe3.json,evaluation,0,0,0,,,,,,,0.0,,
894902d7d60ba414861e9050fdccbada,da2b0fe3.json,evaluation,0,0,0,,,,,,,0.0,,
ff6c7efb8d311d639393eaf2805f0dd8,da515329.json,evaluation,14,14,321,1.0,0.0,1.0,0.5765,-0.4235,1.0,0.1111111111111111,0.8888888888888888,0.04361370716510903
310549a148748e2038280d74494b065b,da515329.json,evaluation,0,0,0,,,,,,,0.0,,
4305072a39e3e4f0a77e1c4738c2c2d1,dc2aa30b.json,evaluation,6,6,44,1.0,0.0,0.8333333333333334,0.808,-0.02533333333333332,0.5,0.2222222222222222,0.2777777777777778,0.13636363636363635
7278b632ac6283cfea4222b7e83e977f,dc2aa30b.json,evaluation,0,0,0,,,,,,,0.0,,
ff6c7efb8d311d639393eaf2805f0dd8,dc2aa30b.json,evaluation,0,0,0,,,,,,,0.0,,
0091198689f23fa8719bcf996801e8c7,dc2e9a9d.json,evaluation,1,1,58,1.0,0.0,1.0,5.7775,4.7775,1.0,0.2222222222222222,0.7777777777777778,0.017241379310344827
28dfd3dab1bd5825869467245a1af7a8,dc2e9a9d.json,evaluation,4,4,58,1.0,0.0,1.0,5.7775,4.7775,1.0,0.2222222222222222,0.7777777777777778,0.06896551724137931
2d8afa44409bc04fe4c9403f5664c151,dc2e9a9d.json,evaluation,0,0,0,,,,,,,0.0,,
380bd021569d18cafd3f17596d9075a4,dc2e9a9d.json,evaluation,1,1,58,1.0,0.0,0.0,5.7775,5.7775,0.0,0.2222222222222222,-0.2222222222222222,0.017241379310344827
5992352091a73ed1609c1384013e40ef,dc2e9a9d.json,evaluation,1,1,58,1.0,0.0,1.0,5.7775,4.7775,1.0,0.2222222222222222,0.7777777777777778,0.017241379310344827
aedcbd53ab247055bd4056f427b20f8e,dc2e9a9d.json,evaluation,0,0,0,,,,,,,0.0,,
bdaa4d89bdb5d351528229f9905146dc,dc2e9a9d.json,evaluation,16,16,58,1.0,0.0,2.125,5.7775,3.6525,0.6875,0.2222222222222222,0.4652777777777778,0.27586206896551724
c069ed6e828dd77713eacec70e5725b6,dc2e9a9d.json,evaluation,20,20,58,1.0,0.0,3.8,5.7775,1.9775,0.5,0.2222222222222222,0.2777777777777778,0.3448275862068966
d1daca11b6eaa1b7ec7a5cd565805380,dc2e9a9d.json,evaluation,16,16,58,1.0,0.0,1.0625,5.7775,4.715,1.0,0.2222222222222222,0.7777777777777778,0.27586206896551724
ff5bd65771ed44a5e913545e38c5defc,dc2e9a9d.json,evaluation,1,1,58,1.0,0.0,1.0,5.7775,4.7775,1.0,0.2222222222222222,0.7777777777777778,0.017241379310344827
8c1161ef6212f9dc2a88db9e6672c256,dc2e9a9d.json,evaluation,16,16,58,1.0,0.0,0.0625,5.7775,5.715,1.0,0.2222222222222222,0.7777777777777778,0.27586206896551724
b2950e829680cf0fef53daa28bed98bf,dc2e9a9d.json,evaluation,0,0,0,,,,,,,0.0,,
379d8ae6174d01ae3bfe5749ff55dfa1,dd2401ed.json,evaluation,0,0,0,,,,,,,0.0,,
7d15872c41cc983739ab2517858bd6fa,dd2401ed.json,evaluation,3,3,17,1.0,0.0,2.6666666666666665,3.3405,0.6738333333333335,1.0,0.3333333333333333,0.6666666666666667,0.17647058823529413
5e8f778183e6397fbe51b796d4b344a0,dd2401ed.json,evaluation,0,0,0,,,,,,,0.0,,
9d59909ef96797ce6de5397369f065a2,dd2401ed.json,evaluation,0,0,0,,,,,,,0.0,,
321b079c2d7b3969f2df7ee96c2a37e1,dd2401ed.json,evaluation,1,1,17,1.0,0.0,1.0,3.3405,2.3405,1.0,0.3333333333333333,0.6666666666666667,0.058823529411764705
0b9daf136f66aac5d6d5c80e9fedc8a5,de493100.json,evaluation,3,3,17,1.0,0.0,0.0,20.603,20.603,1.0,0.6666666666666666,0.33333333333333337,0.17647058823529413
220b6df09c1946d97c745853a58fef5a,de493100.json,evaluation,1,1,17,1.0,0.0,0.0,20.603,20.603,1.0,0.6666666666666666,0.33333333333333337,0.058823529411764705
fe5e4f95627d44926e8e949237291afd,de493100.json,evaluation,2,2,17,1.0,0.0,0.0,20.603,20.603,1.0,0.6666666666666666,0.33333333333333337,0.11764705882352941
2543f914d417e667bd16f48977aca15c,de493100.json,evaluation,0,0,0,,,,,,,0.0,,
73a18a4362886378f00be50c62542c54,df8cc377.json,evaluation,3,3,86,1.0,0.0,1.0,1.4255,0.4255,0.0,0.4444444444444444,-0.4444444444444444,0.03488372093023256
d104d6afb3686f3e943cfb5374ff00e2,df8cc377.json,evaluation,36,36,86,1.0,0.0,0.2777777777777778,1.4255,1.1477222222222223,1.0,0.4444444444444444,0.5555555555555556,0.4186046511627907
dee44429d3c4fc0960895b08e8401f49,df8cc377.json,evaluation,1,1,86,1.0,0.0,1.0,1.4255,0.4255,1.0,0.4444444444444444,0.5555555555555556,0.011627906976744186
e9497586013cb9a234ba9065a7abe90e,df8cc377.json,evaluation,2,2,86,1.0,0.0,1.0,1.4255,0.4255,1.0,0.4444444444444444,0.5555555555555556,0.023255813953488372
9675826cfa15bc2c003155b2e5d420dd,df8cc377.json,evaluation,10,10,86,1.0,0.0,0.9,1.4255,0.5255,0.9,0.4444444444444444,0.4555555555555556,0.11627906976744186
078347e8fab7715faf4ee2a225afa306,e0fb7511.json,evaluation,0,0,0,,,,,,,0.0,,
2c07702a74620ce37eb408cadc12f167,e0fb7511.json,evaluation,0,0,0,,,,,,,0.0,,
73c1de82f716bda27c501529aa8b30d8,e0fb7511.json,evaluation,0,0,0,,,,,,,0.0,,
b337b83dfbdae11b21a2dd92c0dbd7e6,e0fb7511.json,evaluation,0,0,0,,,,,,,0.0,,
b92c88147f16e81df65ec8ae0113623c,e0fb7511.json,evaluation,0,0,0,,,,,,,0.0,,
bbc5b0a1356bf702baa340ab4f98cc72,e0fb7511.json,evaluation,7,7,33,1.0,0.0,1.4285714285714286,1.522,0.09342857142857142,0.0,0.1111111111111111,-0.1111111111111111,0.21212121212121213
e76803f27b99617532fa574a24a8eac8,e0fb7511.json,evaluation,5,5,33,1.0,0.0,1.6,1.522,-0.07800000000000007,0.2,0.1111111111111111,0.0888888888888889,0.15151515151515152
27d786d805ac2223f38e85853b5165d6,e133d23d.json,evaluation,2,2,7,1.0,0.0,0.0,1.535,1.535,0.0,0.1111111111111111,-0.1111111111111111,0.2857142857142857
7cee7e6def0ca60e707c6af790e107ff,e133d23d.json,evaluation,0,0,0,,,,,,,0.0,,
7d771c47bb98bafff9cb8375252009b0,e133d23d.json,evaluation,0,0,0,,,,,,,0.0,,
c514a634a2be9e746d9fe29579796530,e133d23d.json,evaluation,0,0,0,,,,,,,0.0,,
33cbb08484f0da7057d877b780bfc2c8,e133d23d.json,evaluation,0,0,0,,,,,,,0.0,,
e78dfd565807cefe8e2837ed9ac3631a,e133d23d.json,evaluation,7,7,7,1.0,0.0,0.0,1.535,1.535,0.0,0.1111111111111111,-0.1111111111111111,1.0
11940e50c397b98ae4a0e182019e8c05,e1baa8a4.json,evaluation,2,2,16,1.0,0.0,0.5,8.1875,7.6875,1.0,1.0,0.0,0.125
2c9115bb589184a6174bd6fd07d62ee4,e1baa8a4.json,evaluation,3,3,16,1.0,0.0,0.0,8.1875,8.1875,1.0,1.0,0.0,0.1875
7cee7e6def0ca60e707c6af790e107ff,e1baa8a4.json,evaluation,4,4,16,1.0,0.0,0.0,8.1875,8.1875,1.0,1.0,0.0,0.25
7d771c47bb98bafff9cb8375252009b0,e1baa8a4.json,evaluation,1,0,16,,,,8.1875,,,1.0,,0.0625
af0bc990572ad7f671cd7519d7f2ff93,e1baa8a4.json,evaluation,16,14,16,1.0,0.0,0.6428571428571429,8.1875,7.544642857142857,1.0,1.0,0.0,1.0
c45dd49a0edcc95241fbfd05d35c9dac,e1baa8a4.json,evaluation,0,0,0,,,,,,,0.0,,
c514a634a2be9e746d9fe29579796530,e1baa8a4.json,evaluation,4,1,16,1.0,0.0,0.0,8.1875,8.1875,1.0,1.0,0.0,0.25
d2893af8e9400f9d4e9f67013a7759c7,e1baa8a4.json,evaluation,0,0,0,,,,,,,0.0,,
d479e862ecd0945ceec3ff90138b2dbf,e1baa8a4.json,evaluation,1,1,16,1.0,0.0,0.0,8.1875,8.1875,1.0,1.0,0.0,0.0625
1f704e337187235fa4f4eef56634a0a1,e1d2900e.json,evaluation,0,0,0,,,,,,,0.0,,
21ebd3afcbebcc95cd4233a6b672cce7,e1d2900e.json,evaluation,1,1,20,1.0,0.0,3.0,5.5315,2.5315000000000003,1.0,0.2222222222222222,0.7777777777777778,0.05
4362a7cbd0376a8c858d07e8c4457456,e1d2900e.json,evaluation,0,0,0,,,,,,,0.0,,
9165e3cce394795ff2fba346a28d63f0,e1d2900e.json,evaluation,0,0,0,,,,,,,0.0,,
99f2f93c1f7aa77d00a155d3d36799fe,e1d2900e.json,evaluation,3,3,20,1.0,0.0,2.0,5.5315,3.5315000000000003,0.0,0.2222222222222222,-0.2222222222222222,0.15
b299b6d6e44e2a78994686d5fd1986ec,e1d2900e.json,evaluation,0,0,0,,,,,,,0.0,,
e2e513d9cc96d6429995ecd72d63061c,e1d2900e.json,evaluation,0,0,0,,,,,,,0.0,,
1c45a8fbf105bdc045d3211c52dfc366,e1d2900e.json,evaluation,0,0,0,,,,,,,0.0,,
042f1185ab57071b50dd5c0c9737ddb0,e2092e0c.json,evaluation,0,0,0,,,,,,,0.0,,
3e30380dff8c114cb6883ed54c23cc6b,e21a174a.json,evaluation,0,0,0,,,,,,,0.0,,
02ad8d6da21df831c0abfe9feba1e860,e21a174a.json,evaluation,0,0,0,,,,,,,0.0,,
4f7eb3cf01d06791eadea919fafb8906,e21a174a.json,evaluation,4,4,20,1.0,0.0,0.75,0.704,-0.04600000000000004,0.75,0.3333333333333333,0.4166666666666667,0.2
8d8de5bfd373768165aee20ea7f452d0,e21a174a.json,evaluation,0,0,0,,,,,,,0.0,,
2f168c5350aa8656a307ab6ff4e89714,e345f17b.json,evaluation,1,1,10,1.0,0.0,1.0,1.59,0.5900000000000001,1.0,0.2222222222222222,0.7777777777777778,0.1
330bdb79dd6e84939efcaa3e28739e84,e345f17b.json,evaluation,0,0,0,,,,,,,0.0,,
9b9ad9980557f3ac1615205f66d32c0a,e345f17b.json,evaluation,6,6,10,1.0,0.0,1.0,1.59,0.5900000000000001,1.0,0.2222222222222222,0.7777777777777778,0.6
ffef39dd0d0db4fb0c4b5d1618428c85,e345f17b.json,evaluation,1,1,10,1.0,0.0,1.0,1.59,0.5900000000000001,1.0,0.2222222222222222,0.7777777777777778,0.1
62db361ed1b77043f7f404f048dcca82,e4075551.json,evaluation,0,0,0,,,,,,,0.0,,
b3db9a298f8104617b83fd723397f2ab,e4075551.json,evaluation,2,2,55,1.0,0.0,0.0,1.269,1.269,1.0,0.5555555555555556,0.4444444444444444,0.03636363636363636
c8ef0f9ea0027fe9e7fb9dcb5086cb4c,e4075551.json,evaluation,1,1,55,1.0,0.0,1.0,1.269,0.2689999999999999,1.0,0.5555555555555556,0.4444444444444444,0.01818181818181818
dbf5aed4e58be81e9bafd9c17fceb3ca,e4075551.json,evaluation,12,12,55,1.0,0.0,0.9166666666666666,1.269,0.3523333333333333,1.0,0.5555555555555556,0.4444444444444444,0.21818181818181817
2d0cb0c7f8bb2f5cbef472417d961ac4,e4075551.json,evaluation,5,5,55,1.0,0.0,0.0,1.269,1.269,0.0,0.5555555555555556,-0.5555555555555556,0.09090909090909091
321e3d81541294c87333ccb756e65f39,e4075551.json,evaluation,0,0,0,,,,,,,0.0,,
d38ecc91a9958a2f70288d914fa28416,e4075551.json,evaluation,1,1,55,1.0,0.0,0.0,1.269,1.269,1.0,0.5555555555555556,0.4444444444444444,0.01818181818181818
0db637bfccf629172dcc0166e6511c7a,e41c6fd3.json,evaluation,2,2,80,1.0,0.0,1.0,4.083,3.083,1.0,0.4444444444444444,0.5555555555555556,0.025
7dbf55b43fe003944647dece36d0a978,e41c6fd3.json,evaluation,0,0,0,,,,,,,0.0,,
a6dfe1aa95cab81d240b9cf3196ea860,e41c6fd3.json,evaluation,4,4,80,1.0,0.0,1.0,4.083,3.083,1.0,0.4444444444444444,0.5555555555555556,0.05
bd3f4063cdb6369bd70ee764acd28203,e41c6fd3.json,evaluation,0,0,0,,,,,,,0.0,,
e4892f6b64f5142725b213bd7d751331,e41c6fd3.json,evaluation,0,0,0,,,,,,,0.0,,
71ba58da91d2f16f8db02ab42fafe8cb,e41c6fd3.json,evaluation,1,1,80,1.0,0.0,1.0,4.083,3.083,1.0,0.4444444444444444,0.5555555555555556,0.0125
f9dd04ab316c08036dd3fe261cd637d8,e41c6fd3.json,evaluation,0,0,0,,,,,,,0.0,,
28dfd3dab1bd5825869467245a1af7a8,e57337a4.json,evaluation,0,0,0,,,,,,,0.0,,
2e3f013fcdc798f459ca696868ad9eb1,e57337a4.json,evaluation,0,0,0,,,,,,,0.0,,
3ad0a325f5430748c1bfbf2b551b9aa2,e57337a4.json,evaluation,0,0,0,,,,,,,0.0,,
3d52efd3f82a94cd9df376c9cbef2b39,e57337a4.json,evaluation,0,0,0,,,,,,,0.0,,
44b2a57177f3f93abbb97dee14b67de1,e57337a4.json,evaluation,0,0,0,,,,,,,0.0,,
5992352091a73ed1609c1384013e40ef,e57337a4.json,evaluation,0,0,0,,,,,,,0.0,,
8c1161ef6212f9dc2a88db9e6672c256,e57337a4.json,evaluation,0,0,0,,,,,,,0.0,,
a4c176b7873a3b0f3eaaf2c4a2b9ca81,e57337a4.json,evaluation,0,0,0,,,,,,,0.0,,
bdaa4d89bdb5d351528229f9905146dc,e57337a4.json,evaluation,0,0,0,,,,,,,0.0,,
2d8afa44409bc04fe4c9403f5664c151,e57337a4.json,evaluation,0,0,0,,,,,,,0.0,,
5d2818aab8291cd8023209e5cc4e0f46,e57337a4.json,evaluation,0,0,0,,,,,,,0.0,,
c5dcbaee2832c1a68e48f3f20d5f7d34,e57337a4.json,evaluation,0,0,0,,,,,,,0.0,,
ff5bd65771ed44a5e913545e38c5defc,e57337a4.json,evaluation,0,0,0,,,,,,,0.0,,
0b254893a295ece893cdd8636be52a1d,e5790162.json,evaluation,2,2,17,1.0,0.0,0.5,2.5375,2.0375,0.0,0.1111111111111111,-0.1111111111111111,0.11764705882352941
250546e277f16ce2707da7ed5a9f2218,e5790162.json,evaluation,0,0,0,,,,,,,0.0,,
92653c793e8f14b5deae23d8b8aec922,e5790162.json,evaluation,0,0,0,,,,,,,0.0,,
a31308c93f327e82cbbfc4a8d3ba802b,e5790162.json,evaluation,0,0,0,,,,,,,0.0,,
b2fa2cebf14cfa7827b23aea2f38646b,e5790162.json,evaluation,0,0,0,,,,,,,0.0,,
b994526314c8564332f090495d624993,e5790162.json,evaluation,2,2,17,1.0,0.0,1.5,2.5375,1.0375,1.0,0.1111111111111111,0.8888888888888888,0.11764705882352941
4b9028971c4157c66c5cbc1ed323cdd4,e5790162.json,evaluation,1,1,17,1.0,0.0,1.0,2.5375,1.5375,1.0,0.1111111111111111,0.8888888888888888,0.058823529411764705
2f07d9a1ef1a816d50ac96243e3ee254,e5790162.json,evaluation,1,1,17,1.0,0.0,1.0,2.5375,1.5375,1.0,0.1111111111111111,0.8888888888888888,0.058823529411764705
250546e277f16ce2707da7ed5a9f2218,e5c44e8f.json,evaluation,0,0,0,,,,,,,0.0,,
70bede4f0e30b81edc263f0bf579823c,e5c44e8f.json,evaluation,0,0,0,,,,,,,0.0,,
a31308c93f327e82cbbfc4a8d3ba802b,e5c44e8f.json,evaluation,0,0,0,,,,,,,0.0,,
c5856559bbd16f21173110221a814708,e5c44e8f.json,evaluation,0,0,0,,,,,,,0.0,,
d2760dfd26b324ec50340ef21c20c924,e5c44e8f.json,evaluation,0,0,0,,,,,,,0.0,,
73bef82f79646387aa27d8755d7e6436,e619ca6e.json,evaluation,13,13,102,1.0,0.0,1.5384615384615385,6.1815,4.6430384615384614,1.0,0.1111111111111111,0.8888888888888888,0.12745098039215685
94478ace23ec2bc690c90e3c27f0a966,e619ca6e.json,evaluation,0,0,0,,,,,,,0.0,,
cc0e5bdec0fd37ce84c60c626f664f01,e619ca6e.json,evaluation,0,0,0,,,,,,,0.0,,
dee44429d3c4fc0960895b08e8401f49,e619ca6e.json,evaluation,9,9,102,1.0,0.0,2.3333333333333335,6.1815,3.8481666666666663,1.0,0.1111111111111111,0.8888888888888888,0.08823529411764706
946921a424c8933f4299722716f004cc,e619ca6e.json,evaluation,0,0,0,,,,,,,0.0,,
2f9e6693f652735a1a8a67c1237623bf,e633a9e5.json,evaluation,0,0,0,,,,,,,0.0,,
d6277987a579f8a889804dada819b4a8,e633a9e5.json,evaluation,0,0,0,,,,,,,0.0,,
463c32f02669ea81c4ea2ef7799cc498,e66aafb8.json,evaluation,0,0,0,,,,,,,0.0,,
70d343789ca526b9c3a5cdfa731999cf,e66aafb8.json,evaluation,0,0,0,,,,,,,0.0,,
79a2fe714f7a69290a38a4a4fd6fb006,e66aafb8.json,evaluation,2,2,8,1.0,0.0,0.0,19.657,19.657,1.0,0.5555555555555556,0.4444444444444444,0.25
9f04e30d4edf02532fc444d49e301ad6,e66aafb8.json,evaluation,0,0,0,,,,,,,0.0,,
bdd65906773689981c36e7e04de414d0,e66aafb8.json,evaluation,2,2,8,1.0,0.0,0.5,19.657,19.157,1.0,0.5555555555555556,0.4444444444444444,0.25
dd9faeecf8484584e9cebc4c7a39d0a2,e66aafb8.json,evaluation,0,0,0,,,,,,,0.0,,
e779655873b4a8c753d645d581485da2,e66aafb8.json,evaluation,0,0,0,,,,,,,0.0,,
3ca04e43aa86e5b396ddf834922d23ba,e66aafb8.json,evaluation,2,2,8,1.0,0.0,0.0,19.657,19.657,1.0,0.5555555555555556,0.4444444444444444,0.25
5be2de33fa4e266f2da9f24ddaa717c3,e66aafb8.json,evaluation,0,0,0,,,,,,,0.0,,
2f9e6693f652735a1a8a67c1237623bf,e681b708.json,evaluation,0,0,0,,,,,,,0.0,,
d6277987a579f8a889804dada819b4a8,e681b708.json,evaluation,1,1,35,1.0,0.0,4.0,2.431,-1.569,1.0,0.4444444444444444,0.5555555555555556,0.02857142857142857
f237cf8e00a3a5dbd70bf4b77dbda751,e681b708.json,evaluation,1,1,35,1.0,0.0,1.0,2.431,1.431,1.0,0.4444444444444444,0.5555555555555556,0.02857142857142857
660da56639d6c1adf6d11cb40caa07a2,e69241bd.json,evaluation,1,1,20,1.0,0.0,2.0,1.482,-0.518,0.0,0.3333333333333333,-0.3333333333333333,0.05
7557a7467440120050940a007b81038f,e69241bd.json,evaluation,0,0,0,,,,,,,0.0,,
8e2df76970d28a1639967507988110bc,e69241bd.json,evaluation,2,2,20,1.0,0.0,1.5,1.482,-0.018000000000000016,0.0,0.3333333333333333,-0.3333333333333333,0.1
add6499ca3a0f903351f958350146f0a,e69241bd.json,evaluation,0,0,0,,,,,,,0.0,,
cb3c2c47c2dd726a28331c6b9dafd336,e69241bd.json,evaluation,0,0,0,,,,,,,0.0,,
fc979bb4233b14df365938d309d7208d,e69241bd.json,evaluation,0,0,0,,,,,,,0.0,,
bb1525feb89505067c56998f566ee15f,e6de6e8f.json,evaluation,24,24,50,1.0,0.0,0.0,1.404,1.404,1.0,0.3333333333333333,0.6666666666666667,0.48
550461f653c1c4c65cf40815dd77ec86,e74e1818.json,evaluation,0,0,0,,,,,,,0.0,,
68b7c676b543075b33204ff40ae76985,e74e1818.json,evaluation,0,0,0,,,,,,,0.0,,
7426449648c92ad3972bf2c82e51c530,e74e1818.json,evaluation,28,28,46,1.0,0.0,1.3214285714285714,1.5735,0.2520714285714285,1.0,0.5555555555555556,0.4444444444444444,0.6086956521739131
779e6ee0c568da822cafe17ab1a282a1,e74e1818.json,evaluation,0,0,0,,,,,,,0.0,,
e0869dd63f8f2aa5ee0f3ba740e28e25,e74e1818.json,evaluation,2,2,46,1.0,0.0,0.0,1.5735,1.5735,1.0,0.5555555555555556,0.4444444444444444,0.043478260869565216
03bfaef98653a09ed8aa8e08de334120,e74e1818.json,evaluation,0,0,0,,,,,,,0.0,,
41c0cc594aeffc50a287e810ffcb237d,e74e1818.json,evaluation,0,0,0,,,,,,,0.0,,
ddbb5541fe47fbe6167f4209a2a5a9ec,e74e1818.json,evaluation,8,8,46,1.0,0.0,1.25,1.5735,0.3234999999999999,1.0,0.5555555555555556,0.4444444444444444,0.17391304347826086
903799d209d9b13f9201be9a840268d3,e74e1818.json,evaluation,1,1,46,1.0,0.0,1.0,1.5735,0.5734999999999999,1.0,0.5555555555555556,0.4444444444444444,0.021739130434782608
30a1cd49f79796e1a457b34c70394f97,e760a62e.json,evaluation,1,1,171,1.0,0.0,1.0,3.6165,2.6165,1.0,0.3333333333333333,0.6666666666666667,0.005847953216374269
408e70d8a03a681fdbd8796a5dde3b25,e760a62e.json,evaluation,1,1,171,1.0,0.0,0.0,3.6165,3.6165,1.0,0.3333333333333333,0.6666666666666667,0.005847953216374269
4aec1e1cc96be88b468ef7c7f47786af,e760a62e.json,evaluation,0,0,0,,,,,,,0.0,,
7372c9fb3779ad27feda213a99b4184c,e760a62e.json,evaluation,2,2,171,1.0,0.0,1.0,3.6165,2.6165,1.0,0.3333333333333333,0.6666666666666667,0.011695906432748537
76245f5e1d964880333ffc64f2be1770,e760a62e.json,evaluation,3,3,171,1.0,0.0,0.3333333333333333,3.6165,3.2831666666666663,0.3333333333333333,0.3333333333333333,0.0,0.017543859649122806
a7c1cb7943aef8aad6a9cdf80173a16d,e760a62e.json,evaluation,1,1,171,1.0,0.0,0.0,3.6165,3.6165,1.0,0.3333333333333333,0.6666666666666667,0.005847953216374269
b0b982ac561dc98e1a63662e48e1f5ff,e760a62e.json,evaluation,0,0,0,,,,,,,0.0,,
0821c326ad789ffabce6eb45ecd22aa4,e7639916.json,evaluation,3,3,31,1.0,0.0,1.0,1.7005,0.7004999999999999,0.0,0.1111111111111111,-0.1111111111111111,0.0967741935483871
2e3f013fcdc798f459ca696868ad9eb1,e7639916.json,evaluation,0,0,0,,,,,,,0.0,,
3309d6c919af949ae4527ea208e55254,e7639916.json,evaluation,0,0,0,,,,,,,0.0,,
3d52efd3f82a94cd9df376c9cbef2b39,e7639916.json,evaluation,0,0,0,,,,,,,0.0,,
50fc600408475ca38b1724cb68e1be9e,e7639916.json,evaluation,0,0,0,,,,,,,0.0,,
5d2818aab8291cd8023209e5cc4e0f46,e7639916.json,evaluation,11,11,31,1.0,0.0,2.0,1.7005,-0.2995000000000001,1.0,0.1111111111111111,0.8888888888888888,0.3548387096774194
a69d6d1efd1fd7079e465994acffa413,e7639916.json,evaluation,0,0,0,,,,,,,0.0,,
c5dcbaee2832c1a68e48f3f20d5f7d34,e7639916.json,evaluation,0,0,0,,,,,,,0.0,,
73842201127a7e034e028ca2c7d8b965,e78887d1.json,evaluation,1,1,22,1.0,0.0,0.0,3.0515,3.0515,1.0,0.5555555555555556,0.4444444444444444,0.045454545454545456
1ebb137edfcac323e261df32d71ee0df,e78887d1.json,evaluation,0,0,0,,,,,,,0.0,,
8b1dffdd0231b56ddfd9d737bdf41e19,e78887d1.json,evaluation,2,2,22,1.0,0.0,1.0,3.0515,2.0515,1.0,0.5555555555555556,0.4444444444444444,0.09090909090909091
7cb59d15000bddbae2eb1f359fd26640,e7a25a18.json,evaluation,0,0,0,,,,,,,0.0,,
81864705dbb475e3e228470f91499ae8,e7a25a18.json,evaluation,0,0,0,,,,,,,0.0,,
94f95a28cac78caabddbc27cbf734ab5,e7a25a18.json,evaluation,0,0,0,,,,,,,0.0,,
9871fd1fc5522b70f41c0875f4d4df59,e7a25a18.json,evaluation,0,0,0,,,,,,,0.0,,
abbbf404d6f48dcf9f0b5d92d711cf1d,e7a25a18.json,evaluation,0,0,0,,,,,,,0.0,,
f7cbbfd88558b04419383fcfbd01e94c,e7a25a18.json,evaluation,0,0,0,,,,,,,0.0,,
61ba7e8cd7e435a5d0503af4f2dcae17,e7a25a18.json,evaluation,1,1,90,1.0,0.0,0.0,1.513,1.513,0.0,0.5555555555555556,-0.5555555555555556,0.011111111111111112
c2732bf30d29299b78b11adfad6cb064,e7a25a18.json,evaluation,0,0,0,,,,,,,0.0,,
0a4471d6e778c98d9faf9bcbf0068ea6,e7b06bea.json,evaluation,0,0,0,,,,,,,0.0,,
604903f6e9852a1115ab3017f61e3a98,e7b06bea.json,evaluation,0,0,0,,,,,,,0.0,,
630a34dddd818542f2c64ff99d46ef04,e7b06bea.json,evaluation,0,0,0,,,,,,,0.0,,
f20663db8af6261da77b77cfd092b64c,e7b06bea.json,evaluation,0,0,0,,,,,,,0.0,,
b1a05b5aea1ebd7edd961d77ae8edd68,e7b06bea.json,evaluation,0,0,0,,,,,,,0.0,,
417872c1697437be64b548462d05743d,e7b06bea.json,evaluation,0,0,0,,,,,,,0.0,,
30506bdc79edf4f02178e8b5b76af6f6,e7dd8335.json,evaluation,0,0,0,,,,,,,0.0,,
58a06989137bcae6b261a9d95d064cd3,e7dd8335.json,evaluation,0,0,0,,,,,,,0.0,,
6cdf54813a69b67da14207f230a2aab6,e7dd8335.json,evaluation,4,4,10,1.0,0.0,0.25,2.7585,2.5085,0.25,0.1111111111111111,0.1388888888888889,0.4
a30504425c72f5338fc70bf08c252ffe,e7dd8335.json,evaluation,0,0,0,,,,,,,0.0,,
b1c73d948746d5ebf85e18e23fcdfc3c,e7dd8335.json,evaluation,0,0,0,,,,,,,0.0,,
0db637bfccf629172dcc0166e6511c7a,e872b94a.json,evaluation,0,0,0,,,,,,,0.0,,
4a0123e5ed19ea211635267bfcc515ab,e872b94a.json,evaluation,0,0,0,,,,,,,0.0,,
577285b8882576d182f6925870b2d3a9,e872b94a.json,evaluation,2,0,0,,,,,,,0.0,,
a6dfe1aa95cab81d240b9cf3196ea860,e872b94a.json,evaluation,0,0,0,,,,,,,0.0,,
ec0e37e76c3719bffce29af17c9f4725,e872b94a.json,evaluation,0,0,0,,,,,,,0.0,,
f511c316a739a56f82ae31aea9d0036e,e872b94a.json,evaluation,1,0,0,,,,,,,0.0,,
34ddf2efe9d7e43853d6c177b966a9c1,e872b94a.json,evaluation,0,0,0,,,,,,,0.0,,
74f061a40690a0308e1ce08e88ace6ab,e872b94a.json,evaluation,0,0,0,,,,,,,0.0,,
7dbf55b43fe003944647dece36d0a978,e872b94a.json,evaluation,0,0,0,,,,,,,0.0,,
27d786d805ac2223f38e85853b5165d6,e88171ec.json,evaluation,0,0,0,,,,,,,0.0,,
2bfaf720db54c5ddfe76d9a56ffb65b5,e88171ec.json,evaluation,0,0,0,,,,,,,0.0,,
56368a0d10f32c905825fb30ef6341a0,e88171ec.json,evaluation,0,0,0,,,,,,,0.0,,
59c62d1d890d22befbb5fae46d2ef144,e88171ec.json,evaluation,3,3,12,1.0,0.0,1.0,9.0895,8.0895,1.0,0.1111111111111111,0.8888888888888888,0.25
604903f6e9852a1115ab3017f61e3a98,e88171ec.json,evaluation,10,10,12,1.0,0.0,13.2,9.0895,-4.1105,0.0,0.1111111111111111,-0.1111111111111111,0.8333333333333334
c91deae33e83c5853cfb1a4b1376ce42,e88171ec.json,evaluation,19,19,12,1.0,0.0,5.2631578947368425,9.0895,3.8263421052631568,0.0,0.1111111111111111,-0.1111111111111111,1.5833333333333333
e78dfd565807cefe8e2837ed9ac3631a,e88171ec.json,evaluation,0,0,0,,,,,,,0.0,,
0a4471d6e778c98d9faf9bcbf0068ea6,e88171ec.json,evaluation,0,0,0,,,,,,,0.0,,
c73e3dd0930107d35ba5861921ed746e,e88171ec.json,evaluation,0,0,0,,,,,,,0.0,,
2f168c5350aa8656a307ab6ff4e89714,e95e3d8e.json,evaluation,2,2,46,1.0,0.0,0.0,4.2295,4.2295,0.0,0.4444444444444444,-0.4444444444444444,0.043478260869565216
9b9ad9980557f3ac1615205f66d32c0a,e95e3d8e.json,evaluation,0,0,0,,,,,,,0.0,,
f046ca2be533698a2cf42810b5c60865,e95e3d8e.json,evaluation,1,1,46,1.0,0.0,0.0,4.2295,4.2295,1.0,0.4444444444444444,0.5555555555555556,0.021739130434782608
ffef39dd0d0db4fb0c4b5d1618428c85,e95e3d8e.json,evaluation,2,2,46,1.0,0.0,0.0,4.2295,4.2295,1.0,0.4444444444444444,0.5555555555555556,0.043478260869565216
3bc6d89ec6740f74be3e58972296297b,e99362f0.json,evaluation,3,3,19,1.0,0.0,0.0,3.6575,3.6575,1.0,0.3333333333333333,0.6666666666666667,0.15789473684210525
78f250b802788bb009a6057c3c99efac,e99362f0.json,evaluation,0,0,0,,,,,,,0.0,,
feabce0526bf2d1a7f962980812fe472,e99362f0.json,evaluation,0,0,0,,,,,,,0.0,,
c5856559bbd16f21173110221a814708,e99362f0.json,evaluation,0,0,0,,,,,,,0.0,,
078347e8fab7715faf4ee2a225afa306,e9ac8c9e.json,evaluation,0,0,0,,,,,,,0.0,,
2c07702a74620ce37eb408cadc12f167,e9ac8c9e.json,evaluation,0,0,0,,,,,,,0.0,,
73c1de82f716bda27c501529aa8b30d8,e9ac8c9e.json,evaluation,9,9,68,1.0,0.0,0.0,1.455,1.455,1.0,0.7777777777777778,0.2222222222222222,0.1323529411764706
8a466b27b24602481fcfdaccf443f561,e9ac8c9e.json,evaluation,1,1,68,1.0,0.0,1.0,1.455,0.45500000000000007,1.0,0.7777777777777778,0.2222222222222222,0.014705882352941176
b337b83dfbdae11b21a2dd92c0dbd7e6,e9ac8c9e.json,evaluation,0,0,0,,,,,,,0.0,,
b92c88147f16e81df65ec8ae0113623c,e9ac8c9e.json,evaluation,0,0,0,,,,,,,0.0,,
d7c52f2f24e90fe8b0174a6ff811b868,e9ac8c9e.json,evaluation,5,5,68,1.0,0.0,0.0,1.455,1.455,1.0,0.7777777777777778,0.2222222222222222,0.07352941176470588
e76803f27b99617532fa574a24a8eac8,e9ac8c9e.json,evaluation,0,0,0,,,,,,,0.0,,
bbc5b0a1356bf702baa340ab4f98cc72,e9ac8c9e.json,evaluation,0,0,0,,,,,,,0.0,,
08d7a7367594b77dd5bf5cad5f180cb3,e9b4f6fc.json,evaluation,8,8,29,1.0,0.0,0.0,5.0725,5.0725,1.0,0.4444444444444444,0.5555555555555556,0.27586206896551724
2f168c5350aa8656a307ab6ff4e89714,e9b4f6fc.json,evaluation,0,0,0,,,,,,,0.0,,
f046ca2be533698a2cf42810b5c60865,e9b4f6fc.json,evaluation,0,0,0,,,,,,,0.0,,
8ceced71adf14631d9601d4b748aa793,e9b4f6fc.json,evaluation,0,0,0,,,,,,,0.0,,
ab597aa645c1ea90403ffa54df2b8cb6,e9b4f6fc.json,evaluation,0,0,0,,,,,,,0.0,,
9a033274edc71976b6e7696f7683b4ae,e9bb6954.json,evaluation,1,1,85,1.0,0.0,1.0,1.137,0.137,1.0,0.4444444444444444,0.5555555555555556,0.011764705882352941
e569802c7fdacc3d9062ce40183bd6eb,e9bb6954.json,evaluation,16,16,85,1.0,0.0,0.8125,1.137,0.3245,1.0,0.4444444444444444,0.5555555555555556,0.18823529411764706
08d7a7367594b77dd5bf5cad5f180cb3,e9c9d9a1.json,evaluation,0,0,0,,,,,,,0.0,,
186844c513023d14482ee5c6436378a3,e9c9d9a1.json,evaluation,6,6,74,1.0,0.0,1.1666666666666667,1.3475,0.18083333333333318,1.0,0.5555555555555556,0.4444444444444444,0.08108108108108109
2571cd5a61bc2d73f859cf55bc3b9ecf,e9c9d9a1.json,evaluation,0,0,0,,,,,,,0.0,,
8ceced71adf14631d9601d4b748aa793,e9c9d9a1.json,evaluation,0,0,0,,,,,,,0.0,,
8daddfc90e658f76bd4e5347c912ff6e,e9c9d9a1.json,evaluation,0,0,0,,,,,,,0.0,,
ab597aa645c1ea90403ffa54df2b8cb6,e9c9d9a1.json,evaluation,6,6,74,1.0,0.0,0.6666666666666666,1.3475,0.6808333333333333,0.0,0.5555555555555556,-0.5555555555555556,0.08108108108108109
f3d1a35fae91222c18b6430ecf049def,e9c9d9a1.json,evaluation,2,2,74,1.0,0.0,2.5,1.3475,-1.1525,1.0,0.5555555555555556,0.4444444444444444,0.02702702702702703
46095cd1d852d9aa1280f93124c80956,e9c9d9a1.json,evaluation,0,0,0,,,,,,,0.0,,
196fc741bff204e58a05a2c124df683d,ea959feb.json,evaluation,0,0,0,,,,,,,0.0,,
321b079c2d7b3969f2df7ee96c2a37e1,ea959feb.json,evaluation,15,15,49,1.0,0.0,2.466666666666667,6.463,3.9963333333333333,0.0,0.8888888888888888,-0.8888888888888888,0.30612244897959184
73bef82f79646387aa27d8755d7e6436,ea959feb.json,evaluation,7,7,49,1.0,0.0,0.0,6.463,6.463,1.0,0.8888888888888888,0.11111111111111116,0.14285714285714285
edb03278d652246aa74a5c40cb565499,ea959feb.json,evaluation,0,0,0,,,,,,,0.0,,
14ecf0a18553649a780c0b0e5a0728cb,ea959feb.json,evaluation,0,0,0,,,,,,,0.0,,
1ebb137edfcac323e261df32d71ee0df,ea959feb.json,evaluation,4,4,49,1.0,0.0,4.5,6.463,1.963,0.5,0.8888888888888888,-0.38888888888888884,0.08163265306122448
cc0e5bdec0fd37ce84c60c626f664f01,ea959feb.json,evaluation,0,0,0,,,,,,,0.0,,
9b9ad9980557f3ac1615205f66d32c0a,ea9794b1.json,evaluation,0,0,0,,,,,,,0.0,,
95f395373062c6d5bf2c4eb15b3235f1,ecaa0ec1.json,evaluation,2,2,9,1.0,0.0,2.0,2.9935,0.9935,1.0,0.4444444444444444,0.5555555555555556,0.2222222222222222
dc0016539e9f8cd7a2c30469201902d6,ecaa0ec1.json,evaluation,0,0,0,,,,,,,0.0,,
da02b3025c731f9d30c1e711037fbfea,ecaa0ec1.json,evaluation,0,0,0,,,,,,,0.0,,
29e1dedb43ad72cdf251c740bf2779ad,ed74f2f2.json,evaluation,0,0,0,,,,,,,0.0,,
34ddf2efe9d7e43853d6c177b966a9c1,ed74f2f2.json,evaluation,0,0,0,,,,,,,0.0,,
0fb275b2f8094b9341ebe667acac3487,ed74f2f2.json,evaluation,0,0,0,,,,,,,0.0,,
a6dfe1aa95cab81d240b9cf3196ea860,ed74f2f2.json,evaluation,0,0,0,,,,,,,0.0,,
ec0e37e76c3719bffce29af17c9f4725,ed74f2f2.json,evaluation,0,0,0,,,,,,,0.0,,
e4892f6b64f5142725b213bd7d751331,ed74f2f2.json,evaluation,1,0,7,,,,3.1945,,,0.1111111111111111,,0.14285714285714285
8e2df76970d28a1639967507988110bc,ed98d772.json,evaluation,0,0,0,,,,,,,0.0,,
fc979bb4233b14df365938d309d7208d,ed98d772.json,evaluation,2,2,27,1.0,0.0,0.5,0.3625,-0.1375,1.0,0.2222222222222222,0.7777777777777778,0.07407407407407407
5076ff543b4464a5e74e88885f25235d,ed98d772.json,evaluation,0,0,0,,,,,,,0.0,,
005854090a9bf2c760be2d602774602d,ef26cbf6.json,evaluation,0,0,0,,,,,,,0.0,,
67a9f17123da3969dea05bd0419231b6,ef26cbf6.json,evaluation,0,0,0,,,,,,,0.0,,
6d5c3dab01665f0cb13b16964f8d794c,ef26cbf6.json,evaluation,0,0,0,,,,,,,0.0,,
b069bab927600ce6bbbf1a934ce82f28,ef26cbf6.json,evaluation,0,0,0,,,,,,,0.0,,
ee67360c387825a516bd0dfd39034357,ef26cbf6.json,evaluation,0,0,0,,,,,,,0.0,,
f2fca764f326126e43d487d609c4a98c,ef26cbf6.json,evaluation,0,0,0,,,,,,,0.0,,
28dfd3dab1bd5825869467245a1af7a8,f0afb749.json,evaluation,0,0,0,,,,,,,0.0,,
2e3f013fcdc798f459ca696868ad9eb1,f0afb749.json,evaluation,0,0,0,,,,,,,0.0,,
3ad0a325f5430748c1bfbf2b551b9aa2,f0afb749.json,evaluation,0,0,0,,,,,,,0.0,,
5992352091a73ed1609c1384013e40ef,f0afb749.json,evaluation,2,0,31,,,,0.13,,,0.3333333333333333,,0.06451612903225806
8c1161ef6212f9dc2a88db9e6672c256,f0afb749.json,evaluation,2,2,31,1.0,0.0,0.0,0.13,0.13,0.0,0.3333333333333333,-0.3333333333333333,0.06451612903225806
c069ed6e828dd77713eacec70e5725b6,f0afb749.json,evaluation,0,0,0,,,,,,,0.0,,
d1daca11b6eaa1b7ec7a5cd565805380,f0afb749.json,evaluation,1,1,31,1.0,0.0,1.0,0.13,-0.87,1.0,0.3333333333333333,0.6666666666666667,0.03225806451612903
2d8afa44409bc04fe4c9403f5664c151,f0afb749.json,evaluation,1,1,31,1.0,0.0,0.0,0.13,0.13,1.0,0.3333333333333333,0.6666666666666667,0.03225806451612903
59a019cb070255a39508d699e49e631e,f0afb749.json,evaluation,0,0,0,,,,,,,0.0,,
bdaa4d89bdb5d351528229f9905146dc,f0afb749.json,evaluation,0,0,0,,,,,,,0.0,,
ff5bd65771ed44a5e913545e38c5defc,f0afb749.json,evaluation,0,0,0,,,,,,,0.0,,
1f704e337187235fa4f4eef56634a0a1,f0df5ff0.json,evaluation,0,0,0,,,,,,,0.0,,
21ebd3afcbebcc95cd4233a6b672cce7,f0df5ff0.json,evaluation,0,0,0,,,,,,,0.0,,
2c07702a74620ce37eb408cadc12f167,f0df5ff0.json,evaluation,1,0,44,,,,1.598,,,0.1111111111111111,,0.022727272727272728
4362a7cbd0376a8c858d07e8c4457456,f0df5ff0.json,evaluation,0,0,0,,,,,,,0.0,,
8a466b27b24602481fcfdaccf443f561,f0df5ff0.json,evaluation,3,3,44,1.0,0.0,1.3333333333333333,1.598,0.2646666666666668,1.0,0.1111111111111111,0.8888888888888888,0.06818181818181818
99f2f93c1f7aa77d00a155d3d36799fe,f0df5ff0.json,evaluation,0,0,0,,,,,,,0.0,,
e2e513d9cc96d6429995ecd72d63061c,f0df5ff0.json,evaluation,0,0,0,,,,,,,0.0,,
17d6ce7949b7bef3d02e19b0d67d5827,f21745ec.json,evaluation,9,9,92,1.0,0.0,3.111111111111111,2.135,-0.9761111111111114,1.0,0.3333333333333333,0.6666666666666667,0.09782608695652174
1c3b14b74af8df037eda2ba23cf3dfb6,f21745ec.json,evaluation,2,2,92,1.0,0.0,1.0,2.135,1.1349999999999998,1.0,0.3333333333333333,0.6666666666666667,0.021739130434782608
505088cc9bd01f04a622712d10467f48,f21745ec.json,evaluation,25,25,92,1.0,0.0,1.36,2.135,0.7749999999999997,0.0,0.3333333333333333,-0.3333333333333333,0.2717391304347826
570cba532735f71795a0aadd37e0dd7e,f21745ec.json,evaluation,0,0,0,,,,,,,0.0,,
63470ed6419befb599f4f4973103e2f2,f21745ec.json,evaluation,3,3,92,1.0,0.0,4.0,2.135,-1.8650000000000002,0.3333333333333333,0.3333333333333333,0.0,0.03260869565217391
73842201127a7e034e028ca2c7d8b965,f21745ec.json,evaluation,0,0,0,,,,,,,0.0,,
7ed9ec4ca6d7e3c4e2289d79a830eed3,f21745ec.json,evaluation,15,15,92,1.0,0.0,1.0666666666666667,2.135,1.0683333333333331,1.0,0.3333333333333333,0.6666666666666667,0.16304347826086957
9950a67df971bd358d0f96566b26770c,f21745ec.json,evaluation,0,0,0,,,,,,,0.0,,
b46586d0f2876a45c17bc91204667b2b,f21745ec.json,evaluation,2,2,92,1.0,0.0,2.5,2.135,-0.3650000000000002,0.5,0.3333333333333333,0.16666666666666669,0.021739130434782608
b069bab927600ce6bbbf1a934ce82f28,f3b10344.json,evaluation,1,1,63,1.0,0.0,1.0,4.388,3.388,1.0,0.1111111111111111,0.8888888888888888,0.015873015873015872
c72eb8222a844e20a265e5f21efba37d,f3b10344.json,evaluation,0,0,0,,,,,,,0.0,,
005854090a9bf2c760be2d602774602d,f3cdc58f.json,evaluation,1,1,46,1.0,0.0,0.0,0.725,0.725,1.0,0.5555555555555556,0.4444444444444444,0.021739130434782608
6d5c3dab01665f0cb13b16964f8d794c,f3cdc58f.json,evaluation,0,0,0,,,,,,,0.0,,
a96e59284dc0f9b89d10befaabab0731,f3cdc58f.json,evaluation,0,0,0,,,,,,,0.0,,
d15cbcaea4b58192c05900af1049fe87,f3cdc58f.json,evaluation,0,0,0,,,,,,,0.0,,
d21e5568ac340f74febf26db99399512,f3cdc58f.json,evaluation,0,0,0,,,,,,,0.0,,
ee67360c387825a516bd0dfd39034357,f3cdc58f.json,evaluation,5,5,46,1.0,0.0,0.2,0.725,0.5249999999999999,1.0,0.5555555555555556,0.4444444444444444,0.10869565217391304
f2fca764f326126e43d487d609c4a98c,f3cdc58f.json,evaluation,1,1,46,1.0,0.0,0.0,0.725,0.725,1.0,0.5555555555555556,0.4444444444444444,0.021739130434782608
0821c326ad789ffabce6eb45ecd22aa4,f3e62deb.json,evaluation,4,4,16,1.0,0.0,1.0,2.6025,1.6025,1.0,0.2222222222222222,0.7777777777777778,0.25
18f35521908dc1b26cc91dec55f516b8,f3e62deb.json,evaluation,2,2,16,1.0,0.0,1.0,2.6025,1.6025,1.0,0.2222222222222222,0.7777777777777778,0.125
3309d6c919af949ae4527ea208e55254,f3e62deb.json,evaluation,0,0,0,,,,,,,0.0,,
a69d6d1efd1fd7079e465994acffa413,f3e62deb.json,evaluation,0,0,0,,,,,,,0.0,,
60046161699987d207f40e92575d8738,f3e62deb.json,evaluation,0,0,0,,,,,,,0.0,,
04164d933be281d11a3031df607bbb8d,f4081712.json,evaluation,2,2,24,1.0,0.0,0.0,16.2615,16.2615,1.0,0.5555555555555556,0.4444444444444444,0.08333333333333333
21ebd3afcbebcc95cd4233a6b672cce7,f4081712.json,evaluation,11,11,24,1.0,0.0,0.0,16.2615,16.2615,0.8181818181818182,0.5555555555555556,0.26262626262626265,0.4583333333333333
9165e3cce394795ff2fba346a28d63f0,f4081712.json,evaluation,2,2,24,1.0,0.0,0.0,16.2615,16.2615,1.0,0.5555555555555556,0.4444444444444444,0.08333333333333333
b299b6d6e44e2a78994686d5fd1986ec,f4081712.json,evaluation,0,0,0,,,,,,,0.0,,
be6a78c8207edf9746ce9b0b105743ee,f4081712.json,evaluation,0,0,0,,,,,,,0.0,,
f8bd63c74cf0dc6f371ab972c0e425a4,f4081712.json,evaluation,14,14,24,1.0,0.0,0.0,16.2615,16.2615,1.0,0.5555555555555556,0.4444444444444444,0.5833333333333334
fa6841f92f1803eb9ce6045e0eedf4e1,f4081712.json,evaluation,4,4,24,1.0,0.0,0.0,16.2615,16.2615,1.0,0.5555555555555556,0.4444444444444444,0.16666666666666666
1c45a8fbf105bdc045d3211c52dfc366,f4081712.json,evaluation,0,0,0,,,,,,,0.0,,
463c32f02669ea81c4ea2ef7799cc498,f45f5ca7.json,evaluation,1,1,16,1.0,0.0,1.0,2.5175,1.5175,1.0,0.5555555555555556,0.4444444444444444,0.0625
5be2de33fa4e266f2da9f24ddaa717c3,f45f5ca7.json,evaluation,0,0,0,,,,,,,0.0,,
6f56a4b8b2038318a5bdfe2e306fe5c6,f45f5ca7.json,evaluation,0,0,0,,,,,,,0.0,,
79a2fe714f7a69290a38a4a4fd6fb006,f45f5ca7.json,evaluation,1,1,16,1.0,0.0,0.0,2.5175,2.5175,1.0,0.5555555555555556,0.4444444444444444,0.0625
9f04e30d4edf02532fc444d49e301ad6,f45f5ca7.json,evaluation,0,0,0,,,,,,,0.0,,
bdd65906773689981c36e7e04de414d0,f45f5ca7.json,evaluation,0,0,0,,,,,,,0.0,,
dd9faeecf8484584e9cebc4c7a39d0a2,f45f5ca7.json,evaluation,0,0,0,,,,,,,0.0,,
eb0e3460043d2e0b0dcdc2035b5cec67,f45f5ca7.json,evaluation,0,0,0,,,,,,,0.0,,
70d343789ca526b9c3a5cdfa731999cf,f45f5ca7.json,evaluation,0,0,0,,,,,,,0.0,,
bf167e6414bc6611aea2f6097b1e076a,f45f5ca7.json,evaluation,0,0,0,,,,,,,0.0,,
e779655873b4a8c753d645d581485da2,f45f5ca7.json,evaluation,1,1,16,1.0,0.0,1.0,2.5175,1.5175,1.0,0.5555555555555556,0.4444444444444444,0.0625
3ca04e43aa86e5b396ddf834922d23ba,f45f5ca7.json,evaluation,1,1,16,1.0,0.0,0.0,2.5175,2.5175,0.0,0.5555555555555556,-0.5555555555555556,0.0625
07a533a48f36b4553b23b2bf7ba1ff5b,f5aa3634.json,evaluation,0,0,0,,,,,,,0.0,,
09e70c7c303109bb3ff791b719691196,f5aa3634.json,evaluation,0,0,0,,,,,,,0.0,,
4e8e8c24ddd302468d2dd8356dfb057f,f5aa3634.json,evaluation,0,0,0,,,,,,,0.0,,
7426449648c92ad3972bf2c82e51c530,f5aa3634.json,evaluation,2,0,8,,,,10.4355,,,0.3333333333333333,,0.25
db42f55edd1506194541fdfdecc42022,f5aa3634.json,evaluation,0,0,0,,,,,,,0.0,,
e0869dd63f8f2aa5ee0f3ba740e28e25,f5aa3634.json,evaluation,0,0,0,,,,,,,0.0,,
fceab3c5c488920b73c056c607039100,f5aa3634.json,evaluation,0,0,0,,,,,,,0.0,,
68b7c676b543075b33204ff40ae76985,f5aa3634.json,evaluation,10,7,8,1.0,0.0,0.0,10.4355,10.4355,0.0,0.3333333333333333,-0.3333333333333333,1.25
779e6ee0c568da822cafe17ab1a282a1,f5aa3634.json,evaluation,0,0,0,,,,,,,0.0,,
903799d209d9b13f9201be9a840268d3,f5aa3634.json,evaluation,0,0,0,,,,,,,0.0,,
aacf117c81834a690b3134ebb71c3f0c,f5c89df1.json,evaluation,0,0,0,,,,,,,0.0,,
abba78303c7806354b26398ac9d6a11b,f5c89df1.json,evaluation,1,1,30,1.0,0.0,0.0,3.484,3.484,1.0,0.2222222222222222,0.7777777777777778,0.03333333333333333
f77f4979d4ea8dab6ae57292c0062034,f5c89df1.json,evaluation,0,0,0,,,,,,,0.0,,
384822dc16e28ea38dea53fd992f6f17,f823c43c.json,evaluation,3,3,61,1.0,0.0,1.6666666666666667,1.1035,-0.5631666666666668,1.0,0.2222222222222222,0.7777777777777778,0.04918032786885246
642257002697dc4107e9c743af831722,f823c43c.json,evaluation,0,0,0,,,,,,,0.0,,
7cdd9795e41b26aa463e746e59eee005,f823c43c.json,evaluation,12,12,61,1.0,0.0,0.75,1.1035,0.3534999999999999,1.0,0.2222222222222222,0.7777777777777778,0.19672131147540983
b9038fbf53e1925bee0bc00b49663527,f823c43c.json,evaluation,94,94,61,1.0,0.0,0.5531914893617021,1.1035,0.5503085106382978,0.9893617021276596,0.2222222222222222,0.7671394799054374,1.540983606557377
b98d688d56c48105d76892212df9fa93,f823c43c.json,evaluation,24,24,61,1.0,0.0,0.041666666666666664,1.1035,1.0618333333333332,1.0,0.2222222222222222,0.7777777777777778,0.39344262295081966
e2de7b05ed553c5462622523721ef0fc,f823c43c.json,evaluation,71,71,61,1.0,0.0,0.7605633802816901,1.1035,0.3429366197183098,0.9859154929577465,0.2222222222222222,0.7636932707355243,1.1639344262295082
0091198689f23fa8719bcf996801e8c7,f83cb3f6.json,evaluation,0,0,0,,,,,,,0.0,,
28dfd3dab1bd5825869467245a1af7a8,f83cb3f6.json,evaluation,0,0,0,,,,,,,0.0,,
2d8afa44409bc04fe4c9403f5664c151,f83cb3f6.json,evaluation,0,0,0,,,,,,,0.0,,
380bd021569d18cafd3f17596d9075a4,f83cb3f6.json,evaluation,0,0,0,,,,,,,0.0,,
aedcbd53ab247055bd4056f427b20f8e,f83cb3f6.json,evaluation,0,0,0,,,,,,,0.0,,
c88e554adf9bf61b60c55255e96e6dd3,f83cb3f6.json,evaluation,0,0,0,,,,,,,0.0,,
d1daca11b6eaa1b7ec7a5cd565805380,f83cb3f6.json,evaluation,1,1,20,1.0,0.0,1.0,1.5975,0.5974999999999999,0.0,0.2222222222222222,-0.2222222222222222,0.05
ff5bd65771ed44a5e913545e38c5defc,f83cb3f6.json,evaluation,0,0,0,,,,,,,0.0,,
b2950e829680cf0fef53daa28bed98bf,f83cb3f6.json,evaluation,0,0,0,,,,,,,0.0,,
c069ed6e828dd77713eacec70e5725b6,f83cb3f6.json,evaluation,0,0,0,,,,,,,0.0,,
58a06989137bcae6b261a9d95d064cd3,f8be4b64.json,evaluation,21,21,94,1.0,0.0,0.6190476190476191,1.165,0.545952380952381,1.0,0.4444444444444444,0.5555555555555556,0.22340425531914893
996647c2a8d40c357fecec3ef398ad12,f8be4b64.json,evaluation,26,26,94,1.0,0.0,1.1153846153846154,1.165,0.04961538461538462,1.0,0.4444444444444444,0.5555555555555556,0.2765957446808511
b1c73d948746d5ebf85e18e23fcdfc3c,f8be4b64.json,evaluation,7,7,94,1.0,0.0,1.0,1.165,0.16500000000000004,0.8571428571428571,0.4444444444444444,0.4126984126984127,0.07446808510638298
9f390b8dad3cf9fc6e0e7ca2a17cb330,f8be4b64.json,evaluation,0,0,0,,,,,,,0.0,,
7cdd9795e41b26aa463e746e59eee005,f9a67cb5.json,evaluation,2,2,58,1.0,0.0,0.5,1.16,0.6599999999999999,0.5,0.1111111111111111,0.3888888888888889,0.034482758620689655
a5d9bf4705fddd20d814c3209fb3c95d,f9d67f8b.json,evaluation,12,12,107,1.0,0.0,0.0,6.716,6.716,1.0,0.8888888888888888,0.11111111111111116,0.11214953271028037
d4fee4528893c8df4c42f0e2ff164c1a,f9d67f8b.json,evaluation,15,15,107,1.0,0.0,0.0,6.716,6.716,1.0,0.8888888888888888,0.11111111111111116,0.14018691588785046
2f79765d9cf43d6b1b18abc0e8521f50,fafd9572.json,evaluation,0,0,0,,,,,,,0.0,,
4c0adbffd3b98cc32507fca7be6d0d22,fafd9572.json,evaluation,0,0,0,,,,,,,0.0,,
6af8286092e403092e45598fa112ad71,fafd9572.json,evaluation,0,0,0,,,,,,,0.0,,
70b04a8383a4189b7135fc1d98a0dda0,fafd9572.json,evaluation,1,1,36,1.0,0.0,1.0,1.786,0.786,1.0,0.4444444444444444,0.5555555555555556,0.027777777777777776
9978d541fbaeb7256c00c2f1b05eb59a,fafd9572.json,evaluation,0,0,0,,,,,,,0.0,,
e10ed4f8ff16934a275c3b058dcafc67,fafd9572.json,evaluation,9,8,36,1.0,0.0,1.0,1.786,0.786,0.875,0.4444444444444444,0.4305555555555556,0.25
e457cc11e5aaabdbb430094dcd66d758,fafd9572.json,evaluation,0,0,0,,,,,,,0.0,,
f0521fc86aacef95f64cc43da08bccac,fafd9572.json,evaluation,0,0,0,,,,,,,0.0,,
f9eb47fca19ae78a88df6da565d18061,fafd9572.json,evaluation,33,33,36,1.0,0.0,1.4848484848484849,1.786,0.30115151515151517,0.8181818181818182,0.4444444444444444,0.3737373737373738,0.9166666666666666
ca5d82dcdc45c6e0134479980aa99bd7,fafd9572.json,evaluation,2,2,36,1.0,0.0,0.5,1.786,1.286,0.5,0.4444444444444444,0.05555555555555558,0.05555555555555555
c27eefa832c63c90188b5feb8b450674,fafd9572.json,evaluation,2,2,36,1.0,0.0,5.0,1.786,-3.214,0.0,0.4444444444444444,-0.4444444444444444,0.05555555555555555
2f6c9537a0edbb4345c913ed613f862a,fb791726.json,evaluation,0,0,0,,,,,,,0.0,,
c85429023ceb308d50ccad3b9dbdc8ee,fb791726.json,evaluation,6,4,52,1.0,0.0,0.0,0.178,0.178,1.0,0.3333333333333333,0.6666666666666667,0.11538461538461539
eff6fb3710e6159fa50760416db05c49,fb791726.json,evaluation,0,0,0,,,,,,,0.0,,
f750fd81cb7ef2e061d0d7a92ab29f86,fb791726.json,evaluation,0,0,0,,,,,,,0.0,,
a298b60a185605105b223c1b5fe11f6b,fb791726.json,evaluation,0,0,0,,,,,,,0.0,,
ebab84c6669aef5fa8cae0f12cbe7772,fb791726.json,evaluation,3,3,52,1.0,0.0,0.0,0.178,0.178,1.0,0.3333333333333333,0.6666666666666667,0.057692307692307696
741961b6973486e602c62c5c9dd6423e,fb791726.json,evaluation,0,0,0,,,,,,,0.0,,
4c941893b4d29b78532bba9e472fe3f7,fc754716.json,evaluation,0,0,0,,,,,,,0.0,,
5762abd9c9b98a505e01b1677e1412d6,fc754716.json,evaluation,0,0,0,,,,,,,0.0,,
f43897c74dfcb9395d7a1b4a33afd293,fc754716.json,evaluation,0,0,0,,,,,,,0.0,,
fb4217aad87b61bb555c382e4ab7af81,fc754716.json,evaluation,0,0,0,,,,,,,0.0,,
ff1070a18395ae11bf95c9aff9290279,fc754716.json,evaluation,0,0,0,,,,,,,0.0,,
0db4ea1316febb74b9f2778b5d444961,fd096ab6.json,evaluation,2,2,27,1.0,0.0,0.5,4.498,3.998,1.0,0.7777777777777778,0.2222222222222222,0.07407407407407407
584d3aef89ffda3b36192a0990504ffb,fd096ab6.json,evaluation,1,1,27,1.0,0.0,2.0,4.498,2.498,1.0,0.7777777777777778,0.2222222222222222,0.037037037037037035
62380334d494efe82f5413866876a339,fd096ab6.json,evaluation,0,0,0,,,,,,,0.0,,
65c4b60819b8e9749f903196cdfbb3bf,fd096ab6.json,evaluation,3,3,27,1.0,0.0,3.3333333333333335,4.498,1.1646666666666667,1.0,0.7777777777777778,0.2222222222222222,0.1111111111111111
a3dc20c67e1b1467bc47995a784ba5b2,fd096ab6.json,evaluation,2,2,27,1.0,0.0,1.5,4.498,2.998,0.5,0.7777777777777778,-0.2777777777777778,0.07407407407407407
bc246d049fa464eafe254f0c66114abe,fd096ab6.json,evaluation,0,0,0,,,,,,,0.0,,
3fc7b814b683d94babc304f6a648091e,fd4b2b02.json,evaluation,0,0,0,,,,,,,0.0,,
ec1f56d6b8cd36a50c4c3c7534d5cb15,fd4b2b02.json,evaluation,0,0,0,,,,,,,0.0,,
0bb5475a79320bc7f2d18bcb533e5a9a,fd4b2b02.json,evaluation,2,2,32,1.0,0.0,1.5,2.642,1.142,1.0,0.2222222222222222,0.7777777777777778,0.0625
23d102b56921182b4221066a6b64684a,fe9372f3.json,evaluation,24,24,73,1.0,0.0,0.25,2.2835,2.0335,0.7916666666666666,0.3333333333333333,0.4583333333333333,0.3287671232876712
4ffe51f9700541018b71cbbbb0e80a97,fe9372f3.json,evaluation,0,0,0,,,,,,,0.0,,
6d59aa4fc7c2e2d43445efbb8ce32e89,fe9372f3.json,evaluation,6,6,73,1.0,0.0,0.8333333333333334,2.2835,1.4501666666666666,1.0,0.3333333333333333,0.6666666666666667,0.0821917808219178
b04640fdc8f11340e6bd6be7633e56e9,fe9372f3.json,evaluation,1,1,73,1.0,0.0,3.0,2.2835,-0.7164999999999999,1.0,0.3333333333333333,0.6666666666666667,0.0136986301369863
e4074176823324829af0a000ac5cfa63,fe9372f3.json,evaluation,8,8,73,1.0,0.0,0.25,2.2835,2.0335,1.0,0.3333333333333333,0.6666666666666667,0.1095890410958904
e4aecc3f8a939a57b9b7697ce4875edf,fe9372f3.json,evaluation,0,0,0,,,,,,,0.0,,
f352a608948d733b8c770751e445eea4,fe9372f3.json,evaluation,6,6,73,1.0,0.0,0.5,2.2835,1.7835,0.16666666666666666,0.3333333333333333,-0.16666666666666666,0.0821917808219178
fc979bb4233b14df365938d309d7208d,fea12743.json,evaluation,1,1,24,1.0,0.0,1.0,2.6355,1.6355,0.0,0.2222222222222222,-0.2222222222222222,0.041666666666666664
220b6df09c1946d97c745853a58fef5a,ff72ca3e.json,evaluation,1,1,192,1.0,0.0,1.0,2.443,1.443,0.0,0.1111111111111111,-0.1111111111111111,0.005208333333333333
aedcbd53ab247055bd4056f427b20f8e,ff72ca3e.json,evaluation,2,2,192,1.0,0.0,1.0,2.443,1.443,1.0,0.1111111111111111,0.8888888888888888,0.010416666666666666
edb03278d652246aa74a5c40cb565499,ff72ca3e.json,evaluation,0,0,0,,,,,,,0.0,,
f2779ef16608a0d77f72c514e33615a9,ff72ca3e.json,evaluation,1,1,192,1.0,0.0,1.0,2.443,1.443,1.0,0.1111111111111111,0.8888888888888888,0.005208333333333333
c88e554adf9bf61b60c55255e96e6dd3,ff72ca3e.json,evaluation,0,0,0,,,,,,,0.0,,
